id,category,name,desc,alias,waste,kcal,kcal_adj,water,protein,fat,satfat,carb,fiber,sugar,sodium,vitA,vitC,potassium,calcium,magnesium,iron,zinc
A0100101,穀物類,大麥仁,"樣品狀態:生,已去殼; 前處理描述:混合均勻磨碎","小薏仁,洋薏仁,珍珠薏仁",0.0,364.6228,346.6895,11.6693,8.5578,1.5935,0.4673,77.1418,8.4591,0.425,12.6115,0.8079,0.1827,249.1658,25.88,54.4337,1.7745,1.228
A0110101,穀物類,大麥片,樣品狀態:生; 前處理描述:混合均勻打碎,,,364.6155,351.8982,12.09,8.636,1.79,0.4558,76.6666,5.9987,,7.185,,0.1826,245.965,12.665,55.185,2.245,0.826
A0120101,穀物類,大麥仁粉,樣品狀態:烘烤過; 前處理描述:混合均勻,"小薏仁粉,洋薏仁粉,珍珠薏仁粉",,388.8475,373.5733,5.733,7.118,1.3142,0.3678,84.9554,7.2048,0.0,9.83,,0.229,307.271,25.2358,49.8125,1.145,1.333
A0200101,穀物類,小米,"樣品狀態:生,已去殼; 前處理描述:混合均勻磨碎",,,370.1938,365.4819,12.26,11.3135,3.655,0.4416,71.6907,2.2226,,1.0,,0.3249,201.92,4.795,107.75,2.89,2.2825
A0200201,穀物類,糯小米,樣品狀態:生; 前處理描述:混合均勻磨碎,,,360.1972,357.167,12.864,12.465,1.5164,0.2565,72.5162,1.4293,0.0,1.206,,0.1932,142.4715,8.598,47.8325,2.2355,2.0345
A0300101,穀物類,小麥,"樣品狀態:生,已去殼; 前處理描述:混合均勻磨碎",,,361.6418,337.7443,12.63,14.118,2.565,0.4667,69.1678,11.2724,,1.37,,0.2655,364.35,18.875,137.285,3.39,2.998
A0310101,穀物類,小麥胚芽,樣品狀態:生; 前處理描述:混合均勻打碎,,,417.0033,395.8457,4.23,31.362,11.585,1.7347,47.9154,9.98,,3.115,,1.4018,986.125,44.98,333.04,6.005,14.946
A0320101,穀物類,去筋麵粉,前處理描述:混合均勻,澄粉,,354.9493,353.9987,13.643,0.181,0.1165,0.0,85.7443,0.4484,0.0,28.606,,0.023,9.027,6.5847,2.3713,0.0,0.0
A0320202,穀物類,低筋麵粉,前處理描述:混合均勻,,,363.6075,359.4091,12.045,8.0855,1.175,0.2458,78.1938,1.9804,,1.43,,0.0746,147.535,12.38,26.44,1.19,0.599
A0320301,穀物類,中筋麵粉,前處理描述:混合均勻,,,361.0283,357.1774,12.635,11.4535,1.31,0.2763,74.0972,1.8165,,3.65,,0.0818,124.835,11.67,28.77,0.915,0.6825
A0320404,穀物類,高筋麵粉,前處理描述:混合均勻,,,361.5771,357.5894,12.25,12.945,1.19,0.2538,73.0587,1.881,,0.8,,0.0745,107.835,11.195,33.455,1.165,0.8525
A0320405,穀物類,高筋麵粉(2021年取樣),前處理描述:混合均勻,強力粉,0.0,362.2052,356.9877,12.34,13.805,1.2755,0.4902,72.2213,2.4611,0.333,0.98,0.398,0.0,97.78,14.225,30.11,0.9,0.98
A0320505,穀物類,全麥麵粉,"前處理描述:混合均勻(高筋麵粉,麩皮等)",,,359.2716,342.2919,12.736,12.968,1.706,0.3209,71.429,8.0093,0.3445,1.6383,,0.2427,276.5703,22.712,96.5543,3.3687,2.3437
A0320601,穀物類,雜糧中筋麵粉,"前處理描述:混合均勻(中筋麵粉,全麥麵粉,裸麥,小黑麥,燕麥,玉米,大豆,糙米,小米,亞麻籽等)",,,360.9425,349.5735,11.652,13.113,2.2865,0.6377,71.978,5.6845,0.835,1.906,,0.083,207.31,23.678,52.348,1.769,1.666
A0320702,穀物類,雜糧高筋麵粉,"前處理描述:混合均勻(高筋麵粉,麩皮,葵花籽,燕麥,玉米,大麥,米粉,小米,亞麻籽,蕎麥,香菜籽等)",,,360.2967,349.6557,12.421,14.288,2.7543,0.7869,69.589,5.3205,1.054,2.3,,0.121,218.074,23.947,64.502,1.87,1.695
A0400101,穀物類,白玉米,"樣品狀態:生; 前處理描述:取玉米粒,混合均均打碎",,,65.8248,57.9808,83.8,3.4,0.64,,11.45,3.7,,5.0,,0.078,200.0,5.0,30.0,0.6,0.7
A0400201,穀物類,紫玉米,"樣品狀態:生; 前處理描述:取玉米粒,混合均勻打碎",,47.2,167.894,157.4456,59.444,4.461,1.032,0.286,34.4208,4.9285,,0.9235,,0.34,252.8611,5.3667,10.1837,0.9722,1.0202
A0400301,穀物類,甜玉米,"樣品狀態:生; 前處理描述:取玉米粒,混合均勻打碎","玉米,黃玉米",38.7,106.9033,96.9226,75.7316,3.25,2.4772,0.7305,17.8305,4.7079,6.954,1.8639,,0.2025,268.7839,3.2496,33.6983,0.5378,0.6334
A0400401,穀物類,雙色水果玉米,"樣品狀態:生(黃白雙色品種); 前處理描述:取玉米粒,混合均勻打碎","玉米,黃玉米",39.1,105.403,96.8607,76.243,3.104,2.5503,0.7307,17.4564,4.0294,7.795,0.212,,0.44,238.702,2.598,32.906,0.697,0.733
A0400501,穀物類,糯玉米,"樣品狀態:生,每根均混有紫皮與黃皮(已去部分外葉); 前處理描述:取玉米粒混合均勻打碎",,32.2,172.1804,164.7881,59.066,4.727,1.898,0.5357,33.4494,3.4869,1.0849,1.17,,0.276,272.717,6.035,49.521,0.867,0.773
A0400601,穀物類,冷凍玉米粒,樣品狀態:冷凍製品; 前處理描述:混合均勻打碎,,,173.5786,167.0066,65.6,3.1,8.2,,22.53,3.1,,8.0,,0.0364,210.0,3.0,24.0,0.58,0.48
A0410101,穀物類,乾玉米粒,樣品狀態:乾貨; 前處理描述:混合均勻磨碎,,,373.0182,345.8602,11.9235,10.8765,3.9421,0.6193,72.2077,12.8104,0.504,0.744,,0.7046,258.931,6.4135,125.6065,2.4275,2.6335
A0410201,穀物類,玉米胚芽,樣品狀態:生; 前處理描述:混合均勻打碎,"玉米仁,珍珠米",,365.8851,353.8919,11.48,7.035,0.8954,0.1276,80.3116,5.6572,0.0,1.3895,,0.1852,93.834,2.679,17.0766,0.759,0.4805
A0420101,穀物類,玉米粉,前處理描述:混合均勻,,,368.578,368.176,10.87,0.323,0.4163,0.0752,88.3084,0.1896,0.0,13.778,,0.0215,4.272,2.4444,3.2564,0.2435,0.031
A05001,穀物類,秈米平均值,樣品狀態:生; 前處理描述:混合均勻磨碎,"在來米,長米",,356.5641,355.3957,13.4388,7.823,0.8554,0.3541,77.3827,0.5512,0.0,1.8395,,0.032,99.3163,4.8678,29.332,0.2638,1.3153
A0500101,穀物類,秈米(台中在來2號),"樣品狀態:生,白秈米; 前處理描述:混合均勻磨碎","在來米,長米",,354.788,353.728,13.9,8.2,1.0,,76.3,0.5,,2.0,,0.019,114.0,5.0,40.0,0.3,1.3
A0500102,穀物類,秈米(台中秈10號),"樣品狀態:生,白秈米; 前處理描述:混合均勻磨碎","在來米,長米",,358.3403,357.0634,12.9775,7.446,0.7108,0.2943,78.4653,0.6023,0.0,1.679,,0.045,84.6325,4.7355,18.664,0.2275,1.3305
A0500103,穀物類,秈米(台中秈10號)(2024年取樣),"樣品狀態:生,白秈米; 前處理描述:混合均勻磨碎","在來米,長米",0.0,357.3916,355.8069,12.99,6.114,0.56,0.2207,79.8055,0.7475,0.149,0.0,0.6401,0.08,133.47,5.58,39.77,0.39,1.85
A05002,穀物類,稉米平均值,樣品狀態:生; 前處理描述:混合均勻磨碎,"蓬萊米,圓米",,353.9518,352.4847,14.082,7.0319,0.6964,0.2078,77.8224,0.692,0.0868,2.0019,,0.08,79.2727,5.1087,20.1661,0.3879,1.4818
A0500201,穀物類,稉米(台中189號),"樣品狀態:生,白稉米; 前處理描述:混合均勻磨碎","蓬萊米,圓米",,355.6145,354.8937,13.54,7.5,0.56,0.1211,78.0588,0.34,,2.76,,0.0537,84.7,5.32,12.01,0.7,1.46
A0500202,穀物類,稉米(台南11號),"樣品狀態:生,白稉米; 前處理描述:混合均勻磨碎","蓬萊米,圓米",,348.3469,346.7403,15.386,6.741,0.4819,0.1903,77.1738,0.7578,0.0,2.107,,0.063,70.702,4.214,13.363,0.214,1.1
A0500203,穀物類,稉米(台稉2號),"樣品狀態:生,白稉米; 前處理描述:混合均勻磨碎","蓬萊米,圓米",,356.7255,355.4993,13.2077,7.205,0.5069,0.1437,78.7163,0.5784,0.0,2.3843,,0.0946,65.2483,5.0863,17.9057,0.43,1.146
A0500204,穀物類,稉米(台稉8號),"樣品狀態:生,白稉米; 前處理描述:混合均勻磨碎","蓬萊米,圓米",,355.2428,354.2366,13.502,6.928,0.4024,0.1236,78.8316,0.4746,0.0,1.5755,,0.0995,63.562,4.397,15.861,0.352,1.6345
A0500205,穀物類,稉米(台稉9號),"樣品狀態:生,白稉米; 前處理描述:混合均勻磨碎","蓬萊米,圓米",,353.2311,352.0274,14.3045,6.58,0.6335,0.1926,78.2041,0.5678,0.0,1.94,,0.122,70.8395,5.1885,18.3915,0.193,1.5155
A0500206,穀物類,稉米(台農71號),"樣品狀態:生,白稉米; 前處理描述:混合均勻磨碎","蓬萊米,圓米,益全香米",,356.6444,354.7453,13.3133,7.9183,0.6393,0.2215,77.7507,0.8958,0.0633,1.6953,,0.0503,64.6543,4.7233,12.6677,0.289,1.352
A0500207,穀物類,稉米(高雄139號),"樣品狀態:生,白稉米; 前處理描述:混合均勻磨碎","蓬萊米,圓米",,357.2448,354.5092,13.6828,6.1225,1.1844,0.302,78.4933,1.2904,0.4245,2.2,,0.0865,116.5583,6.1535,42.2165,1.0093,1.8088
A0500208,穀物類,稉米(高雄142號),"樣品狀態:生,白稉米; 前處理描述:混合均勻磨碎","蓬萊米,圓米",,352.516,352.092,14.3,7.0,0.6,,77.7,0.2,,4.0,,0.023,74.0,6.0,19.0,0.2,1.4
A0500209,穀物類,稉米(高雄145號),"樣品狀態:生,白稉米; 前處理描述:混合均勻磨碎",,,364.4454,362.4282,11.819,6.768,0.9792,0.3388,80.0453,0.9515,0.207,0.566,,0.096,92.777,5.162,29.456,0.346,1.579
A0500210,穀物類,稉米(高雄139號)(2021年取樣),"樣品狀態:生,白稉米; 前處理描述:混合均勻磨碎","蓬萊米,圓米",0.0,352.2554,350.5867,14.406,5.666,0.4619,0.1802,79.1833,0.7871,0.129,0.71,1.0228,0.0,53.41,3.21,17.01,0.0,1.53
A0500301,穀物類,越光米,"樣品狀態:生,白稉米; 前處理描述:混合均勻磨碎","蓬萊米,圓米",,339.5073,337.6754,17.765,7.556,0.9765,0.2263,73.25,0.8641,0.0,0.7905,,0.1115,89.6855,4.8421,20.7896,0.1455,1.822
A0500302,穀物類,越光米(台南16號)(2024年取樣),"樣品狀態:生,白稉米; 前處理描述:混合均勻磨碎","蓬萊米,圓米",0.0,355.8933,354.0067,13.27,6.948,0.33,0.1444,79.1176,0.8899,0.116,1.37,0.6055,0.07,94.34,4.82,20.14,0.37,1.59
A0500401,穀物類,秈型糯米(台中糯70號),樣品狀態:生; 前處理描述:混合均勻磨碎,長糯米,,361.3604,360.4693,12.355,7.8625,0.89,0.2399,78.439,0.4203,,1.31,,0.0865,94.87,5.08,31.335,0.15,1.015
A05005,穀物類,稉型糯米平均值,樣品狀態:生; 前處理描述:混合均勻磨碎,圓糯米,,358.1558,356.6718,13.142,8.29,0.81,0.2292,77.418,0.7,,3.11,,0.0736,105.85,6.66,25.02,0.415,0.88
A0500501,穀物類,稉型糯米,樣品狀態:生; 前處理描述:混合均勻磨碎,圓糯米,,358.6265,357.1425,12.784,8.38,0.52,0.1471,78.036,0.7,,2.22,,0.1321,118.7,6.32,23.04,0.43,0.86
A0500502,穀物類,稉型糯米(台稉糯1號),樣品狀態:生; 前處理描述:混合均勻磨碎,圓糯米,,357.685,356.201,13.5,8.2,1.1,,76.8,0.7,,4.0,,0.015,93.0,7.0,27.0,0.4,0.9
A0500601,穀物類,野生紅米,"樣品狀態:生,野生栽植; 前處理描述:混合均勻磨碎",,,359.713,352.4482,13.695,7.693,2.5955,0.581,74.7352,3.4268,0.2594,8.286,,0.208,252.65,15.025,108.167,0.714,2.87
A0500701,穀物類,紅糯糙米,樣品狀態:生; 前處理描述:混合均勻磨碎,,,361.6964,352.2081,13.133,9.92,2.8463,0.7399,72.5936,4.4756,0.342,0.591,,0.207,329.764,11.7899,133.4491,0.99,3.026
A0500801,穀物類,黑秈糯糙米,樣品狀態:生; 前處理描述:混合均勻磨碎,"黑糯米,紫糯米,紫米,貢米,長生米",,357.4076,350.4265,14.81,10.1235,3.465,0.8627,70.1026,3.293,,2.5,,0.2498,301.85,8.825,121.25,1.555,1.7285
A0500901,穀物類,胚芽秈米(台中秈10號),樣品狀態:生; 前處理描述:混合均勻磨碎,,,363.0183,357.1116,12.3405,8.272,2.0718,0.5477,76.0519,2.7862,0.48,1.608,,0.2825,267.8175,8.7725,119.239,0.9295,2.185
A05010,穀物類,胚芽稉米平均值,樣品狀態:生; 前處理描述:混合均勻磨碎,,,361.7421,358.4954,12.669,8.1985,1.5692,0.464,76.833,1.5315,0.1665,1.4755,,0.12,127.955,7.805,53.336,0.5615,1.6165
A0501001,穀物類,胚芽稉米(台稉10號）,樣品狀態:生; 前處理描述:混合均勻磨碎,,,360.3746,356.6107,13.072,7.28,1.6679,0.4918,77.1722,1.7754,0.024,1.039,,0.125,148.912,7.653,60.045,0.606,1.53
A0501002,穀物類,胚芽稉米(台稉9號),樣品狀態:生; 前處理描述:混合均勻磨碎,,,363.1096,360.3801,12.266,9.117,1.4705,0.436,76.4937,1.2875,0.309,1.912,,0.115,106.998,7.957,46.627,0.517,1.703
A05011,穀物類,發芽稉米平均值,樣品狀態:生; 前處理描述:混合均勻磨碎,發芽糙米,,354.9414,347.8713,14.8175,7.798,2.3453,0.5447,73.9857,3.335,0.167,3.2655,,0.132,126.2565,29.2195,104.617,0.918,2.098
A0501103,穀物類,發芽稉米(台稉71號),樣品狀態:生; 前處理描述:混合均勻磨碎,"發芽糙米,益全香米發芽米",,356.7383,349.7035,14.828,7.406,2.8031,0.5646,73.8638,3.3183,0.334,3.314,,0.14,167.003,30.75,115.43,0.824,2.254
A0501104,穀物類,發芽稉米(台稉9號）,樣品狀態:生; 前處理描述:混合均勻磨碎,發芽糙米,,353.1446,346.0392,14.807,8.19,1.8875,0.4966,74.1076,3.3516,0.0,3.217,,0.124,85.51,27.689,93.804,1.012,1.942
A0501201,穀物類,糙秈米,樣品狀態:生; 前處理描述:混合均勻磨碎,糙米,,358.7368,351.7616,14.373,7.285,3.2064,0.8013,73.6444,3.2902,0.2851,3.504,,0.225,304.331,13.568,130.973,0.948,2.232
A05013,穀物類,糙稉米平均值,樣品狀態:生; 前處理描述:混合均勻磨碎,糙米,,364.2759,354.7295,12.506,7.436,2.3292,0.572,76.6276,4.503,0.45,3.071,,0.144,220.282,12.755,99.672,1.035,1.865
A0501301,穀物類,糙稉米(台稉71號),樣品狀態:生; 前處理描述:混合均勻磨碎,益全香米糙米,,360.3815,352.8875,13.595,8.955,2.6203,0.5232,73.6494,3.5349,0.4907,3.054,,0.126,223.156,8.573,113.952,1.547,2.085
A0501302,穀物類,糙稉米(台稉9號),樣品狀態:生; 前處理描述:混合均勻磨碎,糙米,,364.2759,354.7295,12.506,7.436,2.3292,0.572,76.6276,4.503,0.45,3.071,,0.144,220.282,12.755,99.672,1.035,1.865
A0501401,穀物類,黑秈糙米,"樣品狀態:生,真空袋裝; 前處理描述:混合均勻磨碎",黑米,0.0,363.0816,353.7527,13.65,7.455,3.4538,0.9126,74.035,4.4004,0.755,1.04,1.4953,0.23,273.95,10.24,118.65,1.05,1.76
A0510101,穀物類,加鈣米,"樣品狀態:生,含碳酸鈣之精選稉米; 前處理描述:混合均勻磨碎",,,355.0521,353.6529,13.62,7.37,0.74,0.1562,77.68,0.66,,7.58,,0.0705,83.19,170.07,19.04,0.5,2.097
A0510201,穀物類,高纖米,"樣品狀態:生,高纖稉米; 前處理描述:混合均勻磨碎",高纖蓬萊米,,362.7227,356.7087,12.84,8.276,2.47,0.5086,75.1674,2.8368,,3.15,,0.4659,260.15,3.59,107.46,1.48,1.696
A0510301,穀物類,五穀米,"樣品狀態:生(糙米,薏仁,蕎麥,小米,黑糯米,麥片,紅扁豆,紅薏仁等); 前處理描述:混合均勻磨碎",,,358.2847,347.9681,14.275,8.695,2.8521,0.7562,72.9163,4.8663,0.8654,2.0,,0.202,261.461,19.19,116.829,1.609,1.814
A0510401,穀物類,米胚芽,樣品狀態:生; 前處理描述:混合均勻磨碎,,,390.9448,359.7654,11.433,17.024,12.723,2.9912,52.8858,14.7073,,4.9941,,1.659,1320.608,42.7159,549.9059,7.2245,16.3741
A0520201,穀物類,秈米粉,樣品狀態:水磨在來米粉; 前處理描述:混合均勻,在來米粉,,363.2489,362.1597,11.853,4.157,0.4215,0.0911,83.3658,0.5138,0.0,10.438,,0.1063,14.8265,11.7424,19.614,0.499,0.6305
A0520301,穀物類,糙米粉,前處理描述:混合均勻,,,392.739,385.955,5.9,11.3,3.2,,78.1,3.2,,6.0,,0.227,267.0,11.0,121.0,1.0,1.8
A0520401,穀物類,白糯米粉,樣品狀態:水磨糯米粉; 前處理描述:混合均勻,,,359.895,358.5861,12.587,4.505,0.3825,0.122,82.3007,0.6174,0.0,15.861,,0.0799,32.76,17.5715,17.8255,0.6685,1.1575
A0550601,穀物類,白飯,"樣品狀態:熟,白米加1.1倍的去離子水,用電鍋烹煮; 前處理描述:混合均勻打碎",,,183.1356,181.9696,55.56,3.09,0.25,0.0545,41.01,0.55,,2.03,,0.0568,39.99,1.42,7.19,0.15,0.687
A0600101,穀物類,高梁,樣品狀態:生; 前處理描述:混合均勻磨碎,,,371.8047,360.8068,11.273,11.0165,3.0448,0.6568,73.6032,5.1877,0.0,2.719,,0.1195,231.224,7.314,97.112,2.1665,1.394
A0600201,穀物類,糯高梁,樣品狀態:生; 前處理描述:混合均勻磨碎,,,362.3257,356.921,12.06,10.69,1.04,0.1696,75.6852,2.5494,,0.0,,0.0713,128.93,7.57,26.28,1.3,0.494
A0710101,穀物類,黑麥片,前處理描述:混合均勻打碎,,,359.2458,336.4225,12.469,7.784,1.234,0.2536,77.3014,10.7657,,1.3288,,0.393,356.6026,15.9567,88.6361,3.9819,1.4755
A0800101,穀物類,燕麥,樣品狀態:生; 前處理描述:混合均勻打碎,,,406.0363,387.9344,9.975,10.9165,10.215,1.9075,67.4401,8.5386,,3.905,,0.094,292.655,25.245,108.47,3.775,2.0325
A0810101,穀物類,燕麥片,樣品狀態:快煮即食; 前處理描述:混合均勻打碎,,,393.374,383.41,10.1,12.3,9.7,,64.1,4.7,,3.0,,0.03,329.0,40.0,116.0,2.3,1.8
A0810201,穀物類,即食燕麥片,樣品狀態:沖泡即食; 前處理描述:混合均勻打碎,,,406.2506,383.9426,9.12,11.909,9.5684,1.7234,67.8638,10.5226,0.88,2.996,,0.1391,331.5405,29.9578,124.3281,4.386,2.5475
A0900101,穀物類,蕎麥(甜蕎),樣品狀態:生; 前處理描述:混合均勻磨碎,三角米,,360.8428,353.3719,13.2433,11.037,2.8733,0.5932,71.2715,3.524,,1.8033,,0.419,394.2467,13.145,180.93,2.86,1.8343
A1000101,穀物類,薏仁,樣品狀態:生; 前處理描述:混合均勻磨碎,"薏仁,薏苡仁",,378.4899,374.684,11.5367,14.0733,6.05,0.8633,66.2196,1.7952,,1.8733,,0.0504,250.74,19.1533,159.1087,2.6967,2.99
A1000201,穀物類,糙薏仁,樣品狀態:生; 前處理描述:混合均勻磨碎,紅薏仁,,386.8506,378.87,11.0093,13.702,7.3707,1.1099,65.9182,3.7644,0.4494,1.059,,0.2206,453.4977,10.5577,231.9115,4.435,4.7497
A1020101,穀物類,薏仁粉,前處理描述:混合均勻,,,394.795,388.815,4.67,10.89,3.475,0.5128,79.99,2.99,,10.855,,0.115,185.435,14.14,61.805,2.525,2.23
A1100101,穀物類,紅藜麥,樣品狀態:生; 前處理描述:混合均勻磨碎,,0.0,378.927,361.285,12.206,12.134,6.7366,0.8969,66.7713,8.3217,1.641,2.21,2.0947,0.3534,803.44,31.39,161.49,4.58,2.67
A1100201,穀物類,台灣藜(紅)(帶殼),"樣品狀態:生,帶殼; 前處理描述:混合均勻磨碎","藜,赤藜,紫藜,紅心藜,紅藜,食用藜",0.0,385.5813,346.3547,8.67,14.872,8.45,1.4415,62.3071,18.5031,2.842,1.13,6.7019,0.35,2561.85,251.32,259.64,9.38,3.24
B0100101,澱粉類,淮山,樣品狀態:乾貨; 前處理描述:混合均勻打碎,"山芋,山薯,田薯,薯蕷,長薯;淮山(加工後)",,362.8352,351.3007,11.22,5.294,0.34,0.1086,82.3519,5.4408,,10.53,,0.0131,290.95,37.04,30.86,2.52,0.476
B01002,澱粉類,山藥平均值,"樣品狀態:生; 前處理描述:去皮,混合均勻打碎","山芋,山薯,田薯,薯蕷,長薯;淮山(加工後)",19.2,85.3829,82.6763,78.2907,2.8187,0.1107,0.0502,17.8241,1.2767,0.323,3.9177,0.056,0.1804,533.1434,16.5668,15.4795,0.8005,0.7867
B0100201,澱粉類,山藥(二刺),"樣品狀態:生; 前處理描述:去皮,混合均勻打碎","山芋,山薯,田薯,薯蕷,長薯;淮山(加工後)",24.6,89.1922,85.8038,77.4,2.732,0.0872,,18.8787,1.5983,,2.1022,,0.194,552.1164,2.79,13.4807,0.6904,0.6473
B0100202,澱粉類,山藥(大汕1號),"樣品狀態:生; 前處理描述:去皮,混合均勻打碎","山芋,山薯,田薯,薯蕷,長薯;淮山(加工後)",15.0,79.951,77.884,79.641,2.407,0.0749,,16.9691,0.975,,4.0621,,0.127,543.6019,3.4116,10.0094,1.0033,0.5854
B0100203,澱粉類,山藥(大汕3號),"樣品狀態:生; 前處理描述:去皮,混合均勻打碎","山芋,山薯,田薯,薯蕷,長薯;淮山(加工後)",17.8,72.683,69.8227,81.319,2.649,0.08,,14.965,1.3492,,2.085,,0.146,579.5638,0.8321,10.5759,0.895,0.6548
B0100204,澱粉類,山藥(大刺),"樣品狀態:生; 前處理描述:去皮,混合均勻打碎","山芋,山薯,田薯,薯蕷,長薯;淮山(加工後)",16.2,84.6262,82.085,78.349,3.523,0.0704,,17.0539,1.1987,,7.674,,0.185,573.3593,8.0483,18.2855,1.1476,1.3284
B0100205,澱粉類,山藥(中國長品),"樣品狀態:生; 前處理描述:去皮,混合均勻打碎","山芋,山薯,田薯,薯蕷,長薯;淮山(加工後)",15.8,74.1359,73.297,81.016,2.452,0.0926,,15.479,0.3957,,0.8894,,0.233,587.5633,2.624,15.397,0.7655,0.7909
B0100206,澱粉類,山藥(台農1號),"樣品狀態:生; 前處理描述:去皮,混合均勻打碎","山芋,山薯,田薯,薯蕷,長薯;淮山(加工後)",13.1,93.3841,90.8409,76.519,2.595,0.1302,,19.9388,1.1996,,0.8051,,0.238,427.0139,4.6627,12.05,0.7247,0.706
B0100207,澱粉類,山藥(台農2號),"樣品狀態:生; 前處理描述:去皮,混合均勻打碎","山芋,山薯,田薯,薯蕷,長薯;淮山(加工後)",17.0,94.8985,93.6672,75.619,3.207,0.0594,,19.8694,0.5808,,14.2629,,0.213,609.2905,11.5164,19.2409,0.9511,1.5016
B0100208,澱粉類,山藥(白皮削),"樣品狀態:生; 前處理描述:去皮,混合均勻打碎","山芋,山薯,田薯,薯蕷,長薯;淮山(加工後)",32.8,75.0452,72.0638,80.774,2.465,0.0883,,15.6961,1.4063,,2.4332,,0.244,592.1531,0.6371,12.3295,0.8333,0.6531
B0100209,澱粉類,山藥(尖石原生種),"樣品狀態:生; 前處理描述:去皮,混合均勻打碎","山芋,山薯,田薯,薯蕷,長薯;淮山(加工後)",16.0,64.6657,61.9702,83.315,3.14,0.1494,,12.4121,1.2715,,2.8681,,0.188,591.2268,1.6048,16.9977,0.5522,0.8143
B0100210,澱粉類,山藥(宜蘭原生種),"樣品狀態:生; 前處理描述:去皮,混合均勻打碎","山芋,山薯,田薯,薯蕷,長薯;淮山(加工後)",25.4,140.1744,135.4035,64.818,4.796,0.1859,,29.0937,2.2504,,3.7645,,0.169,584.5428,19.4765,27.8938,0.7439,0.8781
B0100211,澱粉類,山藥(花蓮3號),"樣品狀態:生; 前處理描述:去皮,混合均勻打碎","山芋,山薯,田薯,薯蕷,長薯;淮山(加工後)",21.3,93.3366,90.2658,76.506,1.693,0.0892,,20.8666,1.4485,,5.62,,0.192,437.1013,15.8089,16.597,0.9814,0.9158
B0100212,澱粉類,山藥(青森),"樣品狀態:生; 前處理描述:去皮,混合均勻打碎","山芋,山薯,田薯,薯蕷,長薯;淮山(加工後)",19.0,93.6043,89.2115,76.293,2.607,0.1832,,19.8732,2.0721,,3.6179,,0.212,566.4265,14.2466,15.0341,0.7199,0.3697
B0100213,澱粉類,山藥(高田),"樣品狀態:生; 前處理描述:去皮,混合均勻打碎","山芋,山薯,田薯,薯蕷,長薯;淮山(加工後)",23.0,71.0372,68.6093,81.854,3.116,0.1381,,14.0043,1.1452,,3.5835,,0.185,524.108,0.6361,10.3708,0.7787,0.5982
B0100214,澱粉類,山藥(白肉),"樣品狀態:生; 前處理描述:去皮,混合均勻打碎",日本山藥,12.4,68.626,66.5431,82.647,2.08,0.1207,0.0548,14.4376,0.9825,0.323,1.08,0.056,0.0,295.94,145.64,18.45,0.42,0.57
B0200301,澱粉類,紫山藥,"樣品狀態:生; 前處理描述:去皮,混合均勻打碎","山薯,田薯,薯蕷,長薯,血薯;淮山(加工後)",17.4,92.3211,90.0207,76.489,2.821,0.0766,,19.5752,1.0851,,2.8287,,0.189,570.4779,2.1426,12.249,0.6505,1.1195
B0320101,澱粉類,木薯粉,樣品狀態:樹薯澱粉; 前處理描述:混合均勻,樹薯粉,,361.6688,361.3008,12.1715,0.076,0.1924,0.0,87.3207,0.1736,0.0,0.783,,0.012,26.55,31.9661,3.224,0.2645,0.021
B0400101,澱粉類,白皮甘藷,"樣品狀態:生,白皮白肉; 前處理描述:去皮,混合均勻打碎","甘薯,番薯,甜薯,地瓜,田薯,土薯,白薯",7.3,119.2089,113.1658,69.955,1.283,0.1199,,27.473,2.8505,2.527,72.992,,0.161,396.9,16.802,20.633,0.282,0.0
B0400201,澱粉類,菱角牛奶甘藷,"樣品狀態:生,白皮白肉; 前處理描述:去皮,混合均勻打碎","甘薯,番薯,甜薯,地瓜,田薯,土薯,白薯",12.6,133.1638,129.7027,66.878,1.86,0.3302,0.2047,29.8853,1.6326,4.756,85.258,,0.173,354.369,16.85,21.347,0.63,0.205
B0400301,澱粉類,芋心甘藷,"樣品狀態:生,芋心種; 前處理描述:去皮,混合均勻打碎","甘薯,番薯,甜薯,地瓜,田薯,土薯,紅薯,紫心甘薯,芋頭(仔)番薯",14.5,122.3155,116.2921,69.443,1.055,0.1138,,28.4558,2.8412,4.3256,87.0161,,0.115,271.778,32.5186,22.4563,1.1242,0.3033
B0400401,澱粉類,紅肉甘藷,"樣品狀態:生,紅皮紅肉; 前處理描述:去皮,混合均勻打碎","甘薯,番薯,甜薯,地瓜,田薯,土薯",12.2,113.7181,108.6204,71.723,1.7783,0.248,0.1716,25.41,2.4046,5.096,41.7861,,0.1237,300.2276,25.2106,22.9839,0.4872,0.1916
B0400501,澱粉類,金時甘藷,"樣品狀態:生,紅皮黃肉; 前處理描述:去皮,混合均勻打碎","甘薯,番薯,甜薯,地瓜,田薯,土薯",11.7,138.2959,133.7281,65.665,1.639,0.3583,0.2609,31.2836,2.1546,5.392,45.23,,0.162,330.543,39.163,24.006,0.504,0.233
B0400601,澱粉類,黃肉甘藷,"樣品狀態:生,黃皮黃肉; 前處理描述:去皮,混合均勻打碎","甘薯,番薯,甜薯,地瓜,田薯,土薯",15.5,120.6673,115.2763,70.0127,1.278,0.1527,0.1085,27.7651,2.5429,4.8093,51.2171,,0.2307,276.1774,46.1476,23.6806,0.3222,0.1657
B0420101,澱粉類,甘藷粉,前處理描述:混合均勻,"甘薯粉,蕃薯粉,甜薯粉,地瓜粉",,357.5595,356.4607,12.8595,1.0215,0.1509,,85.5103,0.5183,0.0,19.063,,0.012,43.899,49.009,3.3375,1.4215,0.06
B0450101,澱粉類,油炸脫水甘藷,前處理描述:混合均勻打碎,,,524.9,474.88,3.6,2.27,30.1,,61.23,25.01,,305.0,,0.0627,790.0,158.0,42.0,1.58,0.35
B0500101,澱粉類,芋頭,"樣品狀態:生; 前處理描述:去皮,混合均勻打碎","芋頭,芋艿,芋乃,芋仔,青芋,土芝",13.2,127.75,122.8528,68.9,2.5,1.1,,26.4,2.31,,5.0,,0.079,500.0,28.0,29.0,0.9,2.21
B0500201,澱粉類,小芋頭(山芋),"樣品狀態:生; 前處理描述:去皮,混合均勻打碎","芋頭,芋艿,芋乃,芋仔,青芋,土芝",15.5,112.9382,106.7196,72.545,2.2897,1.2044,0.4475,22.7924,2.9333,1.76,5.4676,,0.0943,566.9038,22.2,28.2326,1.1153,1.9259
B0500301,澱粉類,檳榔心芋,"樣品狀態:生; 前處理描述:去皮,混合均勻打碎","芋頭,芋艿,芋乃,芋仔,青芋,土芝",11.6,121.0231,115.3805,69.53,1.298,0.035,,28.0716,2.6616,,2.3448,,0.0,384.7944,28.0775,23.5118,0.5759,2.4848
B0500302,澱粉類,檳榔心芋(2021年取樣),"樣品狀態:生; 前處理描述:去皮,混合均勻打碎","芋頭,芋艿,芋乃,芋仔,青芋,土芝",18.7,106.611,102.9802,73.131,1.139,0.0,0.0,24.7955,1.7126,1.641,0.0,0.2918,0.0,326.32,19.71,29.31,0.46,1.27
B0500401,澱粉類,冷凍芋頭塊,"樣品狀態:生,冷凍產品; 前處理描述:混合均勻打碎",,,147.181,135.097,65.3,2.2,4.3,,24.9,5.7,,15.0,,0.0726,490.0,38.0,33.0,1.55,1.96
B0520101,澱粉類,芋頭粉,"樣品狀態:香芋,乳糖等; 前處理描述:混合均勻",,,333.1607,314.9299,16.092,0.102,0.0475,0.0,83.0813,9.1154,73.477,34.347,,0.052,5.231,9.3512,2.6156,0.0,0.128
B0600101,澱粉類,豆薯,"樣品狀態:生; 前處理描述:去皮,混合均勻打碎","刈薯,涼薯,葛薯,沙葛,地瓜,三角薯",6.9,31.4353,28.7747,92.0613,0.728,0.0616,0.0,6.8139,1.255,4.0227,4.0819,,0.0197,107.8965,12.1706,6.329,0.1276,0.3256
B0700101,澱粉類,紅馬鈴薯(粉紅珍珠馬鈴薯),"樣品狀態:生,紅皮種; 前處理描述:去皮,混合均勻打碎","洋芋,洋薯,洋山芋,荷蘭薯,日本番薯,塊茄",15.0,65.7781,62.9545,83.0005,1.64,0.0173,0.0,14.374,1.3319,2.3783,2.4604,,0.1975,492.0643,7.4713,21.182,0.5427,0.5102
B0700201,澱粉類,馬鈴薯,"樣品狀態:生,黃皮種; 前處理描述:去皮,混合均勻打碎","洋芋,洋薯,洋山芋,荷蘭薯,日本番薯,塊茄",9.8,76.9397,74.2473,80.5455,2.5825,0.2161,,15.7848,1.27,,3.0648,,0.149,385.8122,3.7056,20.349,0.5571,1.0521
B0700202,澱粉類,馬鈴薯(2022年取樣),"樣品狀態:生,黃皮種; 前處理描述:去皮,混合均勻打碎","洋芋,洋薯,洋山芋,荷蘭薯,日本番薯,塊茄",11.8,70.3922,67.8853,81.94,2.276,0.0,0.0,14.9255,1.1825,0.414,1.93,0.1432,0.0,431.26,9.71,25.21,0.64,0.42
B0700301,澱粉類,小馬鈴薯(珍珠馬鈴薯),"樣品狀態:生,黃皮種; 前處理描述:去皮,混合均勻打碎","洋芋,洋薯,洋山芋,荷蘭薯,日本番薯,塊茄",15.0,59.4809,56.992,84.593,1.748,0.0,0.0,12.7782,1.174,2.8298,7.092,,0.13,424.459,3.8844,21.4848,0.0,0.317
B0720101,澱粉類,馬鈴薯粉,前處理描述:混合均勻,太白粉,,346.1938,345.7698,15.8,0.09,0.07,,83.8,0.2,,7.5,,0.0,48.03,39.17,5.75,0.29,0.133
B0800101,澱粉類,荸薺,"樣品狀態:生; 前處理描述:去皮,混合均勻打碎","水栗,地栗,馬蹄,馬薯,烏芋,水燈心草,海蔥仔,水蔥仔",,67.1952,62.7737,82.606,1.703,0.0989,,14.4924,2.0856,,21.2331,,0.138,460.5004,3.205,9.7175,0.4845,0.3592
B0820101,澱粉類,荸薺粉,前處理描述:混合均勻,"水栗粉,地栗粉,馬蹄粉,馬薯粉,烏芋粉,水燈心草粉,海蔥仔粉,水蔥仔粉",,364.8579,363.7621,11.226,0.384,0.2065,0.0,87.7738,0.5169,0.0,3.829,,0.033,42.069,11.2463,4.625,1.506,0.285
B0900101,澱粉類,蓮藕,"樣品狀態:生; 前處理描述:去皮,混合均勻打碎","蓮根,藕,芙蕖,荷花藕",21.1,65.1526,58.1861,83.398,2.0293,0.1893,0.089,13.5033,3.2861,3.1835,15.6451,,0.0623,326.9267,23.9187,13.7826,0.5413,0.3245
B0900201,澱粉類,熟蓮藕,"樣品狀態:熟(已去皮); 前處理描述:浸泡水中,去藕節,混合均勻打碎","蓮根,藕,芙蕖,荷花藕",18.0,50.2206,47.2195,87.323,1.088,0.0542,,11.0468,1.4156,,28.5148,,0.097,182.8478,13.42,7.5061,0.3953,0.4928
B0900202,澱粉類,熟蓮藕切片(水煮),"樣品狀態:熟(蓮藕,檸檬酸等); 前處理描述:混合均勻打碎","蓮根,藕,芙蕖,荷花藕",,73.2139,65.9022,82.021,0.772,0.048,0.0138,16.9402,3.4489,0.0,77.431,,0.0,1.154,19.998,2.256,0.197,0.0
B0920101,澱粉類,蓮藕粉,"樣品狀態:蓮藕,馬鈴薯澱粉等; 前處理描述:混合均勻",,,364.8407,364.1559,11.34,0.12,0.05,,88.3381,0.323,,4.71,,0.0,32.35,43.51,7.92,0.76,0.079
B1000101,澱粉類,菱角(生),"樣品狀態:生; 前處理描述:去殼,混合均勻打碎","菱,芰,龍角,羊家,紅菱",,76.3995,72.3715,81.0,1.9,0.33,,16.07,1.9,,21.0,,0.068,250.0,19.0,34.0,5.9,0.5
B1000201,澱粉類,菱角仁(生),樣品狀態:生; 前處理描述:混合均勻打碎,,,118.0451,113.4768,69.756,4.141,0.3171,0.0959,24.0776,2.1549,1.32,14.651,,0.208,396.28,22.603,51.694,1.087,0.832
B1000301,澱粉類,菱角(熟),"樣品狀態:熟; 前處理描述:去殼,混合均勻打碎","菱,芰,龍角,羊家,紅菱",54.0,146.2443,139.8269,63.39,4.218,0.25,,30.9853,3.0271,,16.05,,0.244,426.09,10.83,33.09,1.31,1.34
B9900201,澱粉類,蒟蒻粉,"樣品狀態:蒟蒻抽出物,海藻抽出物,葡萄糖,檸檬酸鉀等; 前處理描述:混合均勻",,,351.3836,336.645,9.296,0.184,0.1888,0.0,87.2371,7.3693,82.955,13.366,,0.044,1806.594,291.3956,6.6759,0.576,0.281
C0105101,堅果及種子類,甘扁桃仁片(生),樣品狀態:生; 前處理描述:混合均勻打碎,杏仁片(生),,563.8544,550.4163,4.963,27.257,47.8116,3.7499,16.9753,6.4918,3.582,20.058,,0.142,625.881,272.7235,293.8373,3.134,3.36
C0110101,堅果及種子類,甘扁桃仁片(熟),樣品狀態:熟; 前處理描述:混合均勻打碎,杏仁片(熟),,617.8689,588.1443,2.987,23.443,56.8882,2.6533,14.8323,14.3597,0.0,73.271,,0.009,,262.374,195.021,3.583,5.023
C0110201,堅果及種子類,甘扁桃仁(熟),樣品狀態:熟; 前處理描述:混合均勻打碎,杏仁果(熟),,587.8776,567.5262,1.871,21.946,49.8409,4.2325,23.2326,9.8316,4.256,0.998,,0.179,728.083,252.794,274.535,3.63,2.957
C0205101,堅果及種子類,松子仁(生),樣品狀態:生; 前處理描述:混合均勻打碎,,,677.7577,669.055,1.871,16.6155,69.5262,5.8509,9.3778,4.2042,3.615,3.5415,,0.1686,640.8065,14.9621,269.9958,5.258,6.633
C0210101,堅果及種子類,原味松子仁,樣品狀態:熟; 前處理描述:混合均勻打碎,,,680.4281,668.0776,0.965,14.462,68.9571,6.8081,13.0403,5.9664,2.689,0.777,,0.155,671.087,13.498,267.453,5.331,6.631
C0310101,堅果及種子類,原味夏威夷豆,樣品狀態:熟; 前處理描述:混合均勻打碎,夏威夷火山豆,,699.8346,686.8625,1.183,7.478,71.6416,12.2278,18.2422,6.2667,4.836,1.44,,0.168,443.657,57.827,126.628,1.979,1.373
C0405101,堅果及種子類,生核桃,樣品狀態:生; 前處理描述:混合均勻打碎,,58.5,667.4064,654.6403,3.6663,15.388,67.9249,6.1122,11.1741,6.1672,1.777,4.5317,,0.3677,453.1837,98.6429,172.8751,2.6923,2.971
C0500101,堅果及種子類,栗子(生),"樣品狀態:生; 前處理描述:去殼,混合均勻打碎",,20.2,186.0041,173.0045,53.41,3.53,0.56,0.1028,41.54,6.28,,1.58,,0.8318,452.78,23.88,50.2,1.06,0.72
C0500202,堅果及種子類,栗子仁(生),樣品狀態:生; 前處理描述:混合均勻打碎,,,176.4781,158.4826,55.852,3.686,0.7452,0.1429,38.6856,8.6935,8.08,2.315,,0.375,462.969,24.678,59.787,1.074,0.694
C0710101,堅果及種子類,開心果,"樣品狀態:熟; 前處理描述:去殼,混合均勻打碎",,49.6,600.755,572.6833,1.132,22.381,52.7376,5.8468,20.0686,13.5612,6.216,462.3223,,1.2015,987.728,106.5164,109.9217,3.3087,2.7057
C0805101,堅果及種子類,腰果(生),樣品狀態:生; 前處理描述:混合均勻打碎,,,568.1358,560.6687,3.315,18.3335,45.5279,9.9121,30.3317,3.6073,7.157,11.2645,,0.3857,646.819,44.6419,252.793,6.605,5.8595
C0810101,堅果及種子類,原味腰果,樣品狀態:熟; 前處理描述:混合均勻打碎,,,566.0303,555.7807,2.226,16.376,43.7356,10.2735,35.1692,4.9515,6.519,9.972,,0.187,732.804,39.796,289.806,5.73,5.575
C0905101,堅果及種子類,原味榛果,樣品狀態:熟; 前處理描述:混合均勻打碎,,,671.6361,655.1045,1.077,12.997,66.4911,5.7428,17.2005,7.9863,2.452,0.976,,0.636,637.915,182.024,180.615,3.802,2.307
C1005101,堅果及種子類,山粉圓,樣品狀態:生; 前處理描述:混合均勻磨碎,,,399.6244,279.7952,8.71,16.333,12.75,1.3429,58.0421,57.8885,,4.9,,0.4114,528.16,1072.91,118.748,10.05,2.79
C1305101,堅果及種子類,亞麻仁籽,樣品狀態:生; 前處理描述:混合均勻磨碎,,,524.2401,476.3326,7.593,20.83,40.328,4.3014,28.1117,23.1437,1.311,46.381,,0.599,629.497,253.014,313.337,6.677,4.054
C1320101,堅果及種子類,亞麻仁籽粉,前處理描述:混合均勻,,,557.0958,506.429,2.8565,21.7325,43.6424,3.923,28.5988,24.4767,0.988,15.88,2.0261,0.276,797.77,327.51,377.41,6.71,5.33
C1410101,堅果及種子類,咖啡豆(曼特寧),樣品狀態:熟(純曼特寧咖啡豆烘焙而成); 前處理描述:混合均勻打碎,,,437.4317,337.223,2.13,13.86,14.87,6.8236,65.08,48.41,,2.3,,1.0835,1094.77,106.4,209.21,4.25,1.014
C1505101,堅果及種子類,奇亞子,樣品狀態:生; 前處理描述:混合均勻打碎,,,483.3174,421.7359,7.237,21.6785,31.8405,3.3464,34.7882,29.7495,0.384,0.475,7.2731,0.169,880.616,830.925,377.828,6.589,6.974
C1605101,堅果及種子類,白芝麻(生),樣品狀態:生; 前處理描述:混合均勻打碎,,,598.038,576.2906,4.721,22.2645,54.9223,8.2153,15.0075,10.506,0.9867,38.8005,,0.6991,461.2175,63.937,377.61,6.8405,3.7435
C1605102,堅果及種子類,黑芝麻(生),樣品狀態:生; 前處理描述:混合均勻打碎,,,550.9268,518.8619,6.0375,22.1585,48.0768,7.6257,17.6005,15.4903,0.7315,2.402,,0.7122,469.9955,1354.3285,298.825,,3.7985
C1610101,堅果及種子類,白芝麻(熟),樣品狀態:熟(烤); 前處理描述:混合均勻打碎,,,625.6099,603.422,1.8885,20.2885,58.6937,9.5084,15.7107,10.7188,0.54,24.4545,,0.6095,505.753,76.1449,414.8616,6.3425,7.2625
C1610102,堅果及種子類,白芝麻(熟)2022年取樣),樣品狀態:熟(烤); 前處理描述:混合均勻打碎,,0.0,600.6946,579.8331,1.42,21.734,52.4471,8.3637,21.2028,10.078,0.944,18.27,1.3714,0.58,492.65,318.46,367.18,7.38,7.16
C1610201,堅果及種子類,黑芝麻(熟),樣品狀態:熟(烤); 前處理描述:混合均勻打碎,,,599.4997,570.5749,1.538,17.26,54.4333,8.3816,20.639,13.9733,0.1535,1.9235,,0.4875,526.0555,1478.6258,385.6215,10.307,5.379
C1610202,堅果及種子類,黑芝麻(熟)(2022年取樣),樣品狀態:熟(烤); 前處理描述:混合均勻打碎,,0.0,591.1492,560.8082,1.04,20.689,51.7701,8.2617,21.1407,14.6575,0.614,0.84,2.0546,0.51,538.55,1250.58,385.12,8.97,6.22
C1620101,堅果及種子類,黑芝麻粉,前處理描述:混合均勻,,,601.276,575.861,2.222,15.719,55.2097,8.2344,20.7926,12.2778,0.0,2.671,,0.5603,471.1075,1449.2128,356.5853,8.575,5.668
C1700101,堅果及種子類,帶殼花生(生),"樣品狀態:生; 前處理描述:去殼,含膜,混合均勻打碎","土豆,長生果,落花生",36.6,330.7629,314.0174,43.702,15.289,27.2359,7.2807,12.2225,8.0896,1.7055,0.908,,0.368,473.127,42.51,130.276,1.99,2.392
C1700201,堅果及種子類,冷凍帶殼花生(熟),"樣品狀態:熟,冷凍包裝; 前處理描述:去殼,含膜,混合均勻打碎","土豆,長生果,落花生",36.2,343.5417,343.5417,40.0,17.153,27.444,5.6274,13.3451,,,363.0284,,0.9872,247.4162,51.9296,174.7565,1.4491,2.4035
C1700301,堅果及種子類,黑金剛花生(生),"樣品狀態:生,黑仁花生; 前處理描述:去殼,混合均勻打碎","花生,土豆,長壽果",33.8,553.0609,538.438,6.43,27.632,46.5733,9.1013,16.5502,7.0642,4.731,22.59,0.7761,0.36,748.04,69.89,278.44,2.78,3.65
C1705101,堅果及種子類,帶膜花生仁(生)(1995年之前取樣),"樣品狀態:生,帶膜; 前處理描述:混合均勻打碎","土豆,長生果,落花生",,505.8875,477.9512,9.885,28.785,38.5,8.0894,20.5795,13.4958,,31.59,,0.2266,933.215,35.945,221.2555,3.46,3.35
C1705201,堅果及種子類,去膜花生仁(生),"樣品狀態:生,散裝; 前處理描述:混合均勻打碎","土豆,長生果,落花生",,557.6365,543.8724,4.21,28.8335,45.3639,10.0817,19.1372,6.6493,4.5271,1.8595,,0.499,660.45,49.7095,215.615,2.2255,3.896
C1705301,堅果及種子類,帶膜花生仁(生)(2004年取樣),"樣品狀態:生,帶膜; 前處理描述:混合均勻打碎","土豆,長生果,落花生",,516.4973,500.0584,7.5057,23.6283,38.1004,8.1798,28.4046,7.9415,4.4034,12.6617,,0.4527,671.2757,91.3213,217.0482,3.4677,4.7153
C1710101,堅果及種子類,紅土帶殼花生(熟),"樣品狀態:熟; 前處理描述:去殼,含膜,混合均勻打碎","土豆,長生果,落花生",42.9,555.0467,539.5012,1.4447,31.246,43.8941,9.1218,19.4667,7.5099,3.7545,644.7467,1.5058,0.6189,547.0627,81.037,253.9695,18.0397,4.1023
C1720101,堅果及種子類,花生粉,樣品狀態:散裝; 前處理描述:混合均勻,,,515.7649,505.543,1.8765,28.536,33.7658,,32.9546,4.9381,,10.9,,1.565,940.0,114.7,254.0,6.76,4.03
C1800101,堅果及種子類,芡實,樣品狀態:生; 前處理描述:混合均勻打碎,"雞頭米,雞頭",,342.5929,336.1279,14.1,9.944,0.14,0.0423,75.4092,3.1232,,0.0,,0.177,80.39,6.62,10.74,1.24,0.824
C2005101,堅果及種子類,愛玉子,"樣品狀態:生,天然野生; 前處理描述:混合均勻打碎","愛玉,草子仔,草枳子,天拋藤,玉枳,枳子,天拋,風不動",,406.7013,299.8479,7.76,12.22,12.53,1.1857,63.74,51.62,,6.4,,2.8181,729.27,713.91,207.65,8.17,2.733
C2110101,堅果及種子類,原味葵瓜子(去殼),樣品狀態:熟; 前處理描述:混合均勻打碎,,,586.3687,569.112,3.959,21.981,51.8727,5.0576,18.6536,8.3366,3.032,1.326,,1.497,820.877,89.998,395.564,6.03,6.199
C2200101,堅果及種子類,銀杏果,"樣品狀態:熟(去芯銀杏果,鹽等); 前處理描述:混合均勻打碎","白果,銀杏核,公孫樹子,鴨腳樹子,靈眼",,142.0686,135.5167,64.9605,4.084,1.2345,0.1712,28.8856,3.1652,1.2938,13.98,,0.256,246.197,10.979,23.977,0.5375,0.2935
C2300101,堅果及種子類,蓮子,"樣品狀態:生(蓮子,蓮子心等); 前處理描述:混合均勻打碎",,,140.9132,124.4155,63.1547,9.277,0.5456,0.1647,25.591,7.9699,0.0,118.7367,,0.0718,304.761,69.3733,98.8733,5.069,1.2073
C2305101,堅果及種子類,蓮子(乾),樣品狀態:乾貨; 前處理描述:混合均勻打碎,,,333.8598,306.8153,11.9585,21.7775,1.2331,0.3999,60.9265,13.065,2.1795,304.607,,0.363,714.0275,128.9365,202.5755,2.1855,2.3845
D0100101,水果類,山竹,"前處理描述:去皮及籽,混合均勻打碎","鳳果,都捻子,倒稔子,羅漢果,莽吉柿,果中之后",63.4,69.4004,66.7733,80.843,0.5535,0.287,,18.094,1.6419,,3.1624,,0.089,81.7065,11.3094,19.888,0.128,0.233
D02001,水果類,木瓜平均值,"前處理描述:去皮及籽,混合均勻打碎","番木瓜,番瓜",24.9,38.1568,35.9575,89.0564,0.559,0.0736,,9.9063,1.3746,6.182,3.3746,,0.0941,186.123,22.5368,15.2554,0.2619,0.2151
D0200101,水果類,木瓜(2月取樣),"前處理描述:去皮及籽,混合均勻打碎","番木瓜,番瓜",20.1,31.152,28.6362,91.0385,0.693,0.1189,,7.7301,1.5724,6.182,2.0296,,0.0285,203.9921,15.6386,16.455,0.354,0.248
D0200102,水果類,木瓜(5月取樣),"前處理描述:去皮及籽,混合均勻打碎","番木瓜,番瓜",29.2,43.8347,41.4486,87.427,0.675,0.104,,11.3045,1.4913,,3.6739,,0.076,208.8241,39.364,15.5611,0.1287,0.1434
D0200103,水果類,木瓜(8月取樣),"前處理描述:去皮及籽,混合均勻打碎","番木瓜,番瓜",34.3,33.4413,31.2629,90.295,0.457,0.021,,8.8139,1.3615,,2.9287,,0.244,185.9294,22.0296,14.1106,0.1068,0.3105
D0200104,水果類,木瓜(11月取樣),"前處理描述:去皮及籽,混合均勻打碎","番木瓜,番瓜",20.7,44.199,42.4821,87.465,0.411,0.0505,,11.7765,1.0731,,4.8663,,0.028,145.7462,13.115,14.895,0.458,0.1584
D0200201,水果類,青木瓜,"前處理描述:去皮及籽,混合均勻打碎","青番木瓜,青番瓜",17.6,28.5757,24.7343,91.6581,0.6203,0.0691,,7.1981,2.4009,4.2576,5.2903,,0.0377,138.5683,30.9868,19.3675,0.1503,0.1231
D0300101,水果類,安石榴,"前處理描述:去皮及籽,混合均勻打碎","石榴, 榭榴, 謝榴, 樹榴",59.8,67.2198,59.8598,80.7,1.7,0.14,,16.76,4.6,,8.0,,,200.0,15.0,15.0,0.4,0.4
D0400101,水果類,百香果(台農一號),"前處理描述:去皮,混合均勻打碎","時計果,西番果",48.0,102.208,94.4084,73.89,1.998,2.24,0.2999,21.3183,4.8747,11.468,2.08,0.3091,0.27,272.72,8.42,23.12,0.7,1.27
D0430101,水果類,百香果汁,"前處理描述:取內容物,混合均勻打碎,再去除粗籽","時計果汁,西番果汁,西番蓮汁,美里瓜汁",57.7,72.9366,72.6329,79.577,0.871,0.3592,,18.6121,0.1898,,0.9742,,0.306,238.5358,5.0454,16.4254,0.5933,0.5838
D0500101,水果類,金黃奇異果,"樣品狀態:黃肉種; 前處理描述:去皮,混合均勻打碎","彌猴桃,猴桃,猴梨,藤梨,毛桃,羊桃,紅藤梨,金桃,楊桃",17.2,58.9366,56.6646,83.3445,0.8385,0.2661,0.0931,14.97,1.42,10.6077,2.0379,,0.2812,251.6121,21.6913,11.2012,0.216,0.2485
D0500201,水果類,奇異果,"樣品狀態:綠肉種; 前處理描述:去皮,混合均勻打碎","彌猴桃,猴桃,猴梨,藤梨,毛桃,羊桃,紅藤梨,金桃,楊桃",12.9,56.2826,51.8836,83.95,1.1497,0.2582,0.0525,13.9607,2.7494,9.315,2.9167,,0.1449,290.7544,27.6297,12.4225,0.2574,0.1991
D0600101,水果類,紅毛丹,"前處理描述:去皮及籽,混合均勻打碎","韶子,毛龍眼,毛荔枝",49.8,73.2833,70.8751,80.043,1.0315,0.657,,17.8662,1.5051,,8.1841,,0.1095,151.8635,15.7514,13.6756,0.5236,0.3673
D0700101,水果類,紅龍果(白肉),"樣品狀態:白肉種; 前處理描述:去皮,混合均勻打碎","火龍果,仙蜜果",22.6,51.4985,48.8113,85.6757,0.9307,0.4393,0.0491,12.4151,1.6795,8.931,0.0696,,0.047,226.1907,4.4116,28.2835,0.447,0.4175
D0700201,水果類,紅龍果(紅肉),"樣品狀態:紅肉種; 前處理描述:去皮,混合均勻打碎","火龍果,仙蜜果",18.9,50.05,48.0086,85.842,1.119,0.2498,0.0679,12.2776,1.2759,9.2187,0.272,,0.02,218.66,9.0255,23.7655,0.7875,0.538
D08001,水果類,北蕉平均值,"前處理描述:去皮,混合均勻打碎","香蕉,芎蕉,弓蕉,甘蕉",35.3,84.9833,82.3938,75.7204,1.451,0.0722,0.039,22.0845,1.6184,18.014,0.1778,,0.4369,367.5296,4.79,23.6236,0.389,0.4528
D0800101,水果類,北蕉(2月取樣),"前處理描述:去皮,混合均勻打碎","香蕉,芎蕉,弓蕉,甘蕉",34.5,93.2203,90.0821,73.448,1.324,0.0111,,24.633,1.9614,,0.1743,,0.438,356.9232,3.2604,17.9348,0.5407,0.7511
D0800102,水果類,北蕉(5月取樣),"前處理描述:去皮,混合均勻打碎","香蕉,芎蕉,弓蕉,甘蕉",38.1,91.7847,88.8546,73.8715,1.557,0.1666,0.0899,23.6552,1.8313,18.014,0.262,,0.4,346.4541,3.2482,26.4334,0.1748,0.1241
D0800103,水果類,北蕉(9月取樣),"前處理描述:去皮,混合均勻打碎","香蕉,芎蕉,弓蕉,甘蕉",30.5,64.6971,62.8062,81.375,1.33,0.039,,16.6394,1.1818,,0.1469,,0.3926,303.7861,9.6721,23.45,0.2131,0.5953
D0800104,水果類,北蕉(11月取樣),"前處理描述:去皮,混合均勻打碎","香蕉,芎蕉,弓蕉,甘蕉",35.5,90.231,87.8324,74.187,1.593,0.0719,,23.4102,1.4991,,0.128,,0.517,462.9549,2.9791,26.6762,0.6274,0.3407
D0800201,水果類,"北蕉(0天,綠皮)","樣品狀態:綠皮北蕉; 前處理描述:購買當日即去皮,混合均勻打碎","香蕉,芎蕉,弓蕉,甘蕉",41.3,90.4728,87.3498,74.353,1.303,0.2554,0.0984,23.3214,1.9519,9.165,0.282,,0.451,362.774,3.557,28.313,0.366,0.261
D0800301,水果類,北蕉(1天),"樣品狀態:綠皮北蕉; 前處理描述:帶皮室溫存放1天,去皮,混合均勻打碎","香蕉,芎蕉,弓蕉,甘蕉",36.7,87.1529,84.4012,75.38,1.432,0.2886,0.1237,22.2016,1.7198,13.019,0.301,,0.544,349.15,3.588,28.923,0.369,0.246
D0800401,水果類,北蕉(3天),"樣品狀態:黃皮北蕉; 前處理描述:帶皮室溫存放3天,去皮,混合均勻打碎","香蕉,芎蕉,弓蕉,甘蕉",34.1,83.6957,80.9237,76.351,1.361,0.2992,0.1149,21.2829,1.7325,11.887,0.344,,0.557,320.866,3.86,26.668,0.337,2.659
D0800501,水果類,北蕉(7天),"樣品狀態:黃皮斑點北蕉; 前處理描述:帶皮室溫存放7天,去皮,混合均勻打碎","香蕉,芎蕉,弓蕉,甘蕉",35.0,67.8757,65.296,80.659,1.287,0.2485,0.0953,17.0754,1.6123,10.846,0.223,,0.541,302.686,4.934,25.356,0.33,2.246
D0800601,水果類,李林蕉(2007年取樣),"前處理描述:去皮,混合均勻打碎","香蕉,芎蕉,弓蕉,甘蕉(牛角蕉,佛手蕉,美人蕉,樹蕉)",43.1,102.1755,97.9896,70.984,1.418,0.3465,0.151,26.253,2.6162,19.8249,0.0,,0.423,394.875,21.352,35.233,0.345,0.867
D0800602,水果類,李林蕉(2012年取樣),"前處理描述:去皮,混合均勻打碎","香蕉,芎蕉,弓蕉,甘蕉(牛角蕉,佛手蕉,美人蕉,樹蕉)",39.7,110.6234,105.3784,68.321,1.474,0.087,,29.1507,3.2781,18.918,0.628,,0.271,386.367,16.631,58.305,0.449,0.264
D0800701,水果類,南華蕉,"前處理描述:去皮,混合均勻打碎","香蕉,芎蕉,弓蕉,甘蕉(芭蕉)",28.1,124.085,119.4433,64.808,1.142,0.1,0.0,33.1697,2.9011,19.4063,0.231,,0.209,304.7935,6.9574,36.6735,0.15,0.312
D0800801,水果類,紅皮蕉(2004年取樣),"前處理描述:去皮,混合均勻打碎","香蕉,芎蕉,弓蕉,甘蕉,蘋果蕉",36.3,92.9853,89.5648,73.384,1.287,0.2912,0.1251,23.951,2.1378,19.3878,0.316,,0.619,375.69,8.0563,34.2802,0.0,0.406
D0800802,水果類,紅皮蕉(2012年取樣),"前處理描述:去皮,混合均勻打碎","香蕉,芎蕉,弓蕉,甘蕉,蘋果蕉",35.7,97.7854,93.388,72.109,1.281,0.2216,0.1162,25.4518,2.7484,18.237,0.651,,0.352,371.087,9.991,44.589,0.377,0.145
D0801101,水果類,蛋蕉(2023年取樣),"前處理描述:去皮,混合均勻打碎","旦蕉, 一口蕉",20.8,87.4042,85.6925,75.04,1.068,0.01,0.0077,23.2589,1.0698,18.311,3.381,0.2624,0.27,339.31,2.787,17.044,0.301,0.316
D0900101,水果類,酪梨(綠皮),"樣品狀態:綠皮; 前處理描述:去皮及籽,混合均勻打碎","牛油果(梨),黃油果(梨),油梨,鰐(鱷)梨,幸福果,樂天果",30.2,64.9787,59.5472,86.1113,1.6293,3.6922,1.0824,7.9446,3.3947,0.9083,2.0583,,0.2317,251.4956,6.2672,18.8113,0.3365,0.6639
D0900201,水果類,酪梨(室溫存放0天),"樣品狀態:綠皮; 前處理描述:室溫存放0天,去皮及籽,混合均勻打碎","牛油果(梨),黃油果(梨),油梨,鰐(鱷)梨,幸福果,樂天果",30.8,80.0423,73.2652,84.962,1.455,5.9116,1.6761,7.1315,4.2357,0.3221,0.408,,0.393,290.721,2.918,20.074,0.0,0.497
D0900301,水果類,酪梨(室溫存放3天),"樣品狀態:綠皮轉紅; 前處理描述:室溫存放3天,去皮及籽,混合均勻打碎","牛油果(梨),黃油果(梨),油梨,鰐(鱷)梨,幸福果,樂天果",24.9,84.4824,79.8298,84.837,1.365,6.8229,2.002,6.3301,2.9079,0.3303,0.309,,0.462,360.939,2.515,19.206,0.0,0.511
D0900401,水果類,酪梨(室溫存放6天),"樣品狀態:紅皮; 前處理描述:室溫存放6天,去皮及籽,混合均勻打碎","牛油果(梨),黃油果(梨),油梨,鰐(鱷)梨,幸福果,樂天果",23.5,92.2151,83.0325,83.243,1.517,7.5884,2.1993,6.5564,5.7391,0.8766,0.548,,0.402,384.521,4.347,23.86,0.0,0.579
D1000101,水果類,榴槤,"前處理描述:去皮及籽,混合均勻打碎","榴蓮,流連,山韶子",32.4,131.7274,126.6272,64.719,2.7187,1.8612,0.7055,29.7262,3.1876,18.391,1.7409,0.3619,0.3208,459.2791,22.8968,26.03,0.3049,0.5174
D1100101,水果類,開英種1號鳳梨,"樣品狀態:開英種; 前處理描述:去皮,混合均勻打碎","旺來,波羅,黃萊,黃梨,王萊(開英種1號,1號仔,突目仔)",44.3,56.1664,54.6088,84.375,0.624,0.2061,,14.5402,0.9735,,0.0265,,0.133,191.0207,4.0931,6.9668,0.2731,0.3893
D11002,水果類,鳳梨平均值(雜交種),"樣品狀態:雜交種; 前處理描述:去皮,混合均勻打碎","鳳梨,旺來,波羅,黃萊,黃梨,王萊",42.0,52.6628,50.9789,85.1745,0.7379,0.1454,0.0542,13.6018,1.0525,11.5986,0.339,,0.1517,162.2599,10.4463,12.2033,0.3333,0.4366
D1100201,水果類,甘蔗鳳梨,"樣品狀態:雜交種; 前處理描述:去皮,混合均勻打碎","旺來,波羅,黃萊,黃梨,王萊(台農13號,冬蜜鳳梨)",41.8,57.4048,55.085,83.801,0.693,0.0732,,15.1288,1.4499,,0.0633,,0.123,121.8987,8.7007,13.903,0.4254,0.3562
D1100202,水果類,甜蜜蜜鳳梨,"樣品狀態:雜交種; 前處理描述:去皮,混合均勻打碎","旺來,波羅,黃萊,黃梨,王萊(台農16號)",44.6,42.3321,40.8355,87.864,0.978,0.093,,10.6299,0.9354,,0.4058,,0.2438,224.6703,17.0761,12.5557,0.4138,0.8737
D1100203,水果類,金鑽鳳梨,"樣品狀態:雜交種; 前處理描述:去皮,混合均勻打碎","旺來,波羅,黃萊,黃梨,王萊(台農17號,春蜜鳳梨)",34.1,50.4379,48.7073,85.842,0.501,0.1262,0.0536,13.2495,1.0816,9.4739,0.5375,,0.096,132.892,4.9215,11.921,0.1075,0.2105
D1100204,水果類,牛奶鳳梨,"樣品狀態:雜交種; 前處理描述:去皮,混合均勻打碎","旺來,波羅,黃萊,黃梨,王萊(台農20號)",48.8,60.4765,59.2877,83.191,0.7795,0.2892,0.0927,15.3991,0.743,13.7233,0.3495,,0.144,169.5785,11.087,10.4335,0.3865,0.306
D1200101,水果類,釋迦,"前處理描述:去皮及籽,混合均勻打碎","番荔枝,釋迦果,佛頭果,番梨",43.8,104.1989,99.8789,70.0,2.2,0.144,0.0552,26.556,2.7,15.976,7.0,,0.046,390.0,18.0,29.0,0.3,0.2
D1200201,水果類,鳳梨釋迦,"前處理描述:去皮及籽,混合均勻打碎","旺來釋迦,奇美釋迦,蜜釋迦",39.4,102.1751,99.4206,71.484,1.5105,0.415,0.1524,26.0073,1.7216,19.599,2.3035,,0.209,257.9313,14.578,25.8307,0.4888,0.1708
D1300101,水果類,桑葚,"樣品狀態:橢圓型果; 前處理描述:去蒂頭,混合均勻打碎","桑果,桑葚兒",4.3,31.9989,29.9544,91.046,1.137,0.3676,0.1598,6.9727,1.2778,3.7935,0.786,,0.036,180.271,41.4314,11.4845,0.405,0.239
D1330101,水果類,桑葚汁,"樣品狀態:橢圓型果; 前處理描述:混合均勻打碎,再以砂布濾取果汁","桑果,桑葚兒",48.3,25.1552,24.5371,92.747,0.815,0.155,0.0,5.8665,0.3863,3.7649,0.48,,0.029,141.072,26.7668,9.6264,0.0,0.271
D1400101,水果類,草莓,"前處理描述:去蒂,混合均勻打碎",,2.6,38.6848,35.868,88.9717,0.963,0.2439,0.0866,9.2799,1.7605,6.084,6.7619,,0.0563,198.6042,16.104,13.5095,0.3444,0.0926
D1500101,水果類,土芭樂,"前處理描述:去蒂及籽,混合均勻打碎","番石榴,芭樂,拔仔,扒仔,朳仔,那拔仔,藍拔",,39.1794,31.1794,88.8,0.74,0.1,,9.96,5.0,,5.0,,0.0272,150.0,4.0,6.0,0.14,0.16
D15002,水果類,芭樂平均值(白肉),"前處理描述:去蒂及籽,混合均勻打碎","番石榴,芭樂,拔仔,扒仔,朳仔,那拔仔,藍拔",20.9,39.9848,34.4176,88.6011,0.6901,0.0982,0.0607,10.2344,3.4795,5.5305,1.4848,0.0516,0.0972,160.4003,7.5493,5.9333,0.145,0.182
D1500201,水果類,番石榴(珍珠拔)(有機),"前處理描述:去蒂及籽,混合均勻打碎","牛乳芭樂,牛奶芭樂,芭樂,拔仔,扒仔,朳仔,那拔仔,藍拔",27.9,39.8257,33.7508,88.61,0.576,0.06,0.0508,10.3856,3.7968,5.876,0.0,0.0516,0.04,155.58,4.21,5.74,0.12,0.08
D1500202,水果類,世紀芭樂,"樣品狀態:橢圓形; 前處理描述:去蒂及籽,混合均勻打碎","番石榴,芭樂,拔仔,扒仔,朳仔,那拔仔,藍拔",17.3,39.7046,34.1963,88.6667,0.662,0.068,,10.2531,3.4427,,0.4396,,0.2472,159.9023,15.3291,6.1129,0.2214,0.2616
D1500203,水果類,珍珠芭樂,"樣品狀態:梨形,白黃肉; 前處理描述:去蒂及籽,混合均勻打碎","番石榴,芭樂,拔仔,扒仔,朳仔,那拔仔,藍拔",21.1,41.9639,36.0784,88.1277,0.7225,0.1649,0.0644,10.5989,3.6784,5.185,0.4996,,0.0745,176.1187,6.6582,5.8803,0.1385,0.1863
D1500204,水果類,泰國芭樂,"樣品狀態:圓形,黃綠皮白肉; 前處理描述:去蒂及籽,混合均勻打碎","番石榴,芭樂,拔仔,扒仔,朳仔,那拔仔,藍拔",,38.445,33.645,89.0,0.8,0.1,,9.7,3.0,,5.0,,0.027,150.0,4.0,6.0,0.1,0.2
D1500205,水果類,無子芭樂,"樣品狀態:圓形,黃綠皮白肉; 前處理描述:去蒂及籽,混合均勻打碎","番石榴,芭樂,拔仔,扒仔,朳仔,那拔仔,藍拔",7.1,33.4051,28.6964,90.399,0.74,0.0016,,8.5848,2.9429,,0.1583,,0.047,114.7677,4.224,5.4721,0.0,3.4548
D1500301,水果類,紅心芭樂,"樣品狀態:梨形,綠皮紅肉; 前處理描述:去蒂及籽,混合均勻打碎","番石榴,芭樂,拔仔,扒仔,朳仔,那拔仔,藍拔",22.6,42.0341,35.7425,88.027,0.757,0.1089,0.0327,10.7164,3.9322,5.31,1.182,,0.141,165.753,5.046,6.273,0.193,0.171
D16001,水果類,楊桃平均值,"前處理描述:去陵線及籽,混合均勻打碎","羊桃,洋桃,陽桃,五稜子,五斂子",10.5,32.0281,30.021,90.8332,0.5262,0.0706,,8.2414,1.2545,6.336,0.3201,,0.055,151.9026,1.6455,6.2689,0.1702,0.3669
D1600101,水果類,楊桃(2月取樣),"前處理描述:去陵線及籽,混合均勻打碎","羊桃,洋桃,陽桃,五稜子,五斂子",11.9,29.3672,27.0115,91.6,0.438,0.0734,,7.5781,1.4723,,0.0877,,0.03,136.1605,1.8256,4.4502,0.2357,0.4847
D1600102,水果類,楊桃(4月取樣),"前處理描述:去陵線及籽,混合均勻打碎","羊桃,洋桃,陽桃,五稜子,五斂子",11.8,32.095,29.6998,90.653,0.651,0.0722,,8.1398,1.497,6.336,0.435,,0.045,168.312,2.698,7.908,0.095,0.148
D1600103,水果類,楊桃(5月取樣),"前處理描述:去陵線及籽,混合均勻打碎","羊桃,洋桃,陽桃,五稜子,五斂子",10.0,34.4451,32.9448,90.246,0.636,0.127,,8.6792,0.9377,,0.3473,,0.069,170.9523,1.875,6.3303,0.0,0.1828
D1600104,水果類,楊桃(9月取樣),"前處理描述:去陵線及籽,混合均勻打碎","羊桃,洋桃,陽桃,五稜子,五斂子",9.2,33.4224,31.227,90.492,0.468,0.036,,8.7635,1.3721,,0.4848,,0.111,133.2694,1.1793,6.3692,0.2294,0.7313
D1600105,水果類,楊桃(11月取樣),"前處理描述:去陵線及籽,混合均勻打碎","羊桃,洋桃,陽桃,五稜子,五斂子",9.6,30.8111,29.2218,91.175,0.438,0.0444,,8.0466,0.9933,,0.2457,,0.02,150.819,0.6496,6.2868,0.291,0.2875
D1700101,水果類,美國紅葡萄,"樣品狀態:有籽種,紅皮; 前處理描述:去皮及籽,混合均勻打碎","蒲桃,蒲萄,草龍珠,蒲陶,葡桃",15.7,68.6178,67.8178,81.0665,0.443,0.4035,,17.7089,0.5,,7.9209,,0.0505,166.2969,5.0046,5.8208,0.2136,0.0158
D1700201,水果類,巨峰葡萄,"樣品狀態:有籽種,黑皮; 前處理描述:去皮及籽,混合均勻打碎","蒲桃,蒲萄,草龍珠,蒲陶,葡桃",19.2,63.5451,63.1609,82.3543,0.52,0.2633,0.1083,16.5539,0.2401,15.568,0.9866,,0.0553,121.7084,4.8369,3.5081,0.1014,0.057
D17003,水果類,綠葡萄平均值,"樣品狀態:有籽種,綠皮; 前處理描述:去皮及籽,混合均勻打碎","葡萄,蒲桃,蒲萄,草龍珠,蒲陶,葡桃",17.5,57.9343,57.341,83.7315,0.5188,0.1533,,15.2524,0.3709,,3.6363,,0.0575,149.6809,3.4695,4.257,0.2474,0.2171
D1700301,水果類,美國綠葡萄,"樣品狀態:有籽種,綠皮; 前處理描述:去皮及籽,混合均勻打碎","蒲桃,蒲萄,草龍珠,蒲陶,葡桃(青葡萄,白葡萄)",17.3,63.9579,63.3408,82.003,0.5385,0.1935,,16.8136,0.3857,,7.0882,,0.045,163.6054,4.4551,5.5639,0.2912,0.207
D1700302,水果類,意大利葡萄,"樣品狀態:有籽種,綠皮; 前處理描述:去皮及籽,混合均勻打碎","蒲桃,蒲萄,草龍珠,蒲陶,葡桃",17.9,51.9108,51.3412,85.46,0.499,0.113,,13.6912,0.356,,0.1844,,0.07,135.7564,2.4838,2.95,0.2035,0.2272
D1700401,水果類,美國紅葡萄(含皮),"樣品狀態:有籽種,紅皮; 前處理描述:去籽,含皮,混合均勻打碎","蒲桃,蒲萄,草龍珠,蒲陶,葡桃",2.3,61.3069,60.0248,82.7151,0.4385,0.145,,16.2833,0.8013,,1.1939,,0.1095,214.3884,6.9182,6.2194,0.7308,0.324
D1700501,水果類,美國紫葡萄(含皮),"樣品狀態:有籽種,紫皮; 前處理描述:去籽,含皮,混合均勻打碎","蒲桃,蒲萄,草龍珠,蒲陶,葡桃",4.1,80.4128,79.2276,77.2799,0.444,0.0,,21.9225,0.7408,,0.6748,,0.07,228.3121,7.418,6.9355,0.7971,0.2808
D1700601,水果類,美國黑葡萄(含皮),"樣品狀態:有籽種,黑皮; 前處理描述:去籽,含皮,混合均勻打碎","蒲桃,蒲萄,草龍珠,蒲陶,葡桃",4.4,62.6744,61.3586,82.377,0.592,0.177,,16.4455,0.8224,,0.3481,,0.111,213.3385,8.9768,6.4545,0.6371,0.2613
D1700701,水果類,美國綠葡萄(含皮),"樣品狀態:有籽種,綠皮; 前處理描述:去籽,含皮,混合均勻打碎","蒲桃,蒲萄,草龍珠,蒲陶,葡桃(青葡萄,白葡萄)",8.0,86.9466,85.6132,75.498,0.581,0.395,,22.6912,0.8334,,0.9027,,0.086,264.253,9.6018,7.5292,0.3143,0.1842
D1700801,水果類,無子紅葡萄(含皮),"樣品狀態:無籽種,紅皮; 前處理描述:含皮,混合均勻打碎","蒲桃,蒲萄,草龍珠,蒲陶,葡桃",,71.6646,70.6596,79.859,0.46,0.108,,19.2264,0.6281,,3.1072,,0.0635,194.1903,12.4644,7.8463,0.3241,0.4097
D1700901,水果類,黑美人葡萄(含皮),"樣品狀態:無籽種,黑皮; 前處理描述:含皮,混合均勻打碎","蒲桃,蒲萄,草龍珠,蒲陶,葡桃",,65.5083,64.6688,81.5695,0.5135,0.1409,,17.3899,0.5247,,0.2129,,0.048,186.9309,8.3738,7.3243,0.0,0.5505
D1701001,水果類,金香葡萄(含皮),"樣品狀態:無籽種,綠皮; 前處理描述:含皮,混合均勻打碎","蒲桃,蒲萄,草龍珠,蒲陶,葡桃",,60.1749,59.3083,82.98,0.63,0.062,,15.9831,0.5416,,0.2428,,0.091,205.3138,7.3892,6.0023,0.3975,0.1182
D1710101,水果類,葡萄乾,"樣品狀態:果乾(紅葡萄,無加糖); 前處理描述:混合均勻打碎",,,306.1048,296.6488,14.53,3.19,1.4504,0.2301,78.6796,5.91,43.544,14.0,,0.0293,710.0,55.0,33.0,1.53,0.54
D18001,水果類,蓮霧平均值(粉紅色種),"樣品狀態:粉紅色種; 前處理描述:去蒂及籽,混合均勻打碎","璉霧,輦霧,洋蒲桃",10.9,39.4115,38.1384,89.1243,0.3857,0.2669,0.0873,9.9671,0.7957,7.7735,1.8747,0.0209,0.035,91.4013,2.5515,5.1949,0.0543,0.1433
D1800101,水果類,蓮霧(紅寶石),"樣品狀態:粉紅色種; 前處理描述:去蒂及籽,混合均勻打碎","璉霧,輦霧,洋蒲桃,水蓊",9.6,32.9007,31.8268,91.074,0.339,0.3295,0.0781,8.0566,0.6712,7.49,2.113,,0.081,83.486,1.811,4.832,0.133,0.263
D1800102,水果類,蓮霧(黑金剛),"樣品狀態:粉紅色種; 前處理描述:去蒂及籽,混合均勻打碎","璉霧,輦霧,洋蒲桃,水蓊",7.6,33.8464,32.3693,90.329,0.473,0.0613,0.0,8.8178,0.9232,,0.741,,0.004,94.998,3.6134,5.4327,0.0,0.167
D1800103,水果類,蓮霧(黑珍珠),"樣品狀態:粉紅色種; 前處理描述:去蒂及籽,混合均勻打碎","璉霧,輦霧,洋蒲桃,水蓊",15.4,51.4874,50.2191,85.97,0.345,0.41,0.3049,13.0268,0.7927,8.057,2.77,0.0209,0.02,95.72,2.23,5.32,0.03,0.0
D1900101,水果類,華寶大西瓜(花蓮),"樣品狀態:紅肉大瓜,長球型,淡綠色皮; 前處理描述:去皮及籽,混合均勻打碎","水瓜,寒瓜,夏瓜",37.3,33.1023,31.9975,90.639,0.654,0.059,,8.4475,0.6905,7.7963,1.44,,0.042,116.009,16.961,10.03,0.286,0.457
D19002,水果類,西瓜平均值(紅肉小瓜),"樣品狀態:紅肉小瓜; 前處理描述:去皮及籽,混合均勻打碎","水瓜,寒瓜,夏瓜",43.7,32.5907,32.0485,90.8049,0.7784,0.1213,0.0412,8.0445,0.3389,7.4652,1.4365,,0.1428,121.2847,7.1827,11.3101,0.2241,0.2031
D1900201,水果類,皇宮西瓜,"樣品狀態:紅肉小瓜,圓球型,淡綠色皮; 前處理描述:去皮及籽,混合均勻打碎","水瓜,寒瓜,夏瓜",42.1,32.3959,31.9885,90.859,0.69,0.1134,0.0487,8.0912,0.2546,7.7028,0.9055,,0.2035,114.9468,7.2712,10.9114,0.2124,0.3607
D1900202,水果類,紅鈴西瓜,"樣品狀態:紅肉小瓜,長球型,深綠色,鮮紅肉色; 前處理描述:去皮及籽,混合均勻打碎","水瓜,寒瓜,夏瓜",41.2,34.0299,33.5148,90.3677,0.8387,0.0688,,8.51,0.3219,7.6921,2.2113,,0.1489,97.4798,6.115,9.7462,0.2184,0.2226
D1900203,水果類,黑美人西瓜,"樣品狀態:紅肉小瓜; 前處理描述:去皮及籽,混合均勻打碎","水瓜,寒瓜,夏瓜",45.9,36.465,35.9908,89.68,0.912,0.0839,,9.0829,0.2964,8.907,1.6611,,0.1297,110.7101,11.4827,12.7188,0.2387,0.2291
D1900204,水果類,鳳光西瓜,"樣品狀態:紅肉小瓜,長球型,深淺綠色條紋相間,鮮紅肉色; 前處理描述:去皮及籽,混合均勻打碎","水瓜,寒瓜,夏瓜",50.3,27.4719,26.6999,92.313,0.673,0.2189,0.0547,6.494,0.4825,5.559,0.968,,0.089,162.002,3.862,11.864,0.227,0.0
D1900301,水果類,無籽西瓜,"前處理描述:去皮,混合均勻打碎","水瓜,寒瓜,夏瓜",31.1,32.8436,31.9343,90.522,0.875,0.0451,,8.2017,0.5683,7.3471,0.61,,0.042,150.288,15.226,15.965,0.334,0.443
D19004,水果類,西瓜平均值(黃肉小瓜),"樣品狀態:黃肉小瓜種; 前處理描述:去皮及籽,混合均勻打碎","水瓜,寒瓜,夏瓜",39.6,29.0044,28.6019,91.6968,0.679,0.038,0.0126,7.3347,0.2516,7.86,1.5732,,0.0623,98.5578,9.4532,11.4639,0.2384,0.2905
D1900401,水果類,小玉西瓜,"樣品狀態:黃肉小瓜; 前處理描述:去皮及籽,混合均勻打碎","水瓜,寒瓜,夏瓜",39.5,34.368,33.8944,90.2085,0.791,0.06,0.0199,8.6689,0.296,7.86,2.4225,,0.0425,93.7878,5.2946,11.6851,0.2578,0.2314
D1900402,水果類,金蘭西瓜,"樣品狀態:黃肉小瓜,圓球型,綠底綠條紋,深黃肉色; 前處理描述:去皮及籽,混合均勻打碎","水瓜,寒瓜,夏瓜",40.0,23.6408,23.3093,93.185,0.567,0.016,,6.0005,0.2072,,0.7238,,0.0821,103.3277,13.6117,11.2427,0.219,0.3495
D1900501,水果類,嘉寶瓜,"樣品狀態:橙肉西瓜,橢圓形; 前處理描述:去皮,混合均勻打碎","水瓜,寒瓜,夏瓜(嘉寶兵瓜)",,40.2228,39.6148,88.74,0.78,0.2,,9.98,0.38,,9.0,,,80.0,3.0,7.0,0.52,0.22
D20001,水果類,甜瓜平均值(光皮洋香瓜),"樣品狀態:光皮洋香瓜種; 前處理描述:去皮及籽,混合均勻打碎","甜瓜,甘瓜,果瓜,香瓜,梨仔瓜,澎湖瓜,洋香瓜",23.3,29.5857,28.6689,91.3988,0.8727,0.0922,0.0586,7.1894,0.573,6.0484,13.0543,,0.0818,225.19,8.7554,8.6659,0.3398,0.3482
D2000101,水果類,太陽洋香瓜,"樣品狀態:光皮洋香瓜種,橢圓形,黃皮白肉系; 前處理描述:去皮及籽,混合均勻打碎","甜瓜,甘瓜,果瓜,香瓜,梨仔瓜,澎湖瓜,洋香瓜",35.7,32.3771,32.2235,90.509,1.163,0.0347,,7.8275,0.096,,3.1355,,0.096,280.7348,2.7626,6.7812,0.4344,0.2678
D2000102,水果類,狀元瓜,"樣品狀態:光皮洋香瓜種,橄欖形,黃皮白肉系; 前處理描述:去皮及籽,混合均勻打碎","甜瓜,甘瓜,果瓜,香瓜,梨仔瓜,澎湖瓜,洋香瓜",12.7,27.3527,26.1387,92.0393,0.7327,0.1161,,6.6442,0.7588,5.4818,17.502,,0.048,218.513,13.3753,11.934,0.2177,0.2447
D2000103,水果類,蜜世界洋香瓜,"樣品狀態:光皮洋香瓜種,長球形,白綠皮綠肉系; 前處理描述:去皮及籽,混合均勻打碎","甜瓜,甘瓜,果瓜,香瓜,梨仔瓜,澎湖瓜,洋香瓜",29.9,29.0271,27.6444,91.648,0.7225,0.1257,0.0799,7.0965,0.8642,6.615,18.5255,,0.1015,176.3222,10.1283,7.2826,0.3674,0.5322
D20002,水果類,甜瓜平均值(東洋系脆瓜),"樣品狀態:東洋系脆瓜種; 前處理描述:去皮及籽,混合均勻打碎","甜瓜,甘瓜,果瓜,香瓜,梨仔瓜,澎湖瓜",29.8,36.7097,35.8314,89.2955,0.9829,0.1572,0.0765,8.9142,0.5489,8.4644,9.3425,,0.0905,330.1696,7.5577,10.9034,0.2515,0.2652
D2000201,水果類,美濃瓜,"樣品狀態:東洋系脆瓜種,扁圓形,白綠皮肉系; 前處理描述:去皮及籽,混合均勻打碎","甜瓜,甘瓜,果瓜,香瓜,梨仔瓜,澎湖瓜",31.4,36.8136,36.0846,89.2735,1.0678,0.187,0.091,8.7946,0.4556,8.0082,8.3475,,0.0845,337.8659,9.753,12.2771,0.2645,0.2717
D2000202,水果類,黃香瓜,"樣品狀態:東洋系脆瓜種,橢圓形,黃皮白肉系; 前處理描述:去皮及籽,混合均勻打碎","甜瓜,甘瓜,果瓜,香瓜,梨仔瓜,澎湖瓜",27.6,30.4992,29.5392,91.0,0.6,0.16,,7.54,0.6,,16.0,,0.049,240.0,7.0,7.0,0.2,0.2
D2000203,水果類,嘉玉甜瓜,"樣品狀態:東洋系脆瓜種,扁圓形,白綠皮肉系; 前處理描述:去皮及籽,混合均勻打碎","甜瓜,甘瓜,果瓜,香瓜,梨仔瓜,澎湖瓜",25.5,42.8162,41.8703,87.613,1.281,0.1246,,10.4081,0.5912,8.9205,3.68,,0.138,412.643,5.92,13.433,0.29,0.324
D2000301,水果類,洋香瓜(新世紀),"樣品狀態:哈蜜瓜種,橢圓形,綠皮橙肉系; 前處理描述:去皮及籽,混合均勻打碎","網仔瓜,哈密瓜",48.5,38.9086,38.1259,88.657,0.674,0.043,0.0144,10.0789,0.4892,7.547,9.313,,0.143,258.568,9.938,12.044,0.166,0.123
D2000302,水果類,新疆哈密瓜,"樣品狀態:哈蜜瓜種; 前處理描述:去皮及籽,混合均勻打碎","網仔瓜,哈密瓜",13.9,27.7775,26.7375,91.8,0.7,0.085,,6.865,0.65,,29.0,,0.0205,190.0,14.5,13.5,0.25,0.3
D2000303,水果類,洋香瓜(卡蜜拉),"前處理描述:去皮及籽,混合均勻打碎","網仔瓜,哈密瓜",35.0,37.6079,36.5969,89.34,0.567,0.19,0.1254,9.4757,0.6319,8.487,11.78,0.0245,0.05,217.79,9.0,13.92,0.22,0.12
D20004,水果類,甜瓜平均值(網紋洋香瓜),"樣品狀態:網紋洋香瓜種; 前處理描述:去皮及籽,混合均勻打碎","甜瓜,甘瓜,果瓜,香瓜,梨仔瓜,澎湖瓜,洋香瓜,網仔瓜,哈蜜瓜",40.6,36.9446,35.9831,89.2673,0.9182,0.039,0.0133,9.3148,0.6009,6.8388,13.2864,,0.1212,269.8095,8.4266,13.9869,0.5046,0.3819
D2000401,水果類,七股香洋香瓜,"樣品狀態:網紋洋香瓜種,球形,綠皮橙肉系; 前處理描述:去皮及籽,混合均勻打碎","甜瓜,甘瓜,果瓜,香瓜,梨仔瓜,澎湖瓜,洋香瓜,網仔瓜,哈蜜瓜",47.8,40.2804,39.3161,88.376,0.588,0.0711,,10.4749,0.6027,7.879,8.725,,0.131,323.17,4.508,14.191,0.69,0.467
D2000402,水果類,天香洋香瓜,"樣品狀態:網紋洋香瓜種,綠肉系; 前處理描述:去皮及籽,混合均勻打碎","甜瓜,甘瓜,果瓜,香瓜,梨仔瓜,澎湖瓜,洋香瓜,網仔瓜,哈蜜瓜",38.2,44.4526,43.6397,87.149,0.811,0.0062,0.0018,11.5766,0.5081,4.253,8.543,,0.151,240.9511,8.4646,15.1856,0.3522,0.378
D2000403,水果類,秋香洋香瓜,"樣品狀態:網紋洋香瓜種,球形,黃皮橙肉系; 前處理描述:去皮及籽,混合均勻打碎","甜瓜,甘瓜,果瓜,香瓜,梨仔瓜,澎湖瓜,洋香瓜,網仔瓜,哈蜜瓜",44.8,34.0753,33.2924,90.046,1.04,0.0443,,8.3917,0.4893,,16.0924,,0.113,232.0803,10.39,15.9868,0.3127,0.3186
D2000404,水果類,紅寶石洋香瓜,"樣品狀態:網紋洋香瓜種,球形,綠皮橙肉系; 前處理描述:去皮及籽,混合均勻打碎","甜瓜,甘瓜,果瓜,香瓜,梨仔瓜,澎湖瓜,洋香瓜,網仔瓜,哈蜜瓜",38.8,38.8355,37.8033,88.563,1.232,0.0279,0.0109,9.5729,0.6451,8.839,13.706,,0.073,260.192,10.544,14.649,0.54,0.404
D2000405,水果類,香華洋香瓜,"樣品狀態:網紋洋香瓜種,球形,綠皮綠肉系; 前處理描述:去皮及籽,混合均勻打碎","甜瓜,甘瓜,果瓜,香瓜,梨仔瓜,澎湖瓜,洋香瓜,網仔瓜,哈蜜瓜",36.9,30.4513,29.8118,91.249,0.743,0.0413,,7.6692,0.3997,6.384,20.447,,0.059,184.111,4.683,9.704,0.612,0.29
D2000406,水果類,藍寶石洋香瓜,"樣品狀態:網紋洋香瓜種,球形,綠皮綠肉系; 前處理描述:去皮及籽,混合均勻打碎","甜瓜,甘瓜,果瓜,香瓜,梨仔瓜,澎湖瓜,洋香瓜,網仔瓜,哈蜜瓜",39.7,33.5724,32.0356,90.221,1.095,0.043,,8.2037,0.9605,,12.205,,0.2,378.3526,11.9702,14.2048,0.5206,0.4336
D2100101,水果類,土芒果,"樣品狀態:本地種; 前處理描述:去皮及籽,混合均勻打碎","檬果,檨仔,菴羅果(柴檨,土檨仔)",45.2,54.3278,52.7124,84.8697,0.6487,0.2846,0.1579,13.8239,1.0096,10.552,1.5493,,0.0877,140.3058,8.1156,9.7084,0.406,0.1686
D21002,水果類,芒果平均值(西洋種),"樣品狀態:西洋種; 前處理描述:去皮及籽,混合均勻打碎","檬果,檨仔,菴羅果",25.8,50.3479,48.4094,86.0097,0.5779,0.213,0.0631,12.9509,1.2115,9.8494,4.7542,,0.1107,118.657,7.8386,8.8469,0.2776,0.1806
D2100201,水果類,肯特芒果,"樣品狀態:西洋種; 前處理描述:去皮及籽,混合均勻打碎","檬果,檨仔,菴羅果",22.2,49.3645,47.5057,86.308,0.538,0.2355,0.069,12.6627,1.1618,8.7561,17.3543,,0.1723,140.1965,6.1982,10.8234,0.1717,0.2511
D2100202,水果類,海頓芒果,"樣品狀態:西洋種; 前處理描述:去皮及籽,混合均勻打碎","檬果,檨仔,菴羅果",,59.9496,57.1656,83.3,0.38,0.24,,15.74,1.74,,4.0,,,120.0,6.0,10.0,0.2,0.2
D2100203,水果類,凱特芒果,"樣品狀態:西洋種; 前處理描述:去皮及籽,混合均勻打碎","檬果,檨仔,菴羅果",24.4,50.1086,48.4765,85.961,1.145,0.1603,,12.4777,1.0201,11.3129,0.566,,0.076,114.839,9.015,9.371,0.965,0.385
D2100204,水果類,愛文芒果,"樣品狀態:西洋種; 前處理描述:去皮及籽,混合均勻打碎","檬果,檨仔,菴羅果(蘋果芒果)",29.5,42.3591,40.9428,88.2203,0.3567,0.1837,0.0577,11.0064,0.8852,8.75,1.4656,,0.0843,106.1405,6.4458,6.807,0.0511,0.067
D2100205,水果類,聖心芒果,"樣品狀態:西洋種; 前處理描述:去皮及籽,混合均勻打碎","檬果,檨仔,菴羅果",23.7,49.9574,47.9566,86.259,0.47,0.2455,0.069,12.8676,1.2505,10.5787,0.385,,0.11,112.109,11.534,7.233,0.0,0.0
D2100301,水果類,黑香芒果,"樣品狀態:南洋種; 前處理描述:去皮及籽,混合均勻打碎","檬果,檨仔,菴羅果",32.9,65.9523,63.8661,81.555,0.813,0.2969,0.1122,16.871,1.3039,16.6206,0.169,,0.352,164.935,11.922,15.793,0.252,0.272
D21004,水果類,芒果平均值(新興種),"樣品狀態:新興種; 前處理描述:去皮及籽,混合均勻打碎","檬果,檨仔,菴羅果",24.9,55.8473,54.0578,84.4512,0.5786,0.239,0.0901,14.4176,1.1184,12.1157,1.4266,,0.2031,146.7558,9.6178,12.4933,0.1986,0.2914
D2100401,水果類,四季芒果,"樣品狀態:新興種; 前處理描述:去皮及籽,混合均勻打碎","檬果,檨仔,菴羅果(四季檨)",19.0,60.0964,57.2279,83.2025,0.577,0.2182,,15.6476,1.7928,13.189,0.2817,,0.1505,145.3325,7.9059,12.0047,0.155,0.3566
D2100402,水果類,玉文芒果,"樣品狀態:新興種; 前處理描述:去皮及籽,混合均勻打碎","檬果,檨仔,菴羅果",25.7,61.9019,60.7115,82.899,0.519,0.275,0.1097,16.0712,0.744,9.2387,0.0,,0.034,120.664,7.644,9.909,0.64,0.349
D2100403,水果類,金煌芒果,"樣品狀態:新興種; 前處理描述:去皮及籽,混合均勻打碎","檬果,檨仔,菴羅果",26.5,51.637,49.4338,85.6185,0.8265,0.2425,,13.0084,1.377,,7.6948,,0.1745,103.7755,6.1469,8.8154,0.1489,0.1295
D2100404,水果類,金蜜芒果,"樣品狀態:新興種; 前處理描述:去皮及籽,混合均勻打碎","檬果,檨仔,菴羅果",30.5,63.8271,61.9975,82.291,0.583,0.3804,0.1277,16.3012,1.1435,15.0387,0.836,,0.233,295.759,20.134,26.062,0.329,0.354
D2100405,水果類,金興芒果,"樣品狀態:新興種; 前處理描述:去皮及籽,混合均勻打碎","檬果,檨仔,菴羅果",5.8,40.9565,39.9735,88.46,0.552,0.1111,0.0393,10.6033,0.6144,9.1786,0.403,,0.3,124.226,6.505,12.16,0.0,0.17
D2100406,水果類,香水芒果,"樣品狀態:新興種; 前處理描述:去皮及籽,混合均勻打碎","檬果,檨仔,菴羅果",35.9,65.2215,63.0218,81.8485,0.5715,0.2138,0.0935,17.0866,1.3748,15.5623,0.3697,,0.1785,142.7537,10.4676,9.4051,0.1171,0.2418
D2100407,水果類,蓮花芒果,"樣品狀態:新興種; 前處理描述:去皮及籽,混合均勻打碎","檬果,檨仔,菴羅果",24.3,47.2908,46.0388,86.839,0.421,0.2317,0.0832,12.2047,0.7825,10.4872,0.401,,0.351,94.78,8.521,9.097,0.0,0.439
D2110101,水果類,芒果乾,樣品狀態:果乾(無加糖); 前處理描述:混合均勻打碎,,,333.9183,328.4143,7.6,0.55,0.9749,0.3465,89.9751,3.44,56.589,219.0,,0.0071,64.0,58.0,8.0,2.0,0.08
D22001,水果類,荔枝平均值,"前處理描述:去殼及籽,混合均勻打碎","丹荔,荔錦,麗枝,離枝",30.4,64.9699,63.6439,81.8044,1.0357,0.236,0.0865,16.5319,0.8288,14.0801,1.244,,0.0859,184.6567,4.0101,14.0639,0.1438,0.3376
D2200101,水果類,玉荷苞荔枝,"前處理描述:去殼及籽,混合均勻打碎","丹荔,荔錦,麗枝,離枝",25.4,68.2581,67.0522,80.87,1.168,0.2426,0.0889,17.3064,0.7537,14.394,0.2381,,0.0985,189.6998,2.3349,13.5223,0.1018,0.2051
D2200102,水果類,黑葉仔荔枝,"前處理描述:去殼及籽,混合均勻打碎","丹荔,荔錦,麗枝,離枝",33.7,61.6818,60.2356,82.7387,0.9033,0.2294,,15.7574,0.9039,13.7661,2.2498,,0.0733,179.6136,5.6852,14.6054,0.1857,0.4701
D2200201,水果類,冷凍荔枝,"樣品狀態:果肉,冷凍包裝; 前處理描述:混合均勻打碎","丹荔,荔錦,麗枝,離枝",,28.1127,27.1207,91.9,0.4,0.11,,7.18,0.62,,9.0,,0.0234,130.0,4.0,12.0,0.22,0.2
D2300101,水果類,龍眼,"前處理描述:去殼及籽,混合均勻打碎","桂圓,龍目,圓眼",31.0,71.8698,68.9898,79.718,1.1275,0.3794,0.2183,18.0294,1.8,15.159,2.5862,,0.106,282.1886,4.5375,8.9389,0.3527,0.3322
D2310101,水果類,龍眼乾,樣品狀態:果乾; 前處理描述:混合均勻打碎,"桂圓乾,龍目乾,圓眼乾",0.0,276.0909,271.5229,18.2395,5.065,0.4547,0.2515,70.9074,2.855,51.408,4.8081,,0.3548,1234.885,48.8558,47.7506,1.2848,0.7079
D2310201,水果類,帶殼龍眼乾,"樣品狀態:果乾; 前處理描述:去殼及籽,混合均勻打碎","桂圓乾,龍目乾,圓眼乾",38.8,278.4911,273.5521,19.662,4.604,0.071,0.0,72.8965,3.0869,,0.4082,,0.773,1044.4139,29.6735,31.2729,0.8839,0.6021
D24001,水果類,李子平均值(青皮黃肉),"樣品狀態:青皮黃肉; 前處理描述:去籽,混合均勻打碎",李子,6.2,47.5354,45.1137,86.864,0.667,0.3753,,11.7093,1.5136,,0.2939,,0.1668,151.8591,4.1201,7.4296,0.2248,0.3368
D2400101,水果類,加州青李,"樣品狀態:青皮黃肉; 前處理描述:去籽,混合均勻打碎",李子,3.5,47.176,44.3582,86.771,0.649,0.22,,11.9872,1.7611,,0.4595,,0.2966,163.3641,3.9235,7.577,0.0,0.4552
D2400102,水果類,翡翠李,"樣品狀態:青皮黃肉; 前處理描述:去籽,混合均勻打碎",李子,8.8,47.8949,45.8692,86.957,0.685,0.5305,,11.4314,1.2661,,0.1282,,0.037,140.354,4.3166,7.2821,0.4496,0.2183
D24002,水果類,李子平均值(紅皮紅肉),"樣品狀態:紅皮紅肉; 前處理描述:去籽,混合均勻打碎",李子,7.2,39.4575,36.8019,89.045,0.6053,0.3384,0.1105,9.6089,1.6598,5.6884,0.2462,,0.0228,147.833,5.2054,6.0232,0.5408,0.4097
D2400201,水果類,紅肉李(大),"樣品狀態:紅皮紅肉; 前處理描述:去籽,混合均勻打碎",李子,6.6,40.5805,38.1644,88.866,0.5315,0.3323,,10.0037,1.5101,5.8854,0.0003,,0.0385,139.654,5.0248,5.9563,0.1936,0.3673
D2400202,水果類,紅肉李(小),"樣品狀態:紅皮紅肉; 前處理描述:去籽,混合均勻打碎",李子,8.4,38.3345,35.4394,89.224,0.679,0.3444,0.1125,9.214,1.8094,5.4914,0.492,,0.007,156.012,5.386,6.09,0.888,0.452
D24003,水果類,李子平均值(紅皮黃肉),"樣品狀態:紅皮黃肉; 前處理描述:去籽,混合均勻打碎",李子,9.2,47.6233,45.2523,86.729,0.7072,0.2937,0.1035,11.8859,1.4819,5.4026,0.6912,,0.0445,154.8608,5.7929,7.0358,0.2238,0.3175
D2400301,水果類,加州紅李(台灣),"樣品狀態:紅皮黃肉; 前處理描述:去籽,混合均勻打碎",李子,7.4,44.6365,41.9863,88.153,0.348,0.6404,,10.5853,1.6564,,0.0304,,0.031,104.9041,5.9447,5.9953,0.2808,0.1844
D2400302,水果類,加州紅李(進口),"樣品狀態:紅皮黃肉; 前處理描述:去籽,混合均勻打碎",李子,3.5,60.0724,57.6347,83.034,0.818,0.2653,,15.3065,1.5236,,3.5,,0.0455,167.6598,4.7737,8.3664,0.1,0.2615
D2400303,水果類,加州蜜李(進口),"樣品狀態:紅皮黃肉; 前處理描述:去籽,混合均勻打碎",李子,4.8,66.2079,62.8715,81.119,1.254,0.0513,,17.1014,2.0852,,0.0521,,0.065,208.7852,7.7686,8.8738,0.0,0.6821
D2400304,水果類,香水李,"樣品狀態:紅皮黃肉; 前處理描述:去籽,混合均勻打碎",李子,21.2,36.1779,35.1833,89.871,0.709,0.271,0.0885,8.7576,0.6216,5.8479,0.264,,0.005,148.408,3.54,6.61,0.653,0.403
D2400305,水果類,桃接李(大),"樣品狀態:紅皮黃肉; 前處理描述:去籽,混合均勻打碎",李子,13.4,37.5626,35.6938,89.614,0.5845,0.2828,,9.231,1.168,5.045,0.7417,,0.041,122.3177,5.4843,6.482,0.1992,0.2193
D2400306,水果類,桃接李(小),"樣品狀態:紅皮黃肉; 前處理描述:去籽,混合均勻打碎",李子,10.8,35.8162,32.7376,90.149,0.66,0.3158,0.1194,8.5987,1.9241,5.315,0.0181,,0.05,158.2443,6.702,6.9915,0.1238,0.3688
D2400307,水果類,蜜棗李(進口),"樣品狀態:紅皮黃肉; 前處理描述:去籽,混合均勻打碎",李子,3.0,52.89,50.6589,85.163,0.577,0.229,,13.6207,1.3944,,0.2319,,0.074,173.7068,6.3369,5.9314,0.2099,0.1031
D2400401,水果類,黃肉李,"樣品狀態:黃皮黃肉; 前處理描述:去籽,混合均勻打碎",李子,20.3,35.4499,33.9574,90.138,0.436,0.222,0.0836,8.9241,0.9328,5.8709,0.474,,0.006,127.525,4.041,5.353,0.726,0.396
D2400501,水果類,黑李,"樣品狀態:黑皮黃肉; 前處理描述:去籽,混合均勻打碎",李子,4.1,56.8927,54.5799,83.89,0.7435,0.1591,0.0666,14.7397,1.4455,10.471,0.1925,,0.041,146.0998,4.5449,7.4482,0.1035,0.3126
D2500101,水果類,枇杷,"前處理描述:去皮及籽,混合均勻打碎",琶琵果,32.3,37.9522,36.4924,89.1275,0.327,0.1907,0.0358,9.7937,0.9124,7.9976,4.3127,,0.0865,172.7825,11.7799,9.9077,0.1948,0.2586
D2600101,水果類,筆柿,"前處理描述:去皮及蒂,混合均勻打碎","柿子,柹,香柿(長柿,珍寶柿,筆干柿)",16.0,69.216,62.7633,80.621,0.574,0.149,,18.3445,4.0329,,1.9299,,0.002,155.7938,7.0085,5.0006,0.3443,0.088
D27002,水果類,甜柿平均值,"前處理描述:去皮及蒂,混合均勻打碎","柿子,柹,香柿",16.5,57.1428,55.1744,83.9565,0.4813,0.1004,,15.1904,1.2303,13.0254,2.9431,,0.048,130.9251,7.679,5.3941,0.4404,0.1564
D2700201,水果類,富有甜柿(大雪山),"前處理描述:去皮及蒂,混合均勻打碎","柿子,柹,香柿",21.7,56.7934,55.0439,84.167,0.391,0.1243,,15.122,1.0934,13.0254,0.48,,0.058,123.583,7.893,4.877,0.202,0.25
D2700202,水果類,甜柿(進口),"前處理描述:去皮及蒂,混合均勻打碎","柿子,柹,香柿",13.9,57.4922,55.3049,83.746,0.5715,0.0765,,15.2588,1.3671,,5.4062,,0.038,138.2672,7.465,5.9111,0.6788,0.0628
D2700203,水果類,國產甜柿,"前處理描述:去皮及蒂,混合均勻打碎","柿子,柹,香柿",23.6,47.4084,45.7244,86.63,0.374,0.0558,0.0282,12.6902,1.0525,11.586,0.0,0.416,0.0,126.08,3.92,5.93,0.0,0.0
D2700301,水果類,牛心柿,"樣品狀態:脆澀柿; 前處理描述:去皮及蒂,混合均勻打碎","柿子,柹,香柿(水柿,浸柿,硬柿,脆柿)",10.1,62.3047,55.9039,82.5575,0.4805,0.1615,,16.4829,4.0005,,3.3468,,0.06,158.71,9.0367,7.733,0.1734,0.2043
D2700401,水果類,四周柿,"樣品狀態:軟澀柿; 前處理描述:去皮及蒂,混合均勻打碎","柿子,柹,香柿(紅柿,軟柿)",5.7,65.6456,58.6593,81.436,0.474,0.099,,17.5623,4.3664,,0.4203,,0.001,196.5501,10.0428,8.8064,0.3257,0.0087
D2700501,水果類,柿餅,"前處理描述:去蒂,混合均勻打碎",,4.3,195.6143,175.474,44.547,1.7097,0.2172,0.0809,52.2366,12.5877,25.985,3.7444,,0.1143,610.9327,23.2891,24.2057,0.7711,0.1698
D28001,水果類,水蜜桃平均值,"樣品狀態:水蜜桃系; 前處理描述:去籽,混合均勻打碎","毛桃,白桃",7.7,39.4356,36.7798,88.7517,0.9065,0.1633,0.0426,9.7287,1.6599,6.3621,1.9139,,0.0307,205.2686,5.4443,8.3921,0.2253,0.3016
D2800101,水果類,水蜜桃,"樣品狀態:水蜜桃(white peach #4401); 前處理描述:去籽,混合均勻打碎","毛桃,白桃",6.4,39.7262,37.5889,88.5953,0.906,0.1389,0.0,9.8665,1.3358,6.0491,3.4017,,0.0313,186.5992,5.4695,9.0232,0.1775,0.3701
D2800102,水果類,甜蜜桃,"樣品狀態:水蜜桃; 前處理描述:去籽,混合均勻打碎","毛桃,白桃",11.7,39.145,35.9707,88.908,0.907,0.1876,0.0978,9.5909,1.9839,6.675,0.426,,0.03,223.938,5.419,7.761,0.273,0.233
D28002,水果類,脆桃平均值,"前處理描述:去籽,混合均勻打碎","桃子,甜桃",22.7,44.3199,40.2925,87.3228,0.9194,0.1426,0.0499,11.1215,2.5171,5.8215,2.1418,,0.0433,217.159,6.6649,8.8024,0.3606,0.3159
D2800201,水果類,白油桃,"樣品狀態:脆桃; 前處理描述:去籽,混合均勻打碎","桃子,脆桃,甜桃",36.9,36.7819,32.5677,89.62,0.635,0.125,,9.3339,2.6339,,0.684,,0.086,181.884,4.8516,7.2838,0.3097,0.1672
D2800202,水果類,玫瑰桃,"樣品狀態:脆桃; 前處理描述:去籽,混合均勻打碎","桃子,脆桃,甜桃",,50.949,48.229,85.3,1.2,0.1,,12.8,1.7,,7.0,,,200.0,7.0,10.0,0.2,0.1
D2800203,水果類,福壽桃,"樣品狀態:脆桃; 前處理描述:去籽,混合均勻打碎","桃子,脆桃,甜桃",32.1,47.2326,42.3456,86.447,0.888,0.1682,,11.9003,3.0544,6.4196,0.483,,0.021,237.845,9.139,9.871,0.31,0.463
D2800204,水果類,鶯哥桃,"樣品狀態:脆桃; 前處理描述:去籽,混合均勻打碎","桃子,脆桃,甜桃",10.8,42.316,38.0279,87.924,0.9545,0.1772,0.062,10.4516,2.6801,5.2233,0.4002,,0.023,248.9071,5.6688,8.0547,0.6228,0.5332
D2800301,水果類,蟠桃,"前處理描述:去籽,混合均勻打碎",餅桃,26.1,45.2668,42.5778,87.267,0.854,0.2189,0.06,11.2681,1.6806,8.638,0.0,,0.029,184.784,13.247,9.447,0.335,0.398
D2900101,水果類,青梅(胭脂梅),"前處理描述:去蒂及籽,混合均勻打碎",梅子,22.5,34.6328,31.4681,90.043,0.514,0.1458,0.0396,8.8015,1.9779,0.75,0.801,,0.089,244.971,8.211,7.913,0.218,0.103
D30001,水果類,西洋梨平均值,"前處理描述:去皮及核,混合均勻打碎","梨子,水梨,山褵,快果,果宗",29.9,52.7872,49.3989,85.2623,0.2543,0.1587,0.0768,14.0568,2.1177,11.264,0.4537,,0.024,112.1105,9.3576,6.1786,0.1651,0.1363
D3000101,水果類,西洋梨(青皮),"前處理描述:去皮及核,混合均勻打碎","梨子,水梨,山褵,快果,果宗",31.5,61.8717,57.6565,82.75,0.2755,0.1915,,16.4842,2.6345,,0.1565,,0.0,118.928,8.2551,6.6123,0.05,0.1346
D3000102,水果類,西洋梨(紅皮),"前處理描述:去皮及核,混合均勻打碎","梨子,水梨,山褵,快果,果宗",25.6,52.8339,49.9017,85.308,0.2815,0.2106,0.1019,13.9237,1.8326,11.264,0.8611,,0.028,121.6332,8.3709,5.0801,0.1374,0.0711
D3000103,水果類,西洋梨(黃皮),"前處理描述:去皮及核,混合均勻打碎","梨子,水梨,山褵,快果,果宗",35.4,43.6562,40.6386,87.729,0.206,0.074,,11.7624,1.886,,0.3435,,0.044,95.7702,11.4467,6.8434,0.3078,0.2033
D3000201,水果類,幸水梨,"前處理描述:去皮及核,混合均勻打碎","梨子,水梨,山褵,快果,果宗",25.1,34.1309,32.2712,90.409,0.403,0.039,,9.014,1.1623,6.7709,0.446,,0.012,107.072,4.957,5.897,0.0,0.0
D3000202,水果類,大雪梨,"前處理描述:去皮及核,混合均勻打碎","梨子,水梨,山褵,快果,果宗",16.6,41.9846,40.1456,88.1017,0.3367,0.1109,0.0443,11.0903,1.1494,7.2386,0.4106,,0.034,147.2721,2.5885,5.9944,0.2116,0.1294
D3000203,水果類,新世紀梨,"前處理描述:去皮及核,混合均勻打碎","梨子,水梨,山褵,快果,果宗",23.6,41.5951,38.7327,88.3449,0.368,0.2115,,10.719,1.789,,6.0671,,0.006,114.9448,2.9076,4.7494,0.1,0.1532
D3000204,水果類,新興梨,"前處理描述:去皮及核,混合均勻打碎","梨子,水梨,山褵,快果,果宗",25.6,44.063,41.8165,87.463,0.24,0.057,,11.8832,1.4041,,0.3705,,0.0758,144.7474,1.929,5.9661,0.0335,0.3867
D3000205,水果類,橫山梨,"前處理描述:去皮及核,混合均勻打碎","梨子,水梨,山褵,快果,果宗(三灣冬梨,粗梨)",17.4,46.5972,43.6092,86.827,0.4055,0.0825,,12.3734,1.8675,,4.7379,,0.0514,131.4929,1.9601,5.6044,0.0692,0.2678
D3000206,水果類,豐水梨,"前處理描述:去皮及核,混合均勻打碎","梨子,水梨,山褵,快果,果宗",26.7,36.129,34.585,89.6673,0.5257,0.0673,0.0218,9.3887,0.965,6.8505,0.3245,,0.0093,156.9402,1.6714,6.2926,0.1297,0.2283
D3000301,水果類,將軍蜜梨,"樣品狀態:高接梨; 前處理描述:去皮及核,混合均勻打碎","梨子,水梨,山褵,快果,果宗(三星上將梨)",25.7,49.8356,48.3491,86.0137,0.366,0.081,,13.3133,0.9291,,0.4764,,0.04,113.8179,11.5463,6.6406,0.6688,0.3949
D3000302,水果類,梨山蜜梨,"樣品狀態:高接梨; 前處理描述:去皮及核,混合均勻打碎","梨子,水梨,山褵,快果,果宗",21.6,47.0467,44.4947,86.6149,0.289,0.0455,0.0261,12.693,1.595,8.203,0.2036,,0.0,122.862,1.3509,4.1415,0.0,0.1244
D31001,水果類,蜜棗平均值(大),"樣品狀態:大印度棗; 前處理描述:去蒂及籽,混合均勻打碎","棗子,棗仔",8.4,43.2663,40.6272,87.7052,1.0548,0.1465,0.0497,10.6935,1.6495,7.2985,2.1994,,0.0386,191.0695,7.1055,5.3817,0.2756,0.1925
D3100101,水果類,蜜棗(長形),"樣品狀態:大印度棗; 前處理描述:去蒂及籽,混合均勻打碎","棗子,棗仔",11.4,42.8209,40.1389,87.846,1.1605,0.17,,10.4163,1.6762,,3.6653,,0.0345,208.411,6.4741,5.8702,0.2015,0.1608
D3100102,水果類,蜜棗(圓形),"樣品狀態:大印度棗; 前處理描述:去蒂及籽,混合均勻打碎","棗子,棗仔(蜜絲棗)",7.4,43.7118,41.1155,87.5643,0.949,0.1229,0.0417,10.9707,1.6227,7.2985,0.7335,,0.0427,173.7279,7.7368,4.8931,0.3496,0.2242
D3100201,水果類,珍珠蜜棗,"樣品狀態:小印度棗; 前處理描述:去蒂及籽,混合均勻打碎","棗子,棗仔",8.0,45.8929,42.3057,86.654,1.112,0.0125,0.007,11.6811,2.242,10.432,0.7215,,0.047,248.0137,8.0743,6.7895,0.4373,0.2588
D3100301,水果類,國產紅棗,"樣品狀態:紅棗,綠皮帶紅; 前處理描述:去蒂及籽,混合均勻打碎",紅棗,13.4,87.3003,81.0158,75.118,0.908,0.1305,0.0827,23.0992,3.9278,16.139,1.2248,,0.2527,323.7596,30.1492,16.1956,0.2576,0.7117
D3100401,水果類,紅棗(乾),"樣品狀態:乾貨; 前處理描述:去籽,混合均勻打碎","大棗,棗仔",13.0,227.4004,215.1596,35.78,3.173,0.3,,59.5078,7.6505,,9.65,,0.1195,596.74,49.7,34.66,1.74,0.41
D3100402,水果類,黑棗(乾),"樣品狀態:乾貨; 前處理描述:去蒂及籽,混合均勻打碎","大棗,棗仔",15.0,230.0813,212.7789,34.83,2.71,0.19,,60.9404,10.814,,2.89,,0.1509,599.75,66.51,33.92,2.37,0.38
D32001,水果類,蘋果平均值(青皮),"樣品狀態:青皮; 前處理描述:去皮及核,混合均勻打碎","柰,林檎",18.0,49.9685,47.1655,86.162,0.2979,0.2191,0.1138,13.0928,1.7519,10.663,1.6259,0.1027,0.0414,104.8364,2.6036,3.1162,0.1799,0.1077
D3200101,水果類,青龍蘋果,"樣品狀態:青皮; 前處理描述:去皮及核,混合均勻打碎","柰,林檎,青蘋果",9.2,53.8282,51.0181,85.18,0.265,0.29,0.1936,14.0307,1.7563,11.679,0.62,0.1027,0.05,108.11,1.96,3.22,0.17,0.03
D3200102,水果類,翠玉青蘋果,"樣品狀態:青皮; 前處理描述:去皮及核,混合均勻打碎","柰,林檎,青蘋果(翡翠,青玉,史蜜斯)",21.0,46.1089,43.3129,87.144,0.3307,0.1482,0.055,12.1548,1.7475,9.647,2.6318,,0.0327,101.5627,3.2471,3.0124,0.1898,0.1854
D3200201,水果類,翠玉青蘋果(帶皮),"樣品狀態:青皮; 前處理描述:帶皮去核,混合均勻打碎","柰,林檎,青蘋果(翡翠,青玉,史蜜斯)",6.6,53.7499,50.0197,85.05,0.371,0.2285,0.0575,14.053,2.3314,10.135,5.057,,0.032,136.385,5.166,5.704,0.169,0.043
D3200301,水果類,美國五爪蘋果,"樣品狀態:紅皮; 前處理描述:去皮及核,混合均勻打碎","柰,林檎,紅蘋果(元帥)",29.0,50.6902,48.0962,85.7565,0.1545,0.068,,13.7783,1.6212,,2.2349,,0.0185,117.5696,2.6825,3.4606,0.3324,0.3885
D32004,水果類,蘋果平均值(混色),"樣品狀態:混色; 前處理描述:去皮及核,混合均勻打碎","柰,林檎",17.8,51.3994,49.2574,85.5864,0.2123,0.095,0.0304,13.8587,1.3388,11.0585,1.1926,,0.0432,114.148,3.5827,3.282,0.1233,0.3555
D3200401,水果類,加拉蘋果,"樣品狀態:混色; 前處理描述:去皮及核,混合均勻打碎","柰,林檎",20.4,55.0358,52.6628,84.585,0.193,0.063,,14.9611,1.4831,,0.3405,,0.053,113.4436,4.9036,4.0074,0.0,0.5446
D3200402,水果類,津輕蜜蘋果,"樣品狀態:混色; 前處理描述:去皮及核,混合均勻打碎","柰,林檎",17.7,56.3442,54.1528,84.243,0.198,0.1679,,15.076,1.3696,11.73,0.552,,0.045,135.405,3.395,2.452,0.254,0.235
D3200403,水果類,秋香蘋果,"樣品狀態:混色; 前處理描述:去皮及核,混合均勻打碎","柰,林檎",19.7,45.3376,43.389,87.204,0.265,0.0217,,12.296,1.2179,,0.4479,,0.033,95.0236,2.1736,3.3435,0.0,0.3906
D3200404,水果類,富士蘋果,"樣品狀態:混色; 前處理描述:去皮及核,混合均勻打碎","柰,林檎",16.4,48.8801,46.8251,86.3137,0.193,0.1273,0.0408,13.1017,1.2844,10.387,3.4298,,0.0417,112.7196,3.8586,3.3249,0.2392,0.2517
D3200501,水果類,富士蘋果(帶皮),"樣品狀態:混色; 前處理描述:帶皮去核,混合均勻打碎","柰,林檎",7.0,44.9081,42.1929,87.584,0.226,0.1469,0.006,11.922,1.697,9.401,3.43,,0.05,93.992,5.787,4.499,0.132,0.056
D3200601,水果類,金冠蘋果,"樣品狀態:黃皮; 前處理描述:去皮及核,混合均勻打碎","柰,林檎,黃蘋果(黃元帥)",19.9,48.7552,46.4142,86.261,0.36,0.1025,,12.9688,1.4631,,0.0,,0.054,128.2956,2.7424,3.6857,0.0,0.3434
D3300101,水果類,櫻桃,"樣品狀態:紅皮; 前處理描述:去籽,混合均勻打碎","中國櫻桃又稱鶯桃,荊桃",9.4,74.9321,72.7777,78.7675,1.2155,0.2603,,19.0748,1.3465,,2.2269,,0.039,236.3017,14.6145,13.3475,0.2463,0.1761
D3300201,水果類,白櫻桃,"樣品狀態:紅黃皮; 前處理描述:去籽,混合均勻打碎","中國櫻桃又稱鶯桃,荊桃",7.7,69.3936,67.6822,80.356,0.702,0.0975,,18.3941,1.0696,,0.5416,,0.093,224.4201,17.544,11.5528,0.5768,0.3676
D3400101,水果類,椪柑,"前處理描述:去皮及籽,混合均勻打碎","橘子,蘆柑,壼柑,凸柑,乳柑,潮州柑",22.1,40.1505,37.7962,88.715,0.804,0.1548,0.0421,10.0426,1.4714,6.84,1.6891,,0.0527,73.8325,20.5727,8.2561,0.2888,0.349
D3400201,水果類,紅柑,"前處理描述:去皮及籽,混合均勻打碎","美人(女)柑,明尼吉柚,葡萄蜜柑,迷你葡萄柚",28.2,41.8001,40.2484,88.1983,0.845,0.1119,0.0266,10.5623,0.9698,6.899,0.717,,0.0607,147.6931,17.9923,9.9779,0.4117,0.3699
D3400202,水果類,茂谷柑,"前處理描述:去皮及籽,混合均勻打碎",柑,18.0,44.3919,42.2649,87.4039,0.595,0.1223,0.0389,11.4914,1.3294,9.527,0.6009,,0.0645,142.7209,23.8542,9.3047,0.129,0.1384
D3400203,水果類,海梨桶柑,"前處理描述:去皮及籽,混合均勻打碎","年柑,草山柑,焦柑,蜜桶,漳柑,草山桔(海梨)",21.0,43.8265,40.6287,87.6499,0.8645,0.15,,11.0184,1.9986,,6.2029,,0.127,106.6857,17.9106,13.6527,0.25,0.1104
D3400204,水果類,高牆桶柑,"前處理描述:去皮及籽,混合均勻打碎","年柑,草山柑,焦柑,蜜桶,漳柑,草山桔(桶柑)",27.1,45.1465,42.8348,87.0694,0.771,0.0,,11.8211,1.4448,,0.8032,,0.064,121.5699,16.8628,14.1404,0.214,0.1307
D3400205,水果類,檸檬柑,"前處理描述:去皮及籽,混合均勻打碎","三寶柑,甜檸檬",58.5,48.2649,45.187,86.148,1.108,0.0809,0.0,12.1847,1.9237,8.1052,1.003,,0.113,161.341,33.8157,9.6873,0.0,0.102
D3400206,水果類,砂糖橘,"前處理描述:去皮及籽,混合均勻打碎","十月桔,沙糖桔,沙糖橘,砂糖桔",25.0,49.8641,47.1127,86.05,0.652,0.28,0.0799,12.5916,1.7196,9.286,2.69,0.0364,0.08,166.18,50.74,13.98,0.21,0.09
D3400301,水果類,長果金柑,"前處理描述:去皮及籽,混合均勻打碎","金棗,羅浮柑",1.6,55.5443,50.3448,84.3682,0.96,0.1947,0.065,14.0803,3.2497,9.792,4.9506,,0.077,138.1159,38.3957,12.4537,0.4295,0.1031
D3400302,水果類,圓果金柑,"前處理描述:去皮及籽,混合均勻打碎","金桔,金橘,桔子",23.0,31.5768,28.0568,91.0,0.7,0.24,,7.56,2.2,,4.0,,0.012,110.0,68.0,13.0,0.3,0.1
D3400303,水果類,圓果金柑汁(綠皮),樣品狀態:現榨原汁; 前處理描述:混合均勻,"金桔,金橘,桔子",32.3,32.3401,30.1513,90.596,0.891,0.0725,0.0318,7.9832,1.368,1.38,1.3305,,0.114,164.9799,37.337,17.0795,0.6386,0.3636
D3500101,水果類,文旦,"前處理描述:取果肉,混合均勻打碎","柚子,內紫,朱欒,香欒,座凡,拋,欒",39.0,34.4186,32.1231,90.183,0.685,0.0655,,8.7691,1.4347,,0.4824,,0.083,143.4369,8.3434,5.5424,0.3051,0.1189
D3500102,水果類,文旦(2023年取樣),"前處理描述:取果肉,混合均勻打碎","麻豆文旦,文旦柚",40.4,47.8151,46.379,86.38,0.574,0.03,0.0146,12.6765,0.8976,9.969,0.781,0.0107,0.08,161.541,11.268,7.655,0.124,0.0
D3500201,水果類,白柚,"前處理描述:取果肉,混合均勻打碎","柚子,內紫,朱欒,香欒,座凡,拋,欒",49.4,37.4132,35.5162,89.4085,0.5755,0.1013,0.0678,9.6199,1.1856,8.093,7.1127,,0.032,150.9793,11.9448,6.3326,0.1735,0.1274
D3500301,水果類,西施蜜柚,"前處理描述:取果肉,混合均勻打碎","柚子,內紫,朱欒,香欒,座凡,拋,欒(西施柚)",49.4,40.3168,38.2951,88.603,0.803,0.154,,10.0916,1.2636,,0.2111,,0.029,174.947,7.4189,4.9158,0.0,0.0534
D36001,水果類,甜橙平均值(普遍系),"樣品狀態:普遍系; 前處理描述:去皮及籽,混合均勻打碎","甜橙,柳橙,柳丁,印子柑,廣柑",30.8,45.5985,42.4506,87.229,0.7908,0.2496,0.0845,11.3479,1.9675,9.1,2.9883,,0.0428,148.5595,35.2403,11.5507,0.1556,0.2108
D3600101,水果類,柳橙,"樣品狀態:普遍系; 前處理描述:去皮及籽,混合均勻打碎","甜橙,柳橙,柳丁,印子柑,廣柑",27.8,43.5126,40.2318,87.6314,0.799,0.1311,0.0516,11.0363,2.0505,8.565,5.3037,,0.0235,145.2174,28.4371,12.3402,0.2952,0.0934
D3600102,水果類,香吉士(進口),"樣品狀態:普遍系; 前處理描述:去皮及籽,混合均勻打碎","甜橙,柳橙,柳丁,印子柑,廣柑",27.8,47.2362,43.7703,87.05,0.6845,0.48,,11.3663,2.1662,,1.1047,,0.0385,143.9877,41.3726,9.4271,0.1,0.1107
D3600103,水果類,澳洲甜橙(進口),"樣品狀態:普遍系; 前處理描述:去皮及籽,混合均勻打碎","甜橙,柳橙,柳丁,印子柑,廣柑",38.3,46.0467,43.3496,87.0055,0.889,0.1376,0.0391,11.6411,1.6857,9.635,2.5564,,0.0665,156.4735,35.9113,12.8849,0.0715,0.4282
D3700101,水果類,青皮葡萄柚,"樣品狀態:青皮白肉; 前處理描述:取果肉,混合均勻打碎","西柚,朱欒",33.1,33.1124,31.2212,90.602,0.751,0.0851,,8.2991,1.182,6.0762,1.035,,0.021,140.661,15.421,7.852,0.0,0.0
D3700201,水果類,紅寶石葡萄柚(古坑),"樣品狀態:紅皮粉紅肉; 前處理描述:取果肉,混合均勻打碎","西柚,朱欒",31.7,36.8728,35.1241,89.859,0.702,0.2838,0.0808,8.9274,1.0929,6.4311,0.0,,0.037,184.294,16.278,9.592,0.235,0.231
D3700301,水果類,黃皮葡萄柚(進口),"樣品狀態:黃皮白肉; 前處理描述:取果肉,混合均勻打碎","西柚,朱欒",21.6,37.8268,36.094,89.308,0.717,0.078,,9.6569,1.083,,1.4728,,0.172,177.8706,16.3052,8.0682,0.4498,0.3143
D3700401,水果類,黃皮葡萄柚,"樣品狀態:黃皮粉紅肉; 前處理描述:取果肉,混合均勻打碎","西柚,朱欒",25.6,37.2039,35.3948,89.6305,0.668,0.2217,0.1022,9.1955,1.1307,6.391,3.6267,,0.2173,90.0167,20.3121,9.7603,0.0653,0.1213
D3800101,水果類,檸檬,"前處理描述:去皮及籽,混合均勻打碎",,34.0,33.3043,31.3348,91.024,0.708,0.5335,0.1966,7.35,1.2309,0.9435,3.833,,0.028,149.949,25.83,10.155,0.159,0.1285
D3800201,水果類,萊姆,"前處理描述:去皮,混合均勻打碎",無子檸檬,25.2,37.6843,34.7008,90.537,0.521,0.9926,0.3284,7.6738,1.8647,0.907,1.356,,0.036,107.844,22.785,6.651,0.261,0.153
D38003,水果類,檸檬汁平均值,樣品狀態:現榨原汁; 前處理描述:混合均勻,,59.9,30.6394,30.3519,91.7403,0.45,0.4495,0.1103,7.0459,0.1797,1.2317,1.0913,,0.0478,122.9201,11.4763,8.9519,0.0318,0.147
D3800301,水果類,檸檬汁(黃皮),樣品狀態:現榨原汁; 前處理描述:混合均勻,,68.0,29.8739,29.7839,91.703,0.478,0.2978,0.0504,7.1598,0.0563,1.7108,1.066,,0.054,102.144,11.259,7.254,0.0,0.096
D3800302,水果類,檸檬汁(綠皮),樣品狀態:現榨原汁; 前處理描述:混合均勻,,55.9,31.4048,30.92,91.7775,0.422,0.6012,0.1934,6.9319,0.303,0.7525,1.1165,,0.0416,143.6962,11.6936,10.6497,0.0636,0.198
D3830102,水果類,萊姆汁,樣品狀態:現榨原汁; 前處理描述:混合均勻,無子檸檬,47.1,34.1966,33.716,90.8985,0.3125,0.4963,0.1834,8.0535,0.3004,1.193,0.4928,,0.0297,108.2283,10.5475,7.8293,0.1154,0.2393
D3930101,水果類,紅甘蔗汁,樣品狀態:現榨原汁; 前處理描述:混合均勻,甘蔗汁、高貴蔗汁、果蔗汁、干蔗汁、薯蔗汁、竹蔗汁,,76.1557,76.0679,78.818,0.505,0.1927,0.0966,20.235,0.0549,17.961,0.478,,0.248,21.51,22.559,16.74,0.637,0.547
D3930102,水果類,"紅甘蔗汁(有機,2023年取樣)",樣品狀態:冷凍瓶裝; 前處理描述:混合均勻,甘蔗汁、高貴蔗汁、果蔗汁、干蔗汁、薯蔗汁、竹蔗汁,0.0,71.9862,71.8977,80.11,0.203,0.412,0.1504,18.8488,0.0553,16.734,0.0,0.1192,0.187,123.35,19.71,22.84,0.0,0.51
D4000101,水果類,人心果,"前處理描述:去皮及籽,混合均勻打碎","吳鳳柿,沙漠吉拉,查某囝仔,人蔘果",23.9,82.512,68.112,77.5,0.6,0.8,,20.5,9.0,,10.0,,0.033,250.0,18.0,10.0,0.2,0.1
D41301,水果類,可可椰子汁平均值,樣品狀態:綠皮種; 前處理描述:倒出內部汁液混合均勻分裝,"椰子汁,越王頭汁",34.4,17.4086,17.3876,94.7715,0.1405,0.1249,0.1249,4.4142,0.0132,3.43,9.7805,0.078,0.009,236.5235,17.0532,9.3311,0.0,0.0437
D4130101,水果類,可可椰子汁(屏東),樣品狀態:綠皮種; 前處理描述:倒出內部汁液混合均勻分裝,"椰子汁,越王頭汁",0.0,15.9585,15.9164,95.36,0.101,0.2254,0.2254,3.8146,0.0263,3.43,3.12,0.078,0.005,232.25,18.07,6.35,0.0,0.0
D4130102,水果類,可可椰子汁(進口),樣品狀態:綠皮種; 前處理描述:倒出內部汁液混合均勻分裝,"椰子汁,越王頭汁",68.8,18.8587,18.8587,94.183,0.18,0.0244,,5.0138,0.0,,16.441,,0.013,240.797,16.0364,12.3122,0.0,0.0874
D4300101,水果類,蛋黃果,"樣品狀態:長形種; 前處理描述:去皮及籽,混合均勻打碎",仙桃,25.9,105.6234,95.8583,70.3455,1.405,0.3206,,27.2831,6.1032,,2.7636,,0.3165,288.7133,19.6134,11.3691,0.6338,0.7835
D4400101,水果類,無花果,"前處理描述:去蒂,混合均勻打碎",,4.5,66.9899,63.0391,81.267,1.16,0.4204,0.2288,16.5482,2.4692,6.119,9.4,0.0978,0.0,287.64,36.15,17.44,0.0,0.0
D4410101,水果類,無花果乾,樣品狀態:果乾(無加糖); 前處理描述:混合均勻打碎,無花果,,328.0326,306.7686,11.45,3.56,4.3,0.5029,77.8,13.29,,9.66,,0.9418,897.78,363.31,95.92,4.47,0.805
D4500101,水果類,黃金果,"前處理描述:去皮及籽,混合均勻打碎",黃晶果,55.6,44.4768,42.9679,87.687,0.927,0.227,0.1021,10.9617,0.9431,10.53,0.0,0.1618,0.0,99.12,3.341,7.22,0.0,0.0
D4600101,水果類,菠蘿蜜,"樣品狀態:果肉,冷凍袋裝; 前處理描述:混合均勻打碎","天波羅,樹波羅",0.0,107.7522,103.4491,69.33,1.016,0.2449,0.1279,28.4135,2.6894,23.668,0.0,0.278,0.07,469.08,18.48,34.95,0.0,0.0
D4600201,水果類,榴槤蜜,"前處理描述:取可食部位,混合均勻打碎","尖百達,尖蜜拉,小樹菠蘿,小波羅蜜",72.7,123.815,118.5012,64.58,1.608,0.11,0.0636,32.6365,3.3211,21.399,0.0,0.1004,0.09,474.17,19.24,24.48,0.45,0.11
D4700101,水果類,牛奶果,"前處理描述:去皮及籽,混合均勻打碎",星蘋果,47.7,62.1757,58.3597,82.63,0.829,0.28,0.1831,15.8463,2.385,12.785,2.6,0.0526,0.079,202.98,10.39,8.53,0.0,0.0
D4800101,水果類,餘甘子,"前處理描述:去籽,混合均勻打碎","油柑,油甘",14.8,42.5991,36.4767,88.13,0.285,0.3169,0.1695,10.8303,3.8265,2.652,2.304,0.6315,0.49,158.739,14.84,5.258,0.0,0.0
D4900101,水果類,嘉寶果,前處理描述:去皮及籽混合均勻打碎,樹葡萄,44.7,58.5811,57.4515,83.87,0.347,0.27,0.1485,15.3209,0.706,14.03,0.0,0.0259,0.01,106.37,2.51,10.42,0.1,0.2
D5000101,水果類,藍莓(台灣),樣品狀態:冷藏盒裝; 前處理描述:混合均勻打碎,,0.0,53.4889,50.6207,85.32,0.527,0.33,0.1066,13.5989,1.7926,9.063,0.3,0.2519,0.07,74.56,10.53,4.86,0.27,0.0
E0100101,蔬菜類,牛蒡,"樣品狀態:生; 前處理描述:去皮,混合均勻打碎","吳帽,吳某,牛菜,蒡翁菜,鼠黏",20.4,84.456,74.7858,76.8587,2.5407,0.3733,0.1805,19.1474,5.0896,1.2874,14.5052,,0.092,357.691,45.9415,50.3393,0.7643,0.8136
E02001,蔬菜類,胡蘿蔔平均值,"樣品狀態:生; 前處理描述:去蒂及皮,混合均勻打碎","紅蘿蔔,紅菜頭,黃蘿蔔,丁香蘿蔔,人參,金筍",15.4,38.547,33.5227,89.2882,1.1223,0.1263,0.0125,8.8588,2.6444,6.2739,89.4138,,0.1476,197.7852,26.6112,10.8249,0.3265,0.2331
E0200101,蔬菜類,胡蘿蔔,"樣品狀態:生; 前處理描述:去蒂及皮,混合均勻打碎","紅蘿蔔,紅菜頭,黃蘿蔔,丁香蘿蔔,人參,金筍",13.9,37.2239,32.0455,89.5656,1.005,0.1761,0.0,8.4915,2.7255,5.2298,67.1443,,0.1338,266.5607,29.6825,13.2589,0.471,0.263
E0200102,蔬菜類,向陽二號胡蘿蔔,"樣品狀態:生; 前處理描述:去蒂及皮,混合均勻打碎","紅蘿蔔,紅菜頭,黃蘿蔔,丁香蘿蔔,人參,金筍",16.0,44.2969,39.458,88.067,0.627,0.1448,0.0287,10.6262,2.5468,7.318,92.478,,0.069,101.686,24.154,8.523,0.169,0.257
E0200103,蔬菜類,澳洲胡蘿蔔(細長型),"樣品狀態:生; 前處理描述:去蒂及皮,混合均勻打碎","紅蘿蔔,紅菜頭,黃蘿蔔,丁香蘿蔔,人參,金筍",20.6,34.1201,29.0646,90.232,1.735,0.058,,7.4587,2.6608,,108.6191,,0.24,225.1088,25.9972,10.6929,0.3396,0.1793
E0200201,蔬菜類,黃胡蘿蔔,"樣品狀態:生,黃皮黃肉; 前處理描述:去蒂及皮,混合均勻打碎","紅蘿蔔,紅菜頭,黃蘿蔔,丁香蘿蔔,人參,金筍",10.6,41.802,33.9502,88.357,1.073,0.2553,0.0663,9.4497,4.1325,3.931,64.57,,0.064,338.481,28.165,12.331,0.311,0.0
E0200301,蔬菜類,冷凍胡蘿蔔,樣品狀態:冷凍袋裝; 前處理描述:混合均勻打碎,"紅蘿蔔,紅菜頭,黃蘿蔔,丁香蘿蔔,人參,金筍",,13.3556,9.2516,96.0,0.47,0.06,,2.98,2.16,,65.0,,0.0059,120.0,36.0,13.0,0.49,0.18
E0300101,蔬菜類,根菾菜根,"樣品狀態:生; 前處理描述:去皮,混合均勻打碎","甜菜根,火焰菜根",11.0,26.9879,23.7475,91.759,1.166,0.0709,,5.9845,1.7055,,236.0628,,0.109,252.9806,5.3349,14.0035,0.4049,0.4692
E0300102,蔬菜類,根菾菜根(2023年取樣),"樣品狀態:生; 前處理描述:去皮,混合均勻打碎","甜菜根,火焰菜根",14.6,36.5782,32.8506,89.25,1.222,0.0,0.0,8.5581,1.9619,5.92,141.0,0.1109,0.06,284.001,7.56,15.129,0.0,0.0
E04001,蔬菜類,白蘿蔔平均值,"樣品狀態:生,白皮白肉; 前處理描述:去蒂及皮,混合均勻打碎","蘿蔔,菜頭,萊菔,蘆萉,仙人骨,大菜,大根",9.0,17.5798,15.5099,95.1504,0.5485,0.1277,0.0,3.8652,1.0894,2.403,46.1228,,0.0734,124.5042,24.3913,8.5556,0.131,0.2638
E0400101,蔬菜類,白蘿蔔,"樣品狀態:生,白皮白肉; 前處理描述:去蒂及皮,混合均勻打碎","蘿蔔,菜頭,萊菔,蘆萉,仙人骨,大菜,大根",8.3,16.0011,13.9358,95.4567,0.695,0.146,,3.3226,1.087,1.657,27.0346,,0.0877,151.1883,23.1981,9.3725,0.262,0.1606
E0400102,蔬菜類,白蘿蔔(長形),"樣品狀態:生,白皮白肉; 前處理描述:去蒂及皮,混合均勻打碎","蘿蔔,菜頭,萊菔,蘆萉,仙人骨,大菜,大根",11.0,19.1585,17.0841,94.844,0.402,0.1093,0.0,4.4078,1.0918,3.149,65.211,,0.059,97.82,25.5845,7.7386,0.0,0.367
E0400201,蔬菜類,櫻桃蘿蔔,"樣品狀態:生,紅皮白肉; 前處理描述:去蒂及皮,混合均勻打碎","蘿蔔,菜頭,萊菔,小根蘿蔔,二十日蘿蔔,小粒菜頭",18.6,10.7028,8.8194,96.539,0.595,0.0,,2.3446,0.9913,,43.0001,,0.043,236.56,21.9035,7.0451,0.3323,0.236
E0400301,蔬菜類,青蘿蔔,"樣品狀態:生,綠皮白肉; 前處理描述:去蒂及皮,混合均勻打碎","蘿蔔,菜頭,萊菔,綠蘿蔔,綠長蘿蔔,青菜頭,青大根",15.9,32.66,29.6164,90.099,1.809,0.0868,,6.9728,1.6019,,12.7358,,0.379,391.4332,49.5375,17.0283,0.4192,0.5952
E0420101,蔬菜類,蘿蔔乾,樣品狀態:生; 前處理描述:混合均勻打碎,"菜脯乾,菜脯",,57.8833,44.1843,75.8,2.2,1.19,,10.81,7.21,,3278.6,,0.0607,400.0,92.0,40.5,2.1,0.47
E0500101,蔬菜類,百合鱗片,樣品狀態:生; 前處理描述:混合均勻打碎,"百合,百合花鱗片,蒜腦藷",,136.6158,131.5409,62.428,3.793,0.0627,0.0,32.347,2.671,7.7718,4.219,,0.022,570.106,10.8984,23.7719,0.783,0.79
E0510101,蔬菜類,乾百合鱗片,樣品狀態:乾貨; 前處理描述:混合均勻打碎,"乾百合,乾百合花鱗片,乾蒜腦藷",,303.9155,254.5949,15.62,11.838,0.7399,0.2063,68.3864,25.9582,2.7285,89.964,,0.053,1240.332,30.912,42.743,5.239,2.188
E0600101,蔬菜類,芋莖,"樣品狀態:生; 前處理描述:去粗皮,混合均勻打碎","芋拐,芋橫,芋葉梗",,19.7972,16.9472,94.2,1.1,0.46,,3.35,1.5,,4.0,,,410.0,33.0,15.0,0.3,0.4
E0700101,蔬菜類,金針菜嫩莖,樣品狀態:生; 前處理描述:混合均勻打碎,"碧玉筍,金針筍,金針菜梗,軟化金針菜,金針嫩菜芽,萱草菜嫩芽",,23.9964,20.0638,93.3723,0.7207,0.1523,0.0717,5.3419,2.0698,3.0735,1.076,,0.0442,210.9747,10.2927,5.396,0.1613,0.2683
E0800101,蔬菜類,草石蠶,樣品狀態:生; 前處理描述:混合均勻打碎,"甘露兒,甘露菜,寶塔菜,地蠶,螺獅菜,土蛹(坊間誤稱為冬蟲夏草)",,74.8778,70.3053,79.313,1.725,0.0,,18.0406,2.4066,,0.4275,,0.121,470.8479,27.0529,22.0163,1.1438,0.569
E0900101,蔬菜類,球莖甘藍,"樣品狀態:生; 前處理描述:去皮,混合均勻打碎","大頭菜,結頭菜,芥頭,菜菜鵠,菜叩,莖藍,蕪菁蕓苔",27.4,19.943,18.268,94.0487,1.5563,0.2257,0.081,3.5837,0.8816,2.761,17.6559,,0.1407,260.2204,23.1792,10.437,0.247,0.2849
E1000101,蔬菜類,孟宗竹筍,"樣品狀態:生; 前處理描述:去殼,混合均勻打碎","毛竹,茅竹,茅茹竹,江南竹,貓竹,貓兒竹,楠竹,南竹,至竹,斑竹(冬筍)",59.6,40.0978,36.0404,87.288,3.958,0.15,,7.3006,2.1355,,11.5409,,0.194,633.5909,55.4963,18.4484,0.5139,1.6844
E1100101,蔬菜類,熟桂竹筍,樣品狀態:熟; 前處理描述:混合均勻打碎,"桂竹仔筍,石竹仔筍,簍竹,筀竹筍",,20.846,17.6087,93.7077,2.1323,0.1974,0.0559,3.489,1.7038,0.2235,67.9358,,0.017,92.6264,22.2654,4.4345,0.2002,0.3181
E1200101,蔬菜類,烏殼綠竹筍,"樣品狀態:生; 前處理描述:去殼,混合均勻打碎","烏殼筍,烏殼綠,烏綠竹,烏腳綠竹筍,烏腳綠仔,四季竹,南洋竹,食用刺竹",43.2,21.4256,18.1477,93.589,1.8233,0.2228,0.1503,3.7907,1.7252,1.5769,16.7736,,0.0995,238.4662,10.8945,10.7989,0.3021,0.5657
E1300101,蔬菜類,茭白筍,"樣品狀態:生; 前處理描述:去殼,混合均勻打碎","茭白,茭筍,茭草,水筍,腳白筍,加白筍,菰,菰菜,菰筍,菰蔣",27.0,20.459,16.4426,93.9913,1.332,0.1565,0.1035,4.0152,2.1139,1.778,5.0048,,0.093,219.0904,3.3806,7.1788,0.3955,0.1717
E1300201,蔬菜類,玉米筍,樣品狀態:生; 前處理描述:混合均勻打碎,"番麥筍,珍珠筍",0.0,33.3763,29.4262,90.45,1.768,0.16,0.1209,7.0269,2.079,3.023,0.0,0.223,0.13,219.24,9.13,19.44,0.29,0.46
E1400101,蔬菜類,麻竹筍,"樣品狀態:生; 前處理描述:去殼,混合均勻打碎","蔴竹,甜竹,巨竹,坭竹,大綠竹,瓦坭竹,巨麻竹,美濃麻竹,吊絲麻竹",51.1,22.0451,18.9291,93.36,1.422,0.13,0.0787,4.4183,1.64,2.271,0.55,0.5434,0.05,292.0,9.75,11.17,0.3,0.43
E1400201,蔬菜類,冷凍麻竹筍,前處理描述:混合均勻打碎,"蔴竹,甜竹,巨竹,坭竹,大綠竹,瓦坭竹,巨麻竹,美濃麻竹,吊絲麻竹",,17.2648,14.0348,95.14,0.85,0.04,,3.77,1.7,,22.0,,0.0758,40.0,12.0,7.0,0.11,0.23
E1500101,蔬菜類,綠竹筍,"樣品狀態:生; 前處理描述:去殼,混合均勻打碎","甜竹,甜竹筍,綠仔筍,綠仔笋,綠竹笋",41.1,24.9617,21.7957,92.6235,1.7175,0.2348,0.1507,4.7427,1.6663,2.2001,0.362,,0.0785,302.8965,10.0255,10.5067,0.771,0.9094
E1500201,蔬菜類,帶殼熟綠竹筍,"樣品狀態:熟,真空包裝; 前處理描述:去殼,混合均勻打碎","甜竹,甜竹筍,綠仔筍,綠仔笋,綠竹笋",32.1,25.2944,21.7277,92.425,2.01,0.0899,,4.9425,1.8772,1.8844,1.393,,0.04,235.961,8.492,9.069,0.399,0.679
E1500301,蔬菜類,沙拉筍塊,"樣品狀態:綠竹筍,熟,真空包裝; 前處理描述:混合均勻打碎",涼筍,,23.7743,20.494,93.0855,1.5635,0.098,,4.8353,1.7265,2.991,7.9176,,0.008,162.0461,8.8192,5.9763,0.5816,0.4519
E1600101,蔬菜類,熟箭竹筍,"樣品狀態:熟,真空包裝; 前處理描述:混合均勻打碎","箭筍,台灣箭竹,矢竹仔,玉山箭竹",,19.7042,15.7015,93.5818,2.0968,0.3253,0.0801,2.9456,2.1067,0.0,342.7717,,0.0,1.8986,53.8405,2.3155,0.5421,0.1617
E1700101,蔬菜類,白蘆筍,"樣品狀態:生; 前處理描述:去粗皮及粗莖,混合均勻打碎","野天門冬,松葉土當歸,石刁柏,龍鬚菜",20.7,25.2835,21.8023,92.572,1.8453,0.1565,0.0517,4.9074,1.8322,,3.5594,,0.1002,204.2664,10.1123,8.8303,0.7282,0.5149
E17002,蔬菜類,綠蘆筍平均值,"樣品狀態:生; 前處理描述:去粗皮及粗莖,混合均勻打碎","野天門冬,松葉土當歸,石刁柏,龍鬚菜",22.4,21.8875,19.6032,93.0322,2.6543,0.1684,0.144,3.4677,1.2023,1.6625,4.3052,0.1489,0.0941,264.4967,13.7633,14.9929,1.0579,0.7689
E1700201,蔬菜類,綠蘆筍,"樣品狀態:生; 前處理描述:去粗皮及粗莖,混合均勻打碎","野天門冬,松葉土當歸,石刁柏,龍鬚菜",24.7,22.2906,19.5937,93.4477,1.348,0.1639,0.1368,4.4582,1.4194,1.696,6.0314,,0.103,219.6153,15.1551,10.9698,0.9677,0.324
E1700202,蔬菜類,澳洲綠蘆筍(粗短型),"樣品狀態:生; 前處理描述:去粗皮及粗莖,混合均勻打碎","野天門冬,松葉土當歸,石刁柏,龍鬚菜",36.0,20.4908,18.1561,93.361,2.54,0.1929,,3.1337,1.2288,,3.11,,0.061,261.0848,14.2873,14.978,1.1581,0.7215
E1700203,蔬菜類,綠蘆筍(細短型),"樣品狀態:生; 前處理描述:去粗皮及粗莖,混合均勻打碎","野天門冬,松葉土當歸,石刁柏,龍鬚菜",15.4,22.9636,20.6641,92.541,3.26,0.2125,,3.242,1.2103,,3.4795,,0.172,331.8265,11.8474,20.9838,1.2959,1.3702
E1700204,蔬菜類,綠蘆筍(短型),"樣品狀態:生; 前處理描述:去粗皮及粗莖,混合均勻打碎","野天門冬,松葉土當歸,石刁柏,龍鬚菜",11.3,21.8049,19.9988,92.779,3.469,0.1043,0.0913,3.0367,0.9506,1.629,4.6,0.1489,0.0402,245.46,,13.04,0.81,0.66
E1700301,蔬菜類,蘆筍花,"樣品狀態:生; 前處理描述:去粗皮及粗莖,混合均勻打碎",,10.9,20.6429,17.2685,93.113,2.913,0.3053,,2.6809,1.776,,1.894,,0.1,331.7729,9.3092,15.7804,2.4935,1.108
E1800101,蔬菜類,嫩莖萵苣,"樣品狀態:生; 前處理描述:去皮,混合均勻打碎","鵝菜心,莖用萵苣,萵(鵝)仔菜心,大心萵(媚)仔菜,萵苣筍(莖),妹仔菜筍,",24.2,16.2946,14.0146,95.0,1.0,0.18,,3.12,1.2,,22.0,,,310.0,16.0,16.0,0.3,0.2
E1900101,蔬菜類,嫩薑,樣品狀態:生; 前處理描述:混合均勻打碎,"薑仔,生薑,生姜,羌,蘘荷,茗荷,甘露子,紫薑",,21.2034,18.5814,94.3,0.0,0.32,,4.75,1.38,,12.0,,,270.0,14.0,15.0,0.35,0.22
E1900102,蔬菜類,粉薑,樣品狀態:生; 前處理描述:混合均勻打碎,"薑仔,生薑,生姜,羌,蘘荷,茗荷,甘露子,紫薑",9.0,28.3892,23.2109,91.9938,0.98,0.2629,0.0951,6.0567,2.7254,0.6835,7.2318,,0.058,297.1695,17.0998,21.5712,0.7045,0.2911
E1900103,蔬菜類,老薑,樣品狀態:生; 前處理描述:混合均勻打碎,"薑仔,生薑,生姜,羌,蘘荷,茗荷,甘露子,紫薑",10.0,52.5956,46.5044,85.8363,1.143,0.4836,0.1808,11.6803,3.2059,0.659,4.2429,,0.0977,303.9731,21.1641,32.6559,1.9642,0.454
E2000101,蔬菜類,檳榔嫩莖,樣品狀態:生; 前處理描述:混合均勻打碎,"半天筍,檳榔樹心",,31.3181,26.4526,90.8913,2.232,0.4183,0.128,5.6331,2.5608,1.9264,9.5837,,0.119,345.8977,34.5613,36.3213,0.3067,2.0453
E2100101,蔬菜類,大蒜,"樣品狀態:乾貨; 前處理描述:去外膜,混合均勻打碎","蒜頭,大蒜頭,蒜球,蒜瓣,蒜仔頭",16.4,122.4864,114.556,65.5946,6.6885,0.2269,0.1748,26.4265,4.1739,1.038,4.2509,,0.944,423.1702,11.1343,20.2535,1.0608,0.808
E2100201,蔬菜類,青蒜,"樣品狀態:生; 前處理描述:去根部及葉尾與外葉,混合均勻打碎","蒜仔,葫,胡蒜,洋蒜,韭蔥",26.0,32.7941,26.685,90.4549,2.1337,0.254,0.0897,6.4302,3.2153,2.959,3.0408,,0.2217,278.8537,64.1992,12.3022,1.1311,0.3445
E2100301,蔬菜類,蒜苗,"樣品狀態:生; 前處理描述:去根部及葉尾,混合均勻打碎",蒜黃,16.4,53.5059,47.2524,85.1076,2.229,0.083,,12.0439,3.2913,,8.8693,,0.605,197.9625,20.4921,9.2779,0.4619,0.3656
E23001,蔬菜類,青蔥平均值,"樣品狀態:生; 前處理描述:去根部及葉尾與外葉,混合均勻打碎",,26.3,30.6272,26.424,91.4053,1.2625,0.1855,0.079,6.6068,2.2122,3.0609,0.9736,0.1479,0.084,194.2876,38.4708,13.7417,0.5925,0.3316
E2300101,蔬菜類,青蔥(有機),"樣品狀態:生,冷藏袋裝; 前處理描述:去根部,外葉及葉尾,混合均勻打碎","蔥,葉蔥,蔥仔",35.3,31.3369,26.2966,91.26,1.148,0.2346,0.1097,6.7604,2.6528,3.677,1.19,0.1479,0.09,209.71,37.71,19.25,0.87,0.27
E2300102,蔬菜類,山東大蔥,"樣品狀態:生; 前處理描述:去根部及葉尾與外葉,混合均勻打碎","蔥,大蔥,葉蔥,蔥仔,水蔥,漢蔥",37.9,30.6474,28.0826,91.38,1.304,0.1196,,6.7256,1.3499,,0.8022,,0.087,206.6542,31.6491,9.1346,0.7079,0.5554
E2300103,蔬菜類,日本甜蔥,"樣品狀態:生; 前處理描述:去根部及葉尾與外葉,混合均勻打碎","蔥,大蔥,葉蔥,蔥仔,水蔥,漢蔥",11.5,33.2834,28.2191,90.671,1.014,0.1382,,7.5564,2.6654,3.066,1.021,,0.074,246.985,37.353,13.599,0.358,0.501
E2300104,蔬菜類,宜蘭粉蔥,"樣品狀態:生; 前處理描述:去根部及葉尾與外葉,混合均勻打碎","蔥,葉蔥,蔥仔,水蔥,漢蔥",20.5,27.2412,23.0977,92.31,1.584,0.2497,0.0959,5.3849,2.1808,2.4396,0.881,,0.085,113.801,47.171,12.983,0.434,0.0
E2400101,蔬菜類,白洋蔥,"樣品狀態:生; 前處理描述:去根部及外皮,混合均勻打碎","玉蔥,蔥頭,球蔥,胡蔥,日本蔥頭,大粒蔥頭,洋蔥頭,大蔥頭",20.2,41.9293,39.5142,88.5755,1.0005,0.058,,9.9545,1.2711,5.2759,3.223,,0.0935,144.7915,25.058,10.2305,0.371,0.256
E2400201,蔬菜類,紫洋蔥,"樣品狀態:生; 前處理描述:去根部及外皮,混合均勻打碎","玉蔥,蔥頭,球蔥,胡蔥,日本蔥頭,大粒蔥頭,洋蔥頭,大蔥頭",9.3,31.5642,28.7209,91.3256,0.8748,0.1088,0.0423,7.2722,1.4965,4.2678,3.7699,,0.1564,121.9267,20.8662,8.0525,0.2337,0.2129
E2400301,蔬菜類,黃洋蔥,"樣品狀態:生; 前處理描述:去根部及外皮,混合均勻打碎","玉蔥,蔥頭,球蔥,胡蔥,日本蔥頭,大粒蔥頭,洋蔥頭,大蔥頭",6.3,41.5585,38.9445,88.8983,0.9663,0.24,0.0951,9.4918,1.3758,5.514,2.4683,,0.0907,157.3115,20.3946,9.3337,0.3648,0.2877
E2500101,蔬菜類,紅蔥頭,"樣品狀態:生; 前處理描述:去根部及外皮,混合均勻打碎","油蔥頭,珠蔥頭,分蔥頭,大頭蔥頭,四季蔥頭",14.4,74.9788,70.175,79.127,3.437,0.2625,,16.353,2.5283,,15.9285,,0.1735,297.7598,21.4358,18.9669,0.6675,0.5116
E2600101,蔬菜類,韮菜花,樣品狀態:生; 前處理描述:混合均勻打碎,"花韮菜,韮花,韭菜苔(韮/韭通用)",12.8,28.2275,23.5121,91.75,1.802,0.22,0.1375,5.5551,2.4818,1.871,3.06,0.1751,0.14,284.55,25.33,19.58,0.61,0.43
E2600201,蔬菜類,韮菜,"樣品狀態:生; 前處理描述:去腐葉,混合均勻打碎","韮,塊莖蒜,起陽草(韮/韭通用)",3.2,23.0272,18.3977,93.0424,1.8953,0.3507,0.1307,3.8785,2.4366,1.051,2.3307,,0.1237,312.2502,55.7708,17.8617,1.4063,0.3732
E2600301,蔬菜類,韮黃,"樣品狀態:生; 前處理描述:去腐葉,混合均勻打碎","韮黃,黃韮菜,白韮菜,軟化韮菜(韮/韭通用)",6.0,16.2344,13.093,95.1187,1.478,0.1215,,2.909,1.6534,,3.3924,,0.1165,157.7271,19.0829,10.2462,0.5569,0.2481
E2700101,蔬菜類,九層塔,"樣品狀態:生; 前處理描述:去粗梗,混合均勻打碎","千層塔,羅勒,家佩蘭,零陵菜,香菜(草),薰草,西王母菜,塞香菜,光明子,醒頭香",23.7,27.3979,20.899,91.0,2.904,0.2916,0.101,4.4484,3.4205,0.083,1.6471,,0.323,347.1366,190.8015,41.7271,4.6579,0.5508
E2800101,蔬菜類,小麥苗,樣品狀態:生; 前處理描述:混合均勻打碎,,,34.0464,26.5813,89.599,3.326,0.4841,0.0992,5.4565,3.929,0.0,3.064,,0.177,446.071,58.487,23.233,1.582,0.911
E2900101,蔬菜類,水菜(日本種),"樣品狀態:生; 前處理描述:去根部,混合均勻打碎",,19.3,10.9221,8.3484,95.658,1.164,0.201,0.0821,1.5872,1.3546,0.0,2.294,,0.076,287.547,124.72,24.548,1.002,0.72
E30001,蔬菜類,甘藍平均值,"樣品狀態:生; 前處理描述:去粗莖,混合均勻打碎","高麗菜,包菜,洋白菜,玻璃菜,玉菜,捲心菜,球葉甘藍,結球甘藍,蕃芥藍",9.0,23.1788,21.0991,93.2432,1.308,0.1439,,4.7557,1.0946,2.732,10.5289,,0.1723,186.7937,47.4817,11.6265,0.4498,0.3385
E3000101,蔬菜類,梨山甘藍(尖球形),"樣品狀態:生,尖球形; 前處理描述:去粗莖,混合均勻打碎","高麗菜,包菜,洋白菜,玻璃菜,玉菜,捲心菜,球葉甘藍,結球甘藍,蕃芥藍",9.2,24.058,22.0826,92.929,1.402,0.0614,,5.0951,1.0397,,8.3789,,0.27,204.7056,36.2028,12.3714,0.6573,0.4523
E3000102,蔬菜類,甘藍(扁圓形),"樣品狀態:生,扁圓形; 前處理描述:去粗莖,混合均勻打碎","高麗菜,包菜,洋白菜,玻璃菜,玉菜,捲心菜,球葉甘藍,結球甘藍,蕃芥藍",5.4,21.0373,19.2973,93.899,1.09,0.1754,,4.2855,0.9158,2.732,12.208,,0.08,172.5815,57.5715,11.1505,0.3165,0.225
E3000103,蔬菜類,甘藍(圓球形),"樣品狀態:生,圓球形; 前處理描述:去粗莖,混合均勻打碎","高麗菜,包菜,洋白菜,玻璃菜,玉菜,捲心菜,球葉甘藍,結球甘藍,蕃芥藍",10.7,24.4409,21.9173,92.9015,1.432,0.1949,,4.8866,1.3282,,10.9997,,0.167,183.094,48.6709,11.3577,0.3755,0.3383
E3000104,蔬菜類,甘藍(圓球形)(2021年取樣),"樣品狀態:生,圓球形; 前處理描述:去粗莖,混合均勻打碎",高麗菜,10.0,20.2123,18.2126,94.07,0.842,0.0,0.0,4.617,1.0525,3.426,3.47,0.0962,0.0,175.5,47.21,9.88,0.44,0.0
E3000201,蔬菜類,紫色甘藍,"樣品狀態:生,紫色種; 前處理描述:去粗莖,混合均勻打碎","紫甘藍,紫色高麗菜,紅色高麗菜,紅玻璃菜,紅玉菜",,28.4625,24.4204,91.6715,1.484,0.1836,,5.9071,2.1274,2.3507,13.3745,,0.1385,250.473,51.033,14.64,0.3835,0.2895
E3000301,蔬菜類,甘藍芽,樣品狀態:生; 前處理描述:混合均勻打碎,高麗菜芽,,33.0137,29.0218,90.47,2.6525,0.5995,0.0,5.3965,2.101,,12.061,,0.0843,312.094,74.637,16.8595,1.132,0.6245
E3000401,蔬菜類,冷凍甘藍,樣品狀態:冷凍包裝; 前處理描述:混合均勻打碎,"高麗菜,包菜,洋白菜,玻璃菜,玉菜,捲心菜,球葉甘藍,結球甘藍,蕃芥藍",,20.4849,16.1529,93.94,1.286,0.1,,4.174,2.28,,20.9,,0.0481,120.0,49.3,13.9,0.25,0.21
E3000501,蔬菜類,羽衣甘藍(有機),"樣品狀態:生,冷藏袋裝; 前處理描述:混合均勻打碎",,0.0,35.2175,27.9411,88.91,2.956,0.8998,0.2632,5.1132,3.8297,0.298,59.62,0.3811,0.182,395.81,499.68,62.41,1.01,0.26
E3010101,蔬菜類,脫水甘藍,樣品狀態:乾貨; 前處理描述:混合均勻打碎,,,340.7258,308.381,4.728,6.856,0.06,,82.631,17.0236,,1351.4656,,1.722,634.8859,285.1053,72.0933,2.3045,0.9852
E3100101,蔬菜類,甘藷葉,"樣品狀態:生; 前處理描述:去粗莖,混合均勻打碎","地瓜葉,番藷葉,過溝菜(藷同薯)",20.1,27.8434,21.5981,90.9326,3.1552,0.2784,0.1235,4.4222,3.287,0.0,39.2764,,0.2033,401.4512,105.3541,34.7698,2.5009,0.4907
E3200102,蔬菜類,蚵仔白菜(2022年取樣),"樣品狀態:生,不結球白菜; 前處理描述:去根部,混合均勻打碎","白菜,青菜,散葉白菜,無心菜,菘,不結球白菜,尼龍白菜,皺(碎/曲)葉白菜,皺葉中蕓苔",9.1,13.0932,10.4712,95.62,1.399,0.3098,0.1143,1.7525,1.38,0.4,39.71,0.1437,0.0,223.34,128.7,21.15,0.8,0.0
E3200201,蔬菜類,荷葉白菜,"樣品狀態:生,不結球白菜; 前處理描述:去根部,混合均勻打碎","白菜,青菜,散葉白菜,無心菜,菘,不結球白菜",9.7,14.4486,12.0757,94.784,1.436,0.1004,,2.5246,1.2489,,91.2009,,0.1,244.8523,131.4449,155.3117,0.7197,0.6736
E3200301,蔬菜類,葵扇白菜,"樣品狀態:生,不結球白菜; 前處理描述:去根部,混合均勻打碎","白菜,青菜,散葉白菜,無心菜,菘,不結球白菜,江戶(門)白菜,黑葉白菜,扇子白菜,黑芥菜,排菜",10.8,13.8586,11.2361,95.095,1.552,0.073,,2.3542,1.3803,,47.3983,,0.103,236.1646,119.4154,140.9022,0.4083,1.4021
E3200401,蔬菜類,黑葉白菜(短梗),"樣品狀態:生,不結球白菜; 前處理描述:去根部,混合均勻打碎","白菜,青菜,散葉白菜,無心菜,菘,不結球白菜",11.4,15.1397,12.702,94.749,1.343,0.0386,,2.8969,1.283,,56.9583,,0.072,283.3948,100.6832,118.6705,0.7274,0.9141
E3200501,蔬菜類,千寶菜,樣品狀態:生; 前處理描述:混合均勻打碎,,,20.1997,15.9589,93.349,1.714,0.1968,0.0645,3.6056,2.232,1.1253,45.932,,0.117,289.6655,126.3905,27.308,2.4755,0.7065
E3200601,蔬菜類,小白菜(土植)(1月取樣),"樣品狀態:生; 前處理描述:去根部,混合均勻打碎","土白菜,青菜,白菜,不結球白菜,水白菜",,10.4144,7.8982,96.42,1.15,0.184,0.0,1.5029,1.3243,,109.604,,0.062,109.36,98.996,16.41,1.8598,0.2629
E3200602,蔬菜類,小白菜(土植)(3月取樣),"樣品狀態:生; 前處理描述:去根部,混合均勻打碎","土白菜,青菜,白菜,不結球白菜,水白菜",9.2,13.9188,11.3044,95.29,1.221,0.14,0.0568,2.4482,1.376,0.373,50.72,0.4747,0.09,255.64,122.41,17.68,1.51,0.29
E3200603,蔬菜類,小白菜(土植)(4月取樣),"樣品狀態:生; 前處理描述:去根部,混合均勻打碎","土白菜,青菜,白菜,不結球白菜,水白菜",,13.1398,10.7864,95.799,1.05,0.199,,2.2367,1.2386,,124.901,,0.091,138.7373,72.8391,16.0218,1.13,0.3549
E3200604,蔬菜類,小白菜(土植)(7月取樣),"樣品狀態:生; 前處理描述:去根部,混合均勻打碎","土白菜,青菜,白菜,不結球白菜,水白菜",8.0,10.4789,8.4959,96.315,0.96,0.11,,1.8059,1.0437,,119.0987,,0.158,143.9373,98.8804,13.3134,0.8437,0.1842
E3200605,蔬菜類,小白菜(土植)(10月取樣),"樣品狀態:生; 前處理描述:去根部,混合均勻打碎","土白菜,青菜,白菜,不結球白菜,水白菜",,11.4178,9.3261,96.4,1.065,0.24,,1.6971,1.1009,,70.87,,0.0808,139.84,109.2,16.82,2.014,0.263
E3200701,蔬菜類,小白菜(水耕)(1月取樣),"樣品狀態:生; 前處理描述:去根部,混合均勻打碎","土白菜,青菜,白菜,不結球白菜,水白菜",,12.7756,9.8845,95.3,1.452,0.107,0.0,2.0707,1.5216,,8.541,,0.021,359.344,67.179,34.775,2.1748,0.266
E3200702,蔬菜類,小白菜(水耕)(4月取樣),"樣品狀態:生; 前處理描述:去根部,混合均勻打碎","土白菜,青菜,白菜,不結球白菜,水白菜",,13.351,10.7776,95.633,0.979,0.172,,2.3965,1.3544,,10.8848,,0.085,324.4403,65.8926,34.2816,0.9467,0.1633
E3200703,蔬菜類,小白菜(水耕)(7月取樣),"樣品狀態:生; 前處理描述:去根部,混合均勻打碎","土白菜,青菜,白菜,不結球白菜,水白菜",12.9,12.2164,9.9832,95.661,0.902,0.077,,2.3612,1.1754,,8.8591,,0.169,269.9759,90.8255,18.0865,0.8224,0.1569
E3200704,蔬菜類,小白菜(水耕)(10月取樣),"樣品狀態:生; 前處理描述:去根部,混合均勻打碎","土白菜,青菜,白菜,不結球白菜,水白菜",,11.9979,9.6773,95.92,1.091,0.27,,1.764,1.2214,,6.35,,0.1186,291.56,86.18,26.33,1.709,0.371
E3200801,蔬菜類,小白菜(有機)(1月取樣),"樣品狀態:生; 前處理描述:去根部,混合均勻打碎","土白菜,青菜,白菜,不結球白菜,水白菜",,9.2122,6.2911,96.15,1.842,0.17,0.0,0.7598,1.5374,,79.227,,0.065,218.173,132.967,18.316,1.2222,0.5593
E3200802,蔬菜類,小白菜(有機)(4月取樣),"樣品狀態:生; 前處理描述:去根部,混合均勻打碎","土白菜,青菜,白菜,不結球白菜,水白菜",,14.4059,12.1759,95.039,1.254,0.195,,2.4329,1.1737,,39.6322,,0.0996,320.0733,135.5087,23.4245,1.2304,0.3292
E3200803,蔬菜類,小白菜(有機)(7月取樣),"樣品狀態:生; 前處理描述:去根部,混合均勻打碎","土白菜,青菜,白菜,不結球白菜,水白菜",6.1,10.9009,8.4181,95.958,1.258,0.097,,1.7418,1.3067,,32.9271,,0.192,259.8853,127.3978,11.515,0.6679,0.2318
E3200804,蔬菜類,小白菜(有機)(10月取樣),"樣品狀態:生; 前處理描述:去根部,混合均勻打碎","土白菜,青菜,白菜,不結球白菜,水白菜",,12.9507,10.9443,95.68,1.347,0.24,,1.9007,1.056,,23.03,,0.0963,294.44,145.07,16.98,1.753,0.486
E3200901,蔬菜類,珍珠小白菜,"樣品狀態:生; 前處理描述:去根部,混合均勻打碎",珍珠白菜,14.8,11.1145,7.9234,95.578,1.497,0.0718,0.0354,1.6901,1.6795,0.081,4.039,,0.085,392.749,138.125,23.846,0.81,0.421
E3201001,蔬菜類,油菜心,樣品狀態:生; 前處理描述:混合均勻打碎,,,30.9035,26.5335,91.1,3.2,0.85,,3.95,2.3,,21.0,,0.012,240.0,92.0,23.0,1.8,0.5
E3201101,蔬菜類,油菜(有機),"樣品狀態:生,去根部; 前處理描述:混合均勻打碎",蕓苔,10.3,12.9931,10.2339,95.04,1.303,0.113,0.0508,2.2137,1.4522,0.243,23.71,0.1671,0.11,444.05,112.0,21.94,1.32,0.15
E3201201,蔬菜類,青江菜(土植)(1月取樣),樣品狀態:生; 前處理描述:混合均勻打碎,"江門白菜, 湯匙菜,青梗白菜",,10.1525,8.0114,96.36,1.307,0.049,,1.62,1.1269,,73.07,,0.044,113.996,72.458,13.43,0.9723,0.4439
E3201202,蔬菜類,青江菜(土植)(3月取樣),樣品狀態:生; 前處理描述:混合均勻打碎,"江門白菜 ,湯匙菜,青梗白菜",9.9,12.8607,10.5688,95.57,1.233,0.13,0.0554,2.1903,1.2063,0.374,53.14,0.3115,0.11,246.13,93.39,16.14,1.39,0.37
E3201203,蔬菜類,青江菜(土植)(4月取樣),樣品狀態:生; 前處理描述:混合均勻打碎,"江門白菜, 湯匙菜,青梗白菜",,10.7355,8.8606,96.365,0.96,0.125,,1.8395,0.9868,,110.1956,,0.116,86.3894,91.1111,22.5301,1.1085,0.3143
E3201204,蔬菜類,青江菜(土植)(7月取樣),樣品狀態:生; 前處理描述:混合均勻打碎,"江門白菜,湯匙菜,青梗白菜",16.0,14.8163,12.4403,95.13,1.507,0.118,,2.5334,1.2505,,92.3846,,0.224,107.5499,94.5431,12.8587,0.7968,0.283
E3201205,蔬菜類,青江菜(土植)(10月取樣),樣品狀態:生; 前處理描述:混合均勻打碎,"江門白菜, 湯匙菜,青梗白菜",4.1,18.1348,15.1659,93.97,1.701,0.07,0.0379,3.357,1.5626,0.58,27.676,0.1777,0.13,266.834,112.018,18.614,1.153,0.454
E3201301,蔬菜類,青江菜(水耕)(1月取樣),樣品狀態:生; 前處理描述:混合均勻打碎,"江門白菜 ,湯匙菜,青梗白菜",,12.4853,9.8156,95.73,1.243,0.007,,2.3513,1.4051,,5.659,,0.066,200.272,66.82,25.198,1.6685,0.2368
E3201302,蔬菜類,青江菜(水耕)(4月取樣),樣品狀態:生; 前處理描述:混合均勻打碎,"江門白菜 , 湯匙菜,青梗白菜",,14.3465,11.9323,95.004,1.397,0.16,,2.3967,1.2706,,11.6504,,0.121,376.2009,91.8582,39.3188,0.8298,0.1386
E3201303,蔬菜類,青江菜(水耕)(7月取樣),樣品狀態:生; 前處理描述:混合均勻打碎,"江門白菜 ,湯匙菜,青梗白菜",14.4,13.9288,11.8198,94.827,1.651,0.129,,2.1855,1.11,,12.7177,,0.217,376.5305,92.0161,31.8194,0.709,0.1593
E3201304,蔬菜類,青江菜(水耕)(10月取樣),樣品狀態:生; 前處理描述:混合均勻打碎,"江門白菜 ,湯匙菜,青梗白菜",,10.943,7.4202,96.02,1.371,0.22,0.0227,1.4127,1.8541,,14.3,,0.0791,307.68,104.34,35.92,1.324,0.473
E3201401,蔬菜類,青江菜(有機)(1月取樣),樣品狀態:生; 前處理描述:混合均勻打碎,"江門白菜,湯匙菜,青梗白菜",,9.8742,7.3326,96.07,1.531,0.003,,1.4969,1.3377,,37.815,,0.096,180.232,104.387,14.376,1.6444,0.4939
E3201402,蔬菜類,青江菜(有機)(4月取樣),樣品狀態:生; 前處理描述:混合均勻打碎,"江門白菜 ,湯匙菜,青梗白菜",,14.8681,12.6151,94.866,1.382,0.176,,2.5062,1.1858,,40.083,,0.165,279.1989,143.0383,21.5008,0.8033,0.3421
E3201403,蔬菜類,青江菜(有機)(7月取樣),樣品狀態:生; 前處理描述:混合均勻打碎,"江門白菜 ,湯匙菜,青梗白菜",14.9,20.6762,17.1262,93.139,1.944,0.243,,3.4741,1.8684,,22.3153,,0.311,360.0771,141.8303,19.9895,0.9659,0.3457
E3201404,蔬菜類,青江菜(有機)(10月取樣),樣品狀態:生; 前處理描述:混合均勻打碎,"江門白菜 , 湯匙菜,青梗白菜",10.4,15.4033,12.5405,94.62,1.64,0.05,0.0235,2.7405,1.5067,0.505,23.076,0.194,0.13,271.304,93.213,19.415,1.056,0.464
E3201501,蔬菜類,塔菇菜(有機),樣品狀態:生; 前處理描述:混合均勻打碎,塌棵菜；塔菜；瓢兒芥,15.0,14.0011,10.8593,94.66,1.864,0.0,0.0,2.3378,1.6536,0.1,58.61,0.6482,0.133,381.74,102.9,32.76,1.05,0.68
E3201601,蔬菜類,廣島野菜,"樣品狀態:生; 前處理描述:去根部,混合均勻打碎",廣島菜,8.9,15.828,12.9583,94.33,1.71,0.0,0.0,2.9097,1.5104,0.343,18.56,0.1875,0.14,161.52,226.02,58.99,0.66,0.0
E3201701,蔬菜類,日本油菜(有機),"樣品狀態:生,冷藏袋裝; 前處理描述:去根部,混合均勻打碎","鶯菜,小松菜",7.6,20.437,16.3951,93.61,1.505,0.427,0.168,3.3128,2.1273,0.755,55.44,0.2002,0.14,251.13,93.49,26.66,1.38,0.19
E33001,蔬菜類,結球白菜平均值,"樣品狀態:生,結球白菜; 前處理描述:混合均勻打碎","大白菜,黃芽菜,包心白菜,卷心白菜,山東白菜,結球白菜",12.7,16.7791,14.9859,95.0944,1.1926,0.2916,0.1235,2.8753,0.9438,1.8695,23.8718,,0.0918,167.1282,40.0423,9.9125,0.3686,0.2483
E3300101,蔬菜類,煙台白菜,"樣品狀態:生,結球白菜,長卵圓形; 前處理描述:混合均勻打碎","大白菜,黃芽菜,包心白菜,卷心白菜,山東白菜,結球白菜(包頭蓮)",,14.2885,12.0771,95.76,1.296,0.255,,2.2458,1.1639,,29.82,,0.072,118.925,33.815,8.23,0.2925,0.2705
E3300102,蔬菜類,迷你竹筍白菜,"樣品狀態:生,結球白菜,長卵圓形; 前處理描述:混合均勻打碎","大白菜,黃芽菜,包心白菜,卷心白菜,山東白菜,結球白菜",22.6,18.9427,18.1848,94.201,1.256,0.0891,0.0386,3.8221,0.3989,2.283,4.222,,0.133,219.671,33.759,8.94,0.209,0.148
E3300103,蔬菜類,翠玉白菜,"樣品狀態:生,結球白菜,圓筒形; 前處理描述:混合均勻打碎","天津白菜,直筒白菜,長筒白菜,竹筒白菜",,19.4448,17.1916,94.91,1.0345,0.68,,2.8315,1.1859,,47.795,,0.0533,158.44,41.835,11.86,0.486,0.2365
E3300104,蔬菜類,包心白菜,"樣品狀態:生,結球白菜,橢圓形; 前處理描述:混合均勻打碎","大白菜,黃芽菜,包心白菜,卷心白菜,山東白菜,結球白菜",7.7,14.4402,12.4902,95.5067,1.1837,0.1424,0.059,2.6018,1.0263,1.456,13.65,,0.109,171.4767,50.76,10.62,0.487,0.338
E3300201,蔬菜類,白菜芽,"樣品狀態:生,高冷蔬菜; 前處理描述:混合均勻打碎",娃娃菜,7.0,21.1881,17.0132,92.9205,3.0945,0.0696,0.0354,3.2046,2.1973,1.1621,21.86,,0.161,299.6855,50.9865,19.05,0.47,0.521
E3400101,蔬菜類,白鳳菜,"樣品狀態:生; 前處理描述:去粗莖,混合均勻打碎",白蓊菜,,27.308,21.038,91.5,2.0,0.4,,4.8,3.3,,28.0,,0.0259,380.0,82.0,41.0,1.32,0.38
E3400201,蔬菜類,紅鳳菜,"樣品狀態:生; 前處理描述:去粗莖,混合均勻打碎","紅蓊菜,紅菜,紅葉,紫背天葵,雙色三七草,天青地紅,地黃菜,腳目草",46.6,22.4936,17.5698,92.6835,2.115,0.3801,,3.531,2.5915,,13.2643,,0.0495,312.2467,121.7879,47.5531,5.9693,0.4849
E3500101,蔬菜類,豆瓣菜,樣品狀態:生; 前處理描述:混合均勻打碎,"西洋菜,水芥(田/應/蕹)菜,無心芥(菜),廣東芥菜,微子蔊菜,風花菜,水生山葵菜,麥藍菜,角菜",,20.5147,16.7907,93.06,2.17,0.29,,3.18,1.96,,45.0,,0.0527,340.0,98.0,20.0,2.28,0.57
E3600101,蔬菜類,明日葉,樣品狀態:生; 前處理描述:混合均勻打碎,"鹹草,明日草,長壽草,八丈草,還陽草,珍立草,海峰人參,天賜草",,56.7617,45.117,84.465,1.434,0.7918,0.2679,11.8916,6.1288,3.07,4.066,,0.109,583.153,242.245,21.603,1.518,0.451
E3700101,蔬菜類,山芹菜,樣品狀態:生; 前處理描述:混合均勻打碎,"鴨兒芹,三葉芹,三葉山芹菜",0.0,27.9017,21.3909,90.71,2.126,0.25,0.1006,5.1895,3.4267,0.486,1.82,0.4752,0.11,658.084,131.3458,36.765,5.24,0.0
E37002,蔬菜類,芹菜平均值,"樣品狀態:生,本地種; 前處理描述:去根部及葉,混合均勻打碎","旱芹,藥芹,洋芹,白芹,塘蒿,和蘭鴨兒芹",35.7,15.3823,12.8091,95.0036,0.7933,0.1288,,3.135,1.3543,,65.4593,,0.0508,313.732,83.1907,11.5234,0.5923,0.3205
E3700201,蔬菜類,芹菜(青梗),"樣品狀態:生,本地種; 前處理描述:去根部及葉,混合均勻打碎","旱芹,藥芹,洋芹,白芹,塘蒿,和蘭鴨兒芹",23.4,12.3242,10.1523,95.715,0.779,0.098,,2.4264,1.1431,,46.2355,,0.045,321.1945,85.6394,12.3807,0.0946,0.4158
E3700202,蔬菜類,芹菜,"樣品狀態:生,本地種; 前處理描述:去根部及葉,混合均勻打碎","旱芹,藥芹,洋芹,白芹,塘蒿,和蘭鴨兒芹",41.9,18.4403,15.4659,94.2922,0.8075,0.1595,,3.8435,1.5655,,84.6831,,0.0565,306.2694,80.7419,10.666,1.0899,0.2251
E3700301,蔬菜類,西洋芹菜,"樣品狀態:生,西洋種; 前處理描述:去根部及葉,混合均勻打碎","美國芹菜,洋芹菜,金白芹菜,巨無霸芹菜",8.0,11.1594,8.1353,96.3205,0.3783,0.1761,0.0698,2.2293,1.5916,1.318,87.2866,,0.097,239.9682,52.102,12.4844,0.676,0.1836
E3800101,蔬菜類,大心芥菜,"樣品狀態:生; 前處理描述:去外皮,混合均勻打碎","大心菜,菜心,大骨芥菜,大莖菜",45.2,12.5392,10.7258,95.697,0.9815,0.0329,,2.4852,0.9544,,12.4683,,0.0569,371.035,15.4608,7.8947,0.2478,0.4427
E3800201,蔬菜類,大芥菜,"樣品狀態:生; 前處理描述:去粗根,混合均勻打碎","芥菜,大心芥菜,大葉芥菜,長年菜,孤腰菜",4.0,19.1256,16.1236,94.6,0.75,0.48,,3.37,1.58,,35.0,,0.014,180.0,98.0,12.0,1.4,0.3
E3800301,蔬菜類,包心芥菜,"樣品狀態:生; 前處理描述:去外葉及粗莖,混合均勻打碎","包心刈菜,捲心芥菜",27.2,17.1009,14.4926,95.2345,1.0105,0.4742,0.1459,2.6883,1.3728,1.385,14.5552,,0.098,244.9848,60.2533,12.2957,0.3271,0.2665
E38004,蔬菜類,芥菜平均值,"樣品狀態:生; 前處理描述:去根部,混合均勻打碎","刈菜,大菜,芥葉菜,雞冠菜,孤腰菜",11.1,19.0774,15.9612,93.829,1.5375,0.1595,0.0,3.5165,1.6401,0.7931,8.7584,,0.1115,329.9637,80.0541,14.0925,1.2301,0.6029
E3800401,蔬菜類,芥菜,"樣品狀態:生; 前處理描述:去根部,混合均勻打碎","刈菜,大菜,芥葉菜,雞冠菜,孤腰菜",11.1,17.7386,14.7957,94.1435,1.6025,0.1273,,3.1986,1.5489,1.2971,3.2183,,0.159,338.0319,72.4091,12.6554,1.2041,0.3548
E3800402,蔬菜類,雪裡蕻,"樣品狀態:生,芥菜; 前處理描述:去根部,混合均勻打碎","雪裡(裏)紅,雪菜,多葉藺蕓苔,千筋葉菜,春不老",,20.4162,17.1268,93.5145,1.4725,0.1917,0.0,3.8343,1.7313,0.289,14.2985,,0.064,321.8955,87.699,15.5295,1.256,0.851
E3800501,蔬菜類,抱子芥菜,"樣品狀態:生; 前處理描述:去粗梗,混合均勻打碎",娃娃菜,21.6,20.8736,17.401,93.427,2.103,0.0542,0.0213,3.8231,1.8277,1.65,3.9,0.1727,0.1006,261.06,28.98,8.71,0.34,0.37
E3900101,蔬菜類,芥藍菜,"樣品狀態:生; 前處理描述:去粗莖,混合均勻打碎","芥蘭菜,格藍菜,綠葉甘藍,佛光菜,隔暝仔菜",16.4,19.9143,16.228,93.5957,1.738,0.3473,0.0942,3.1933,1.9402,0.0,26.7996,,0.11,292.2371,180.6264,30.9732,1.4353,0.3512
E3900201,蔬菜類,芥藍芽,"樣品狀態:生; 前處理描述:去粗莖,混合均勻打碎","菜嬰,格藍菜嬰",28.1,26.223,22.5187,92.063,2.223,0.3294,,4.5235,1.9496,,6.9532,,0.124,208.7858,45.6735,16.9467,0.8352,0.4647
E4000101,蔬菜類,芫荽,"樣品狀態:生; 前處理描述:去根部,混合均勻打碎","香菜,香荽,胡荽,蒝荽,芫蓑,松鬚菜",11.0,25.9745,19.8668,91.4814,2.2565,0.293,,4.5154,3.2146,,16.8787,,0.1285,302.9068,60.6924,17.3212,2.4405,0.3811
E4100101,蔬菜類,紅梗珍珠菜,樣品狀態:生; 前處理描述:混合均勻打碎,"角菜,香芹(甜)菜,山芹菜,甜菜,乳白艾,香甜菜,納艾香",,37.2118,25.0518,88.8,2.6,1.025,,5.595,6.4,,11.5,,0.4358,550.0,127.0,53.5,4.45,0.58
E4200101,蔬菜類,食茱萸,樣品狀態:生; 前處理描述:混合均勻打碎,"刺楤,紅刺楤,刺江某,越椒,艾子,茱萸,刺公牡",,126.509,94.589,60.2,11.9,0.3,,23.8,16.8,,5.0,,0.0203,640.0,721.0,58.0,23.9,1.25
E4300101,蔬菜類,香樁,樣品狀態:生; 前處理描述:混合均勻打碎,"椿,紅椿(樹),椿樹,杶,春芽(陽)樹,椿樗,櫄,虎目樹,大眼桐,栲,大紅椿樹",,99.3469,88.0609,72.1,4.3,1.47,,19.43,5.94,,17.0,,0.0196,400.0,514.0,67.0,3.69,1.17
E4400101,蔬菜類,茴香,樣品狀態:生; 前處理描述:混合均勻打碎,"蘹香,小茴香,茴香子,臭蒝荽,客人蒝荽,香絲菜,茴香八角珠,蒝荽",12.4,23.8996,18.5255,92.123,2.198,0.2436,0.0,4.1287,2.8285,0.721,50.0422,,0.1191,436.9536,132.9951,24.9943,1.3554,0.6102
E4500101,蔬菜類,馬齒莧,樣品狀態:生; 前處理描述:混合均勻打碎,"豬母乳(菜/草),寶釧菜,長命菜,荷蘭菜,馬尺莧,瓜子菜,五行(才)草,馬子菜,地馬菜,醬瓣頭草",,13.824,13.064,95.6,1.2,0.4,,1.88,0.4,,94.0,,0.0827,170.0,54.0,62.0,1.3,0.39
E4600101,蔬菜類,茼蒿,樣品狀態:生; 前處理描述:混合均勻打碎,"茼蒿菜,春菊,打某(妻)菜,苳蒿菜,花冠菊,艾菜,蓬蒿,菊蒿菜,菊花菜,實盡菜",15.5,15.7387,12.731,94.7187,1.741,0.3063,0.0791,2.2086,1.583,0.0,69.0844,,0.16,362.082,46.3886,15.77,1.5237,0.3865
E4600201,蔬菜類,日本茼蒿(有機),樣品狀態:生; 前處理描述:混合均勻打碎,"春菊,山茼蒿,小葉茼蒿",14.2,25.9168,20.2736,91.77,1.93,0.24,0.0584,4.8337,2.9701,0.429,179.22,0.4573,0.198,221.96,102.65,45.4,3.4,0.89
E4600301,蔬菜類,昭和草,樣品狀態:生; 前處理描述:混合均勻打碎,"山茼蒿,野茼蒿,太子原,飛機草,神仙草",,26.365,26.365,91.9,2.2,0.7,,3.78,,,9.0,,0.0074,520.0,83.0,20.0,4.19,0.3
E4700101,蔬菜類,隼人瓜苗,樣品狀態:生; 前處理描述:混合均勻打碎,"隼人瓜鬚,佛手瓜苗(鬚),香櫞瓜苗(鬚),梨瓜苗(鬚),番瓜鬚(龍鬚菜是誤用)",22.1,23.7434,19.3871,92.1693,3.28,0.1633,,3.5341,2.2928,,3.3429,,0.127,219.9588,42.5678,22.2217,1.3742,0.7217
E4800101,蔬菜類,白莧菜,"樣品狀態:生; 前處理描述:去根部及粗莖,混合均勻打碎","杏菜,荇菜,莕菜,茵菜,白杏菜,白荇菜",14.7,17.4757,12.9058,93.8885,1.892,0.3045,,2.5564,2.4052,,19.8572,,0.007,507.4222,146.2455,46.0092,4.6315,0.5659
E4800201,蔬菜類,紅莧菜,"樣品狀態:生; 前處理描述:去根部及粗莖,混合均勻打碎","紅莧,虎菜,紅虎莧,赤莧,紅杏(荇)菜,赤杏菜,紫杏(莧)菜",19.3,21.8817,16.0401,91.896,2.6233,0.2543,0.1242,3.3026,3.0745,0.186,12.3325,1.499,0.0974,441.4303,150.3806,85.1012,8.5128,0.9307
E4800301,蔬菜類,野莧菜,樣品狀態:生; 前處理描述:混合均勻打碎,"野莧(杏),綠莧,豬莧,鳥仔莧(杏),假莧(杏)菜,山荇(杏,莧)菜,",,40.638,32.506,85.9,6.3,0.6,,4.9,4.28,,20.1,,0.0584,400.0,335.6,185.5,4.77,0.99
E4900101,蔬菜類,紫蘇,"樣品狀態:生; 前處理描述:去莖,取葉片,混合均勻打碎","蘇草,紅(赤/綠/青)紫蘇,桂荏",34.5,70.5075,53.7347,79.371,5.526,1.1632,0.6704,11.8701,8.8278,0.3621,0.59,,0.253,501.856,401.335,94.485,7.37,1.337
E5000101,蔬菜類,菠菜,"樣品狀態:生; 前處理描述:去根部,混合均勻打碎","菠菱菜,赤根菜,飛龍菜,角菜,波斯草,波斯菜,波菱菜",14.1,17.8904,14.2361,93.662,2.1873,0.3151,0.1134,2.4416,1.9233,0.0,43.4573,,0.063,510.071,80.861,61.5796,2.8928,0.7041
E5000201,蔬菜類,菠菜(葉)(有機),"樣品狀態:生,冷藏袋裝,只取葉子部位; 前處理描述:混合均勻打碎","菠菱菜,赤根菜,飛龍菜,角菜,波斯草,波斯菜,波菱菜",0.0,25.6494,20.8582,91.1,3.268,0.38,0.1024,3.5658,2.5217,0.0,106.45,0.6203,0.25,430.26,172.29,129.73,3.14,0.8
E5000301,蔬菜類,冷凍菠菜,樣品狀態:冷凍包裝; 前處理描述:混合均勻打碎,"菠菱菜,赤根菜,飛龍菜,角菜,波斯草,波斯菜,波菱菜",,17.2126,13.1846,94.13,2.14,0.04,,2.89,2.12,,46.0,,0.0185,180.0,78.0,38.0,0.79,0.37
E5100101,蔬菜類,菾菜,樣品狀態:生; 前處理描述:混合均勻打碎,"葉用甜菜,莙薘菜,牛皮菜,豬乸菜",,20.7438,16.9123,92.947,2.004,0.1392,,3.6739,2.0166,0.563,107.709,,0.094,363.931,45.353,48.271,1.368,0.469
E5100201,蔬菜類,黃金菾菜,"樣品狀態:生; 前處理描述:去根部,混合均勻打碎","黃金火焰菜,君達菜,甜菜",7.9,18.3533,13.8007,93.39,2.43,0.2012,0.085,2.6417,2.3961,0.432,77.122,,0.132,444.883,45.372,55.937,0.775,0.612
E5200101,蔬菜類,落葵,"樣品狀態:生,白落葵; 前處理描述:混合均勻打碎","皇宮菜,蟳菜,胭(臙)脂菜,紅落葵,潺菜,蔠菜,藤葵,藤菜,天葵,御菜,牛皮凍",,33.1824,28.7877,90.0515,2.672,0.3166,,6.0338,2.313,,49.1847,,0.161,243.3755,122.1726,125.1448,1.7861,0.75
E5200201,蔬菜類,藤三七,"樣品狀態:生,洋落葵; 前處理描述:混合均勻打碎","洋落葵,蔓安迪,落葵安迪,藤子三七,雲南白藥,小年藥,馬德拉藤,金錢珠,中枝蓮(習以川七誤稱)",4.0,21.2508,19.0008,93.5937,1.635,0.5346,0.2364,3.2032,1.1842,0.0,25.0731,,0.1047,452.423,92.4355,79.3442,2.3076,0.7387
E53001,蔬菜類,不結球萵苣平均值,"樣品狀態:生,不結球萵苣; 前處理描述:混合均勻打碎","葉萵苣,葉萵,萵仔菜,刈葉萵苣,生菜,妹(媚)仔菜,鵝仔菜(草),春不老,印度萵苣",6.8,16.1684,13.042,95.0165,1.1184,0.2595,0.0755,2.8375,1.6455,0.6254,8.3358,,0.0656,282.7928,51.7969,16.0098,0.8118,0.3555
E5300101,蔬菜類,奶油萵苣(日本種),"樣品狀態:生,不結球萵苣; 前處理描述:去根部,混合均勻打碎","葉萵苣,葉萵,萵仔菜,刈葉萵苣,生菜,妹(媚)仔菜,鵝仔菜(草),春不老,印度萵苣",3.7,15.6951,12.9696,95.176,1.093,0.3087,0.1122,2.6276,1.4345,0.6525,1.227,,0.033,321.311,50.975,14.058,0.514,0.339
E5300102,蔬菜類,紅葉萵苣(荷蘭種）,"樣品狀態:生,不結球萵苣; 前處理描述:去根部,混合均勻打碎","彩葉萵苣,彩色媚仔菜,紅色萵苣菜,紅萵仔菜",6.9,15.658,11.799,94.992,1.364,0.2898,0.0792,2.4766,2.0311,0.5651,0.913,,0.092,312.975,51.876,18.159,1.076,0.616
E5300103,蔬菜類,廣東萵苣,"樣品狀態:生,不結球萵苣; 前處理描述:去根部,混合均勻打碎","皺葉萵苣,縮葉萵苣,皺萵仔菜,皺妹菜",7.1,19.8449,16.5886,94.0501,1.023,0.2065,0.04,3.958,1.7138,,10.7927,,0.0702,248.3947,56.2514,16.1644,0.6841,0.2618
E5300104,蔬菜類,蘿美萵苣,"樣品狀態:生,不結球萵苣; 前處理描述:去根部,混合均勻打碎","葉萵苣,葉萵,萵仔菜,刈葉萵苣,生菜,妹(媚)仔菜,鵝仔菜(草),春不老,印度萵苣(大陸妹)",8.1,13.4757,10.8107,95.8477,0.9937,0.2329,0.0775,2.2879,1.4026,0.6586,20.4103,,0.067,248.4903,48.085,15.6577,0.973,0.2053
E5300201,蔬菜類,本島萵苣(土植)(1月取樣),樣品狀態:生; 前處理描述:混合均勻打碎,"葉萵苣,葉萵,萵仔菜,刈葉萵苣,生菜,妹(媚)仔菜,鵝仔菜(草),春不老,印度萵苣",,16.7144,13.7744,95.03,1.563,0.354,,2.476,1.5474,,65.466,,0.068,157.656,29.217,27.915,5.8248,0.4567
E5300202,蔬菜類,本島萵苣(土植)(3月取樣),樣品狀態:生; 前處理描述:混合均勻打碎,"葉萵苣,葉萵,萵仔菜,刈葉萵苣,生菜,妹(媚)仔菜,鵝仔菜(草),春不老,印度萵苣",,17.7524,13.8016,94.672,0.337,0.2505,0.0641,3.7879,2.0794,0.319,8.767,,0.081,422.794,31.986,14.337,1.816,0.258
E5300203,蔬菜類,本島萵苣(土植)(4月取樣),樣品狀態:生; 前處理描述:混合均勻打碎,"葉萵苣,葉萵,萵仔菜,刈葉萵苣,生菜,妹(媚)仔菜,鵝仔菜(草),春不老,印度萵苣",,16.7502,14.1177,95.143,0.874,0.203,,3.2721,1.3855,,45.7111,,0.067,172.2131,32.3033,23.0568,1.0028,0.3865
E5300204,蔬菜類,本島萵苣(土植)(7月取樣),樣品狀態:生; 前處理描述:混合均勻打碎,"葉萵苣,葉萵,萵仔菜,刈葉萵苣,生菜,妹(媚)仔菜,鵝仔菜(草),春不老,印度萵苣",13.6,23.4994,20.1765,93.243,1.364,0.348,,4.3623,1.7489,,90.1904,,0.176,166.4421,51.582,26.3218,1.1931,0.2109
E5300205,蔬菜類,本島萵苣(土植)(10月取樣),樣品狀態:生; 前處理描述:混合均勻打碎,"葉萵苣,葉萵,萵仔菜,刈葉萵苣,生菜,妹(媚)仔菜,鵝仔菜(草),春不老,印度萵苣",,13.8764,11.7248,95.74,1.142,0.27,,2.2114,1.1324,,7.46,,0.0528,278.42,39.06,18.15,0.805,0.276
E5300301,蔬菜類,本島萵苣(水耕)(1月取樣),樣品狀態:生; 前處理描述:混合均勻打碎,"葉萵苣,葉萵,萵仔菜,刈葉萵苣,生菜,妹(媚)仔菜,鵝仔菜(草),春不老,印度萵苣",,13.7989,10.9311,95.24,1.561,0.165,,2.1354,1.5094,,2.694,,0.037,415.399,26.525,16.53,1.3713,0.2239
E5300302,蔬菜類,本島萵苣(水耕)(4月取樣),樣品狀態:生; 前處理描述:混合均勻打碎,"葉萵苣,葉萵,萵仔菜,刈葉萵苣,生菜,妹(媚)仔菜,鵝仔菜(草),春不老,印度萵苣",,14.8005,12.2156,95.316,0.97,0.229,,2.6519,1.3605,,2.1425,,0.05,403.9486,31.4231,19.3346,1.0342,0.1975
E5300303,蔬菜類,本島萵苣(水耕)(7月取樣),樣品狀態:生; 前處理描述:混合均勻打碎,"葉萵苣,葉萵,萵仔菜,刈葉萵苣,生菜,妹(媚)仔菜,鵝仔菜(草),春不老,印度萵苣",14.3,12.602,9.9057,95.575,1.442,0.168,,1.902,1.4191,,3.0983,,0.134,419.7638,41.3266,15.3996,1.0498,0.2169
E5300304,蔬菜類,本島萵苣(水耕)(10月取樣),樣品狀態:生; 前處理描述:混合均勻打碎,"葉萵苣,葉萵,萵仔菜,刈葉萵苣,生菜,妹(媚)仔菜,鵝仔菜(草),春不老,印度萵苣",,11.5701,9.5519,96.0,1.144,0.27,,1.6187,1.0622,,2.85,,0.0383,405.76,31.92,17.63,0.77,0.241
E5300401,蔬菜類,本島萵苣(有機)(1月取樣),樣品狀態:生; 前處理描述:混合均勻打碎,"葉萵苣,葉萵,萵仔菜,刈葉萵苣,生菜,妹(媚)仔菜,鵝仔菜(草),春不老,印度萵苣",,14.8851,11.0281,94.68,1.798,0.026,,2.553,2.03,,47.418,,0.018,411.898,48.206,36.042,2.9733,0.497
E5300402,蔬菜類,本島萵苣(有機)(4月取樣),樣品狀態:生; 前處理描述:混合均勻打碎,"葉萵苣,葉萵,萵仔菜,刈葉萵苣,生菜,妹(媚)仔菜,鵝仔菜(草),春不老,印度萵苣",,18.7474,15.791,94.303,1.063,0.286,,3.4791,1.556,,12.7215,,0.059,522.382,41.0875,23.0829,1.1866,0.3319
E5300403,蔬菜類,本島萵苣(有機)(7月取樣),樣品狀態:生; 前處理描述:混合均勻打碎,"葉萵苣,葉萵,萵仔菜,刈葉萵苣,生菜,妹(媚)仔菜,鵝仔菜(草),春不老,印度萵苣",18.5,17.1753,14.5664,94.75,1.496,0.31,,2.7336,1.3731,,16.6427,,0.177,235.4852,53.5042,19.4498,0.884,0.3625
E5300404,蔬菜類,本島萵苣(有機)(10月取樣),樣品狀態:生; 前處理描述:混合均勻打碎,"葉萵苣,葉萵,萵仔菜,刈葉萵苣,生菜,妹(媚)仔菜,鵝仔菜(草),春不老,印度萵苣",,14.6738,11.4778,95.38,1.266,0.28,,2.3111,1.6821,,8.87,,0.0613,301.18,42.66,17.96,0.638,0.303
E5300501,蔬菜類,水耕波士頓萵苣,"樣品狀態:生,半結球萵苣; 前處理描述:混合均勻打碎",,9.6,14.3018,12.5677,95.95,1.323,0.74,0.26,1.1902,0.9127,0.288,2.04,0.2135,0.062,426.21,36.99,14.87,0.0,0.0
E5300601,蔬菜類,結球萵苣,樣品狀態:生; 前處理描述:混合均勻打碎,"球萵苣,包心萵苣,捲心萵苣,生菜,包心媚仔菜,結球妹仔菜",,13.4552,11.7545,96.101,0.653,0.1011,,2.7944,0.8951,1.51,7.243,,0.053,145.3375,17.8145,8.75,0.381,0.165
E5400101,蔬菜類,豌豆苗,樣品狀態:生(高山嫩豆苗); 前處理描述:混合均勻打碎,"豆苗,豆鬚,荷蘭豆苗(鬚),飛龍豆苗",,31.3063,26.9059,90.3383,3.7357,0.4984,0.1305,4.448,2.316,0.0,3.946,,0.2321,363.0873,35.8337,26.3964,1.7567,0.6027
E5500101,蔬菜類,龍葵,樣品狀態:生; 前處理描述:混合均勻打碎,"黑甜菜,烏甜(田)菜,烏甜仔,烏子(克)菜,烏子茄,苦葵(菜),天茄子,天泡草,老鴉酸漿草",,25.8164,21.0664,91.0,3.8,0.32,,3.38,2.5,,32.0,,0.07,340.0,238.0,60.0,6.7,0.4
E5600101,蔬菜類,蕹菜(土植)(1月取樣),樣品狀態:生; 前處理描述:混合均勻打碎,"空心菜,應菜,壅菜,甕菜,草菜,無心菜,藤藤菜,竹葉菜,葛菜",,21.5859,16.067,93.33,1.958,0.331,,3.5091,2.9047,,165.886,,0.063,84.277,84.908,32.606,3.0816,0.2398
E5600102,蔬菜類,蕹菜(土植)(4月取樣),樣品狀態:生; 前處理描述:混合均勻打碎,"空心菜,應菜,壅菜,甕菜,草菜,無心菜,藤藤菜,竹葉菜,葛菜",,19.9551,14.5065,93.532,1.706,0.2122,0.1009,3.5152,2.8677,0.0,112.9129,,0.075,287.8593,69.8352,29.2096,1.8557,0.088
E5600103,蔬菜類,蕹菜(土植)(7月取樣),樣品狀態:生; 前處理描述:混合均勻打碎,"空心菜,應菜,壅菜,甕菜,草菜,無心菜,藤藤菜,竹葉菜,葛菜",23.3,17.0068,13.498,94.393,1.917,0.136,,2.781,1.8467,,97.0295,,0.165,180.5499,50.2584,10.2631,1.6233,0.2207
E5600104,蔬菜類,蕹菜(土植)(10月取樣),樣品狀態:生; 前處理描述:混合均勻打碎,"空心菜,應菜,壅菜,甕菜,草菜,無心菜,藤藤菜,竹葉菜,葛菜",,17.4629,13.7719,94.29,1.809,0.29,,2.64,1.9426,,121.8,,0.0769,247.23,58.24,24.23,3.888,0.192
E5600201,蔬菜類,蕹菜(水耕)(1月取樣),樣品狀態:生; 前處理描述:混合均勻打碎,"空心菜,應菜,壅菜,甕菜,草菜,無心菜,藤藤菜,竹葉菜,葛菜",,27.3093,22.0336,90.92,2.704,0.298,,4.5463,2.7767,,14.579,,0.12,627.731,49.781,32.772,2.7376,0.3914
E5600202,蔬菜類,蕹菜(水耕)(4月取樣),樣品狀態:生; 前處理描述:混合均勻打碎,"空心菜,應菜,壅菜,甕菜,草菜,無心菜,藤藤菜,竹葉菜,葛菜",,23.5584,18.3598,92.239,2.2,0.127,,4.2901,2.7361,,13.2092,,0.093,504.6326,63.839,34.5916,1.4613,0.1757
E5600203,蔬菜類,蕹菜(水耕)(7月取樣),樣品狀態:生; 前處理描述:混合均勻打碎,"空心菜,應菜,壅菜,甕菜,草菜,無心菜,藤藤菜,竹葉菜,葛菜",24.2,17.1858,13.7647,93.772,1.919,0.185,,2.7204,1.8006,,8.1395,,0.171,640.9501,41.8,14.6889,0.9445,0.2241
E5600204,蔬菜類,蕹菜(水耕)(10月取樣),樣品狀態:生; 前處理描述:混合均勻打碎,"空心菜,應菜,壅菜,甕菜,草菜,無心菜,藤藤菜,竹葉菜,葛菜",,22.7065,17.3318,92.53,2.185,0.26,,3.7963,2.8288,,29.29,,0.1162,439.5,94.21,49.28,1.028,0.329
E5600301,蔬菜類,蕹菜(有機)(4月取樣),樣品狀態:生; 前處理描述:混合均勻打碎,"空心菜,應菜,壅菜,甕菜,草菜,無心菜,藤藤菜,竹葉菜,葛菜",,25.8152,20.446,91.712,1.937,0.308,,4.657,2.8259,,62.0464,,0.082,533.0784,86.6019,43.3844,2.24,0.2352
E5600302,蔬菜類,蕹菜(有機)(10月取樣),樣品狀態:生; 前處理描述:混合均勻打碎,"空心菜,應菜,壅菜,甕菜,草菜,無心菜,藤藤菜,竹葉菜,葛菜",,19.3562,14.9491,93.71,1.711,0.37,,3.0196,2.3195,,33.02,,0.0773,427.57,104.99,22.67,2.099,0.479
E5600401,蔬菜類,水蕹菜,樣品狀態:生; 前處理描述:混合均勻打碎,,,23.6005,19.1323,92.826,2.61,0.4778,0.2463,3.2726,2.3517,0.319,41.13,,0.113,309.061,48.221,19.168,1.01,0.0
E5700101,蔬菜類,蘿蔔葉,樣品狀態:生; 前處理描述:混合均勻打碎,葉蘿蔔,,13.6798,10.0253,95.079,1.714,0.1771,,1.9761,1.9234,0.0,213.518,,0.135,144.305,158.195,26.24,1.504,0.587
E5800101,蔬菜類,花椰菜,樣品狀態:生; 前處理描述:混合均勻打碎,"花菜,菜花,白花菜,白菜花",34.4,23.1991,19.3315,92.9675,1.7823,0.131,,4.47,2.0356,2.524,14.3515,,0.207,265.8773,20.5248,12.1387,0.6055,0.3449
E5800201,蔬菜類,冷凍花椰菜,樣品狀態:冷凍包裝; 前處理描述:混合均勻打碎,"花菜,菜花,白花菜,白菜花",,21.2569,15.2529,93.79,1.27,0.05,,4.49,3.16,,33.0,,0.0256,120.0,21.0,10.0,0.41,0.34
E5800301,蔬菜類,紫色花椰菜,樣品狀態:生; 前處理描述:混合均勻打碎,,50.9,40.0602,32.6458,87.7865,3.115,0.288,,7.5611,3.9023,,19.7368,,0.932,483.8756,69.885,32.4283,2.6187,0.4736
E5800401,蔬菜類,青花菜(1999年取樣),樣品狀態:生; 前處理描述:混合均勻打碎,"(青花菜非綠色花椰菜)青(綠)花菜,美國花菜,青花苔,花(青)菜苔,菜苔,花菜苞",13.6,28.4278,22.5609,90.803,3.6947,0.1737,0.042,4.4343,3.0878,1.12,15.3483,,0.1313,338.6419,44.3524,22.2004,0.7975,0.5033
E5800402,蔬菜類,青花菜(2021年取樣),"樣品狀態:生; 前處理描述:去粗梗,混合均勻打碎","(青花菜非綠色花椰菜)青(綠)花菜,美國花菜,青花苔,花(青)菜苔,菜苔,花菜苞",29.8,37.9319,32.6542,88.76,3.439,0.4072,0.2023,6.5419,2.7777,1.792,13.11,0.199,0.191,348.8,30.27,22.39,1.23,0.73
E5800501,蔬菜類,冷凍青花菜,樣品狀態:冷凍包裝; 前處理描述:混合均勻打碎,"(青花菜非綠色花椰菜)青(綠)花菜,美國花菜,青花苔,花(青)菜苔,菜苔,花菜苞",,25.2669,19.0672,92.25,2.525,0.156,0.0,4.4476,3.263,,10.8178,,0.0976,196.2267,38.0444,16.6743,0.5977,0.4989
E5800601,蔬菜類,青花菜筍,樣品狀態:生; 前處理描述:混合均勻打碎,,,32.3202,26.6314,90.435,3.03,0.5241,0.2837,5.1269,2.9941,0.908,6.356,,0.24,313.635,41.178,21.395,0.6,0.248
E5810101,蔬菜類,花椰菜乾,樣品狀態:乾貨; 前處理描述:混合均勻打碎,,,290.7787,238.1926,13.703,15.967,0.6137,,62.515,27.6769,,176.9055,,1.001,2582.0797,253.5004,98.1633,13.5523,2.3595
E5900101,蔬菜類,金針菜,樣品狀態:生; 前處理描述:混合均勻打碎,"萱草,金針花,金針,黃花(菜),萱花",,39.5529,34.0568,89.0957,2.3853,0.5367,0.2343,7.3875,2.8927,2.956,1.5571,,0.067,269.1052,22.7258,16.3481,0.5794,0.7972
E5910101,蔬菜類,金針菜乾,樣品狀態:乾貨; 前處理描述:混合均勻打碎,"萱草,金針花,金針,黃花(菜),萱花",,307.1319,269.5427,11.031,14.255,1.758,,65.4024,19.7838,,1484.8478,,2.333,1307.2348,133.7871,118.8238,7.5844,3.7486
E6010101,蔬菜類,洛神花乾,樣品狀態:乾貨; 前處理描述:混合均勻打碎,"玫瑰茄,洛神葵,洛神果,洛濟葵",0.0,306.0205,239.7048,11.526,9.0,0.5532,0.3377,71.2334,34.903,4.407,16.9,13.9885,0.3933,2004.12,1265.7,368.68,4.79,2.09
E6100101,蔬菜類,絲瓜花,樣品狀態:生; 前處理描述:混合均勻打碎,菜瓜花,,31.3149,25.4249,90.0,3.9,0.27,,4.83,3.1,,6.0,,,320.0,65.0,37.0,0.9,0.6
E62001,蔬菜類,冬瓜平均值,"樣品狀態:生; 前處理描述:去皮,混合均勻打碎","白瓜,東瓜,枕瓜,水芝,地芝",26.6,10.8078,8.711,96.8515,0.3998,0.0711,0.0277,2.3502,1.1036,1.402,1.8147,,0.0175,165.11,11.3308,5.3576,0.3238,0.1343
E6200101,蔬菜類,冬瓜,"樣品狀態:生,大果; 前處理描述:去皮,混合均勻打碎","白瓜,東瓜,枕瓜,水芝,地芝",11.4,12.7817,10.6579,96.458,0.4305,0.1235,,2.7231,1.1178,,2.7948,,0.0055,121.7904,7.2987,6.7553,0.1511,0.0916
E6200102,蔬菜類,香芋冬瓜,"樣品狀態:生,小果; 前處理描述:去皮,混合均勻打碎","白瓜,東瓜,枕瓜,水芝,地芝",41.9,8.8339,6.7641,97.245,0.369,0.0186,0.0072,1.9773,1.0894,1.402,0.8346,,0.0295,208.4296,15.3628,3.9598,0.4965,0.1769
E6200103,蔬菜類,冬瓜(2022年取樣),"樣品狀態:生,大果; 前處理描述:去皮及囊籽,混合均勻打碎","白瓜,東瓜,枕瓜,水芝,地芝",21.0,20.7987,18.518,94.11,0.411,0.0,0.0,5.0569,1.2004,1.544,0.0,0.0438,0.0,180.86,12.51,7.04,0.0,0.0
E63001,蔬菜類,南瓜平均值,"樣品狀態:生; 前處理描述:去皮及籽,混合均勻打碎","金瓜,飯瓜,番(翻)瓜,倭(窩)瓜,紅(冬/西洋)南瓜,南瓜,北瓜,玉瓜,筍瓜",26.9,74.0847,69.3319,79.7579,1.8516,0.1983,0.0742,17.3266,2.5015,5.442,1.3493,,0.2918,425.9775,13.7073,16.9408,0.4894,0.2926
E6300101,蔬菜類,日本南瓜,"樣品狀態:生; 前處理描述:去皮及籽,混合均勻打碎","金瓜,飯瓜,番(翻)瓜,倭(窩)瓜,紅(冬/西洋)南瓜,南瓜,北瓜,玉瓜,筍瓜",28.3,85.8109,79.878,77.4204,0.582,0.388,,20.7791,3.1226,,3.0481,,0.216,417.4501,16.338,19.5756,0.5155,0.1983
E6300102,蔬菜類,台灣南瓜,"樣品狀態:生; 前處理描述:去皮及籽,混合均勻打碎","金瓜,飯瓜,番(翻)瓜,倭(窩)瓜,紅(冬/西洋)南瓜,南瓜,北瓜,玉瓜,筍瓜",28.4,48.9517,46.3179,86.375,1.6655,0.1665,,11.0755,1.3862,,0.5413,,0.09,347.4383,7.6792,10.1248,0.4702,0.2572
E6300103,蔬菜類,栗子南瓜,"樣品狀態:生; 前處理描述:去皮及籽,混合均勻打碎","金瓜,飯瓜,番(翻)瓜,倭(窩)瓜,紅(冬/西洋)南瓜,南瓜,北瓜,玉瓜,筍瓜",23.8,85.5911,79.3814,76.892,1.371,0.1636,0.0612,20.6743,3.2683,5.442,0.762,,0.122,400.436,12.475,12.043,0.353,0.243
E6300104,蔬菜類,菊花南瓜,"樣品狀態:生; 前處理描述:去皮及籽,混合均勻打碎","金瓜,飯瓜,番(翻)瓜,倭(窩)瓜,紅(冬/西洋)南瓜,南瓜,北瓜,玉瓜,筍瓜",25.6,75.985,71.7502,78.344,3.788,0.075,,16.7776,2.2288,,1.0456,,0.739,538.5854,18.3369,26.0196,0.6189,0.472
E6400101,蔬菜類,胡瓜,"樣品狀態:生; 前處理描述:去皮及籽,混合均勻打碎","大黃瓜,刺瓜,黃瓜,生瓜,王瓜,花瓜,黑瓜,大瓜",23.5,13.8438,12.8423,96.025,0.6553,0.0963,,2.9028,0.5271,2.323,3.371,,0.0167,116.0069,14.5241,8.4001,1.2913,0.206
E6400201,蔬菜類,花胡瓜(有機),"樣品狀態:生; 前處理描述:去蒂,混合均勻打碎","小黃瓜,花瓜,小胡瓜,小刺瓜",2.6,14.93,13.6466,95.49,0.759,0.1,0.0682,3.1037,0.6755,1.314,1.33,0.0836,0.05,219.03,17.71,15.42,0.24,0.1
E6500101,蔬菜類,苦瓜(白皮),"樣品狀態:生,白苦瓜; 前處理描述:去蒂及囊籽,混合均勻打碎","錦荔枝,癩蒲萄,涼瓜,癩瓜,紅姑娘",11.7,19.3817,13.9733,94.3643,0.8833,0.1188,0.0869,4.1213,2.8465,0.45,3.3065,,0.0893,206.5291,19.918,14.0297,0.288,0.123
E6500201,蔬菜類,苦瓜(青皮),"樣品狀態:生,白苦瓜; 前處理描述:去蒂及囊籽,混合均勻打碎","錦荔枝,癩蒲萄,涼瓜,癩瓜,紅姑娘",10.3,19.8198,12.9613,94.305,0.884,0.1336,0.0947,4.2014,3.6097,0.5204,0.6295,,0.0585,198.309,18.8625,14.7285,0.2285,0.235
E6500301,蔬菜類,珍珠苦瓜,"樣品狀態:生,青苦瓜; 前處理描述:去蒂及囊籽,混合均勻打碎","錦荔枝,癩蒲萄,涼瓜,癩瓜,紅姑娘(青苦瓜)",16.5,18.627,14.9364,94.573,0.741,0.0558,,4.1586,1.9424,,0.4637,,0.109,204.3418,22.0174,16.1317,0.4809,0.3946
E6500401,蔬菜類,野苦瓜,"樣品狀態:生; 前處理描述:去蒂及囊籽,混合均勻打碎","山苦瓜,青小苦瓜,小苦瓜,野生苦瓜,短苦瓜,野癩瓜",18.3,29.9788,22.2171,91.4812,1.687,0.5895,,5.2884,4.0851,,6.0663,,0.2024,362.143,43.2997,32.6533,0.7438,0.363
E6600101,蔬菜類,隼人瓜,"樣品狀態:生; 前處理描述:去蒂,混合均勻打碎","梨瓜,壽瓜,合掌瓜,安南瓜,香瓜仔,拳頭瓜,佛掌瓜、香圓瓜,香櫞瓜,佛手瓜,瓦瓜",13.0,23.1948,20.2248,93.6937,0.737,0.1381,,5.1559,1.5632,2.7613,6.4467,,0.048,109.69,21.096,9.3897,0.1627,0.1737
E6600102,蔬菜類,隼人瓜(2023年取樣),"樣品狀態:生; 前處理描述:去蒂,混合均勻打碎","梨瓜,壽瓜,合掌瓜,安南瓜,香瓜仔,拳頭瓜,佛掌瓜、香圓瓜,香櫞瓜,佛手瓜,瓦瓜",2.2,21.5025,18.708,94.07,0.704,0.23,0.1555,4.5469,1.4708,2.936,0.0,0.1253,0.057,183.56,25.72,9.25,0.0,0.0
E6700101,蔬菜類,白皮蛇瓜,"樣品狀態:生; 前處理描述:去皮,混合均勻打碎","蛇王瓜,毛烏瓜",19.3,18.7305,16.3745,94.5,1.44,0.31,,3.17,1.24,,22.0,,0.0392,200.0,25.0,15.0,0.94,0.26
E6700201,蔬菜類,綠皮蛇瓜,"樣品狀態:生; 前處理描述:去皮,混合均勻打碎","蛇王瓜,毛烏瓜",27.8,31.879,26.369,91.4,1.9,0.6,,5.61,2.9,,10.0,,0.0142,160.0,27.0,15.0,0.48,0.29
E6800101,蔬菜類,絲瓜,"樣品狀態:生; 前處理描述:去皮,混合均勻打碎","菜瓜,布瓜,蠻瓜,天絲瓜,水瓜,天羅,天絡,仙人拐,魚鰦",18.6,18.6884,16.7409,94.646,1.062,0.0982,0.0509,3.8677,1.025,2.08,0.3157,,0.084,117.1002,9.6047,9.6899,0.1994,0.0872
E6800201,蔬菜類,稜角絲瓜,"樣品狀態:生; 前處理描述:去皮,混合均勻打碎","澎湖絲瓜,十角絲瓜,十捻菜瓜,角瓜,廣東絲瓜,雨傘絲瓜,金門絲瓜,香港絲瓜",42.3,20.3366,18.0138,94.3635,0.896,0.2195,,4.1415,1.2225,,5.3846,,0.0805,137.8736,12.6593,11.5413,1.8602,0.3921
E6900101,蔬菜類,越瓜,"樣品狀態:生; 前處理描述:去蒂及籽,混合均勻打碎","醃瓜,菴瓜,梢瓜,酥瓜,甜瓜,羊角瓜,稍瓜,生瓜,白瓜,青瓜,百香胡瓜",19.6,18.1169,16.2355,94.848,0.626,0.0685,,4.0778,0.9902,,2.2004,,0.043,122.0829,18.6781,21.1614,0.0,0.2271
E70001,蔬菜類,蒲瓜平均值,"樣品狀態:生; 前處理描述:去皮,混合均勻打碎","扁蒲,蒲仔,瓠子(瓜/餔),匏仔(瓜),葫蘆瓜,瓢簞,天瓜,龍蛋瓜,蒲(葫/壺)蘆",15.5,17.7862,15.3232,95.1225,0.4894,0.1246,0.0571,3.9644,1.2963,1.9815,0.639,,0.0165,103.0414,17.2861,6.5063,0.1499,0.2015
E7000101,蔬菜類,蒲瓜(長形),"樣品狀態:生; 前處理描述:去皮,混合均勻打碎","扁蒲,蒲仔,瓠瓜,匏瓜,葫蘆瓜,瓢簞,天瓜,龍蛋瓜,蒲(葫/壺)蘆",19.4,18.6325,16.1226,94.861,0.504,0.1175,,4.1868,1.321,,1.6656,,0.005,111.2081,17.1009,6.9902,0.2359,0.1869
E7000102,蔬菜類,蒲瓜(圓形),"樣品狀態:生; 前處理描述:去皮,混合均勻打碎","扁蒲,蒲仔,瓠瓜,匏瓜,葫蘆瓜,瓢簞,天瓜,龍蛋瓜,蒲(葫/壺)蘆",11.9,17.9223,15.4078,94.945,0.619,0.063,0.0289,4.0444,1.3234,2.42,0.4827,,0.0253,119.4867,12.7599,7.0351,0.0942,0.1385
E7000201,蔬菜類,花蒲瓜(圓形),"樣品狀態:生; 前處理描述:去皮,混合均勻打碎","扁蒲,蒲仔,瓠瓜,匏瓜,葫蘆瓜,瓢簞,天瓜,龍蛋瓜,蒲(葫/壺)蘆",19.0,14.9133,12.5556,95.884,0.3345,0.048,,3.4962,1.2409,1.543,0.4075,,0.0185,91.4707,23.2837,4.9997,0.0695,0.2806
E7000301,蔬菜類,葫蘆瓜,"樣品狀態:生; 前處理描述:去皮,混合均勻打碎","扁蒲,蒲仔,瓠瓜,匏瓜,葫蘆瓜,瓢簞,天瓜,龍蛋瓜,蒲(葫/壺)蘆",11.0,19.6769,17.2069,94.8,0.5,0.27,,4.13,1.3,,0.0,,0.017,90.0,16.0,7.0,0.2,0.2
E7100101,蔬菜類,黃櫛瓜,"樣品狀態:生; 前處理描述:去頭尾,混合均勻打碎",,6.7,15.1319,13.3535,95.036,1.45,0.1113,,2.667,0.936,,0.2772,,0.081,365.1492,24.9142,18.2918,0.6406,0.4028
E7100201,蔬菜類,綠櫛瓜,"樣品狀態:生; 前處理描述:去頭尾,混合均勻打碎",,5.6,13.0889,11.2929,94.976,2.18,0.0467,,1.7914,0.9453,,0.4363,,0.106,416.7584,18.8419,18.3669,0.7929,0.6091
E7210101,蔬菜類,枸杞乾,樣品狀態:乾貨; 前處理描述:混合均勻打碎,"枸杞,地骨子,甘杞,杞子,枸忌,苦杞,血杞,天精子",0.0,346.6949,325.3729,4.798,12.295,1.3,0.2083,77.8464,11.2221,44.139,521.2,0.5074,0.2012,1362.86,49.83,74.68,4.48,1.16
E7300101,蔬菜類,長茄子,"樣品狀態:生,長茄; 前處理描述:去蒂,混合均勻打碎","茄,茄仔,紅皮菜,紅茄(菜),紅茄仔,落蘇,崑崙瓜,紫瓜,酪酥,小蓏,長茄",10.9,25.3298,20.11,92.7843,1.2165,0.1621,0.1144,5.3297,2.7473,2.252,2.1132,,0.089,220.7333,15.9188,14.6835,0.4201,0.3425
E7300201,蔬菜類,圓茄子,"樣品狀態:生,圓茄; 前處理描述:去蒂,混合均勻打碎","日本茄子,迷你茄",,20.6965,17.6615,93.93,1.019,0.04,,4.5364,1.5974,,1.7,,0.069,228.5,11.78,13.97,0.335,0.791
E74001,蔬菜類,大番茄平均值(紅色系),"樣品狀態:生,紅色系大果; 前處理描述:去蒂,混合均勻打碎","柑仔蜜,甘仔(阿)蜜,草柿,臭柿仔,西紅柿,小金瓜,番柿,六月柿,洋柿(茄)子,紅茄,毛臘果",2.0,18.5684,16.6636,94.5457,0.7743,0.054,0.0243,4.125,1.0025,2.1783,2.1279,,0.1095,217.3998,10.1069,9.0584,0.3181,0.2797
E7400101,蔬菜類,牛番茄,"樣品狀態:生,紅色系大果; 前處理描述:去蒂,混合均勻打碎","柑(甘)仔蜜,草(番,西紅,六月)柿,臭柿仔,小金瓜,洋柿(茄)子,紅茄,毛臘果",1.4,18.5931,16.6452,94.672,0.7085,0.1156,0.0521,4.0434,1.0252,2.1783,1.6748,,0.0965,227.1584,6.786,9.7794,0.481,0.3027
E7400102,蔬菜類,紅番茄,"樣品狀態:生,紅色系大果; 前處理描述:去蒂,混合均勻打碎","柑(甘)仔蜜,草(番,西紅,六月)柿,臭柿仔,小金瓜,洋柿(茄)子,紅茄,毛臘果",1.6,19.6986,18.1527,94.137,0.885,0.0464,,4.3568,0.8136,,2.055,,0.104,247.1613,9.7277,10.0407,0.2747,0.291
E7400103,蔬菜類,桃太郎番茄,"樣品狀態:生,紅色系大果; 前處理描述:去蒂,混合均勻打碎","柑(甘)仔蜜,草(番,西紅,六月)柿,臭柿仔,小金瓜,洋柿(茄)子,紅茄,毛臘果",2.7,17.4134,15.1927,94.8281,0.7295,0.0,,3.9749,1.1688,,2.654,,0.128,177.8797,13.8071,7.3552,0.1987,0.2453
E7400201,蔬菜類,黃番茄,"樣品狀態:生,黃色系大果; 前處理描述:去蒂,混合均勻打碎","柑(甘)仔蜜,草(番,西紅,六月)柿,臭柿仔,小金瓜,洋柿(茄)子,紅茄,毛臘果",0.1,23.3043,22.3834,93.191,0.924,0.044,0.0,5.2603,0.4847,2.7295,3.094,,0.045,230.417,9.5481,14.5485,0.0,0.213
E74003,蔬菜類,大番茄平均值(綠色系),"樣品狀態:生,綠色系大果; 前處理描述:去蒂,混合均勻打碎","柑仔蜜,甘仔(阿)蜜,草柿,臭柿仔,西紅柿,小金瓜,番柿,六月柿,洋柿(茄)子,紅茄,毛臘果",3.2,21.9613,20.1006,93.8061,0.7128,0.0667,,5.0091,0.9793,2.865,3.0896,,0.1085,194.6522,9.8365,9.5597,0.3832,0.2579
E7400301,蔬菜類,粉柿番茄,"樣品狀態:生,綠色系大果; 前處理描述:去蒂,混合均勻打碎","柑(甘)仔蜜,草(番,西紅,六月)柿,臭柿仔,小金瓜,洋柿(茄)子,紅茄,毛臘果(粉柿仔)",2.2,17.9897,16.4235,94.765,0.771,0.0218,,4.048,0.8243,,2.152,,0.074,184.1393,8.3487,8.4614,0.3881,0.3905
E7400302,蔬菜類,黑柿番茄,"樣品狀態:生,綠色系大果; 前處理描述:去蒂,混合均勻打碎","柑(甘)仔蜜,草(番,西紅,六月)柿,臭柿仔,小金瓜,洋柿(茄)子,紅茄,毛臘果",5.1,23.3283,21.465,93.59,0.42,0.0613,,5.5679,0.9807,2.865,1.218,,0.139,189.415,10.394,7.367,0.407,0.183
E7400303,蔬菜類,綠番茄,"樣品狀態:生,綠色系大果; 前處理描述:去蒂,混合均勻打碎","柑(甘)仔蜜,草(番,西紅,六月)柿,臭柿仔,小金瓜,洋柿(茄)子,紅茄,毛臘果",2.8,24.5658,22.4133,93.0633,0.9475,0.117,,5.4113,1.1329,,5.8989,,0.1125,210.4023,10.7667,12.8507,0.3546,0.2001
E74004,蔬菜類,小番茄平均值(紅色系),"樣品狀態:生,紅色系小果; 前處理描述:去蒂,混合均勻打碎","柑仔蜜,甘仔(阿)蜜,草柿,臭柿仔,西紅柿,小金瓜,番柿,六月柿,洋柿(茄)子,紅茄,毛臘果",0.9,32.6934,29.5146,90.942,0.9208,0.1778,0.1033,7.3827,1.6731,5.08,5.877,,0.2033,268.7981,13.5754,11.0449,0.7979,0.2243
E7400401,蔬菜類,聖女小番茄,"樣品狀態:生,紅色系小果; 前處理描述:去蒂,混合均勻打碎","柑(甘)仔蜜,草(番,西紅,六月)柿,臭柿仔,小金瓜,洋柿(茄)子,紅茄,毛臘果",0.7,33.8335,31.0456,90.9978,1.1085,0.4705,0.2734,6.9208,1.4673,5.08,9.5191,,0.145,200.0246,15.7798,10.4283,0.4896,0.2244
E7400402,蔬菜類,試交二號小番茄,"樣品狀態:生,紅色系小果; 前處理描述:去蒂,混合均勻打碎","柑(甘)仔蜜,草(番,西紅,六月)柿,臭柿仔,小金瓜,洋柿(茄)子,紅茄,毛臘果",0.9,29.9358,26.2477,91.4521,0.736,0.002,,7.1771,1.9411,,2.5326,,0.181,270.8249,12.6058,10.5911,0.5162,0.2211
E7400403,蔬菜類,櫻桃小番茄,"樣品狀態:生,紅色系小果; 前處理描述:去蒂,混合均勻打碎","柑(甘)仔蜜,草(番,西紅,六月)柿,臭柿仔,小金瓜,洋柿(茄)子,紅茄,毛臘果",1.3,34.3111,31.2504,90.376,0.918,0.061,,8.0501,1.6109,,5.5793,,0.284,335.5449,12.3407,12.1153,1.3878,0.2274
E7400501,蔬菜類,黃金小蕃茄,"樣品狀態:生,橙色系小果; 前處理描述:去蒂,混合均勻打碎","柑(甘)仔蜜,草(番,西紅,六月)柿,臭柿仔,小金瓜,洋柿(茄)子,紅茄,毛臘果",,30.5688,28.3146,91.477,0.813,0.2475,0.1652,6.7608,1.1864,5.533,3.091,,0.142,390.451,11.453,11.901,0.258,0.0
E74006,蔬菜類,小番茄平均值(橙色系),"樣品狀態:生,橙色系小果; 前處理描述:去蒂,混合均勻打碎","柑(甘)仔蜜,草(番,西紅,六月)柿,臭柿仔,小金瓜,洋柿(茄)子,紅茄,毛臘果",2.9,31.0774,28.5365,91.0585,1.1123,0.1709,0.0737,6.8546,1.3373,4.2612,3.5982,,0.2043,247.4032,11.9689,11.3707,0.2667,0.3557
E7400601,蔬菜類,金女小番茄,"樣品狀態:生,橙色系小果; 前處理描述:去蒂,混合均勻打碎","柑(甘)仔蜜,草(番,西紅,六月)柿,臭柿仔,小金瓜,洋柿(茄)子,紅茄,毛臘果",,29.9058,27.5371,90.775,1.099,0.1434,,6.6221,1.2467,4.9246,4.464,,0.185,282.694,14.3101,12.464,0.0,0.168
E7400602,蔬菜類,黃金聖女小番茄,"樣品狀態:生,橙色系小果; 前處理描述:去蒂,混合均勻打碎","柑(甘)仔蜜,草(番,西紅,六月)柿,臭柿仔,小金瓜,洋柿(茄)子,紅茄,毛臘果",,30.8959,27.9289,91.3615,0.999,0.1321,0.0476,6.9674,1.5616,4.0841,3.2625,,0.223,251.9635,10.7435,11.912,0.405,0.899
E7400603,蔬菜類,橙蕃茄,"樣品狀態:生,橙色系小果; 前處理描述:去蒂,混合均勻打碎","柑(甘)仔蜜,草(番,西紅,六月)柿,臭柿仔,小金瓜,洋柿(茄)子,紅茄,毛臘果",2.9,32.4305,30.1434,91.039,1.239,0.2371,0.1191,6.9743,1.2037,3.775,3.068,,0.205,207.552,10.853,9.736,0.395,0.0
E7400701,蔬菜類,香瓜茄,"樣品狀態:生; 前處理描述:去蒂及籽,混合均勻打碎","香瓜梨,南美香瓜梨",2.5,25.9595,24.6943,93.035,0.44,0.0657,,6.2197,0.6659,5.408,2.609,,0.054,130.931,7.115,4.789,0.193,0.207
E75001,蔬菜類,甜椒平均值(青皮),"樣品狀態:生,青椒; 前處理描述:去蒂及籽,混合均勻打碎","青椒,(甜)番椒,青辣椒,大同仔,番羌仔,燈籠椒,生番薑,獅子椒,甘椒,生椒",14.7,29.405,23.724,92.2312,1.0324,0.4472,0.2444,5.8863,2.99,2.2022,2.1545,,0.3699,196.339,12.4941,14.5864,0.3716,0.3518
E7500101,蔬菜類,甜椒(青皮),"樣品狀態:生,青椒; 前處理描述:去蒂及籽,混合均勻打碎","甜椒,甜番椒,大同仔,番羌仔,燈籠椒,生番薑,獅子椒,甘椒,生椒(青椒,青辣椒)",17.0,23.34,19.3394,93.7277,0.7873,0.2711,0.177,4.8739,2.1056,2.588,4.2443,,0.1787,144.0147,10.387,10.4083,0.507,0.1783
E7500102,蔬菜類,小甜椒(青皮),"樣品狀態:生,青椒; 前處理描述:去蒂及籽,混合均勻打碎","甜椒,甜番椒,大同仔,番羌仔,燈籠椒,生番薑,獅子椒,甘椒,生椒(青椒,青辣椒)",16.7,34.5107,28.3948,90.842,1.442,0.5177,,6.7691,3.2189,,0.3173,,0.53,210.6544,13.1562,15.0469,0.6078,0.6451
E7500103,蔬菜類,高山甜椒(青皮),"樣品狀態:生,青椒; 前處理描述:去蒂及籽,混合均勻打碎","甜椒,甜番椒,大同仔,番羌仔,燈籠椒,生番薑,獅子椒,甘椒,生椒(青椒,青辣椒)",8.1,30.3643,23.4379,92.124,0.868,0.5529,0.2433,6.016,3.6455,1.8164,1.902,,0.401,234.348,13.939,18.304,0.0,0.232
E7500201,蔬菜類,甜椒(紅皮),"樣品狀態:生,彩椒; 前處理描述:去蒂及籽,混合均勻打碎","甜椒,甜番椒,大同仔,番羌仔,燈籠椒,生番薑,獅子椒,甘椒,生椒(紅椒,紅番(辣)椒,紅色大唐)",,33.4918,30.3935,91.22,0.834,0.45,,7.0616,1.6307,,0.73,,0.1801,188.97,5.6,9.61,0.37,0.239
E7500301,蔬菜類,甜椒(黃皮),"樣品狀態:生,彩椒; 前處理描述:去蒂及籽,混合均勻打碎","甜椒,甜番椒,大同仔,番羌仔,燈籠椒,生番薑,獅子椒,甘椒,生椒",,28.091,24.52,92.2,0.826,0.28,,6.047,1.8795,,0.6,,0.0794,192.18,7.08,9.64,0.237,0.268
E7500401,蔬菜類,甜椒(橙皮),"樣品狀態:生,彩椒; 前處理描述:去蒂及籽,混合均勻打碎","甜椒,甜番椒,大同仔,番羌仔,燈籠椒,生番薑,獅子椒,甘椒,生椒",8.7,34.5559,32.1317,90.7245,0.9225,0.2686,0.0802,7.6643,1.2759,5.607,2.337,,0.2516,214.707,6.097,12.4805,0.7065,0.377
E75005,蔬菜類,青辣椒平均值,"樣品狀態:生,青辣椒; 前處理描述:去蒂,混合均勻打碎","辣椒,番椒,番仔薑,臘椒(牛角辣椒,羊角辣椒,長辣(番)椒,青辣椒)",9.5,32.9325,26.6629,90.861,1.3443,0.2998,0.0992,6.8978,3.2998,2.2187,2.0127,,0.3953,222.8567,12.597,13.7283,0.305,0.8188
E7500501,蔬菜類,角椒,"樣品狀態:生,青辣椒; 前處理描述:去蒂及籽,混合均勻打碎","辣椒,番椒,番仔薑,臘椒",16.5,22.1826,17.3668,93.624,0.904,0.159,,4.7393,2.5346,,2.209,,0.507,183.9511,10.1728,10.5794,0.1841,0.1373
E7500502,蔬菜類,長辣椒(青皮),"樣品狀態:生,青辣椒; 前處理描述:去蒂,混合均勻打碎","辣椒,番椒,番仔薑,臘椒",1.4,48.9903,41.1154,86.63,1.889,0.4433,0.1409,10.3412,4.1447,2.3654,3.012,,0.369,277.359,14.2953,17.7416,0.505,0.305
E7500503,蔬菜類,糯米椒,"樣品狀態:生,青辣椒; 前處理描述:去蒂,混合均勻打碎","辣椒,番椒,番仔薑,臘椒(伏見甘長辣椒)",10.6,27.6246,21.5066,92.329,1.24,0.297,0.1021,5.6128,3.22,2.072,0.817,,0.31,207.26,13.323,12.864,0.226,2.014
E75006,蔬菜類,紅辣椒平均值,"樣品狀態:生,紅辣椒; 前處理描述:去蒂,混合均勻打碎","辣椒,番椒,番仔薑,牛角辣椒,羊角辣椒,長辣(番)椒,紅辣椒,臘椒",7.2,80.4199,58.7427,78.0463,3.5632,0.8618,0.363,16.3772,11.409,2.98,6.4134,,1.3868,517.2132,21.1746,36.0362,1.7472,0.5385
E7500601,蔬菜類,長辣椒(紅皮),"樣品狀態:生,紅辣椒; 前處理描述:去蒂,混合均勻打碎","辣椒,番椒,番仔薑,臘椒",6.4,48.387,35.2741,86.791,2.3927,0.6905,0.298,9.3176,6.9015,3.145,13.7187,,1.0215,361.2192,15.7489,25.6932,3.082,0.2979
E7500602,蔬菜類,朝天椒(長果),"樣品狀態:生,紅辣椒; 前處理描述:去蒂,混合均勻打碎","辣椒,番椒,番仔薑,臘椒,指(向)天椒,赤穗生番椒,叢果番椒,海椒",7.3,90.0771,63.7051,76.0085,3.391,1.3488,0.5542,17.9239,13.88,2.815,3.1884,,0.928,563.6172,14.5072,44.3547,0.9963,0.7356
E7500603,蔬菜類,朝天椒(圓果),"樣品狀態:生,紅辣椒; 前處理描述:去蒂,混合均勻打碎","辣椒,番椒,番仔薑,臘椒,指(向)天椒,赤穗生番椒,叢果番椒,海椒(雞心椒)",9.4,102.7955,77.2489,71.3394,4.906,0.546,,21.8902,13.4456,,2.3332,,2.211,626.8033,33.2677,38.0607,1.1634,0.5819
E7510101,蔬菜類,乾長辣椒(紅皮),"樣品狀態:乾貨,紅辣椒; 前處理描述:混合均勻打碎","辣椒,番椒,番仔薑,臘椒",,382.0585,303.3149,13.338,19.942,17.2091,4.7926,47.6334,41.444,3.88,39.762,,2.12,2016.51,99.656,184.923,5.525,1.323
E7600101,蔬菜類,黃秋葵,"樣品狀態:生; 前處理描述:去蒂,混合均勻打碎","秋葵,羊角豆,黃蜀葵,食香槿,假三念,黃葵",10.6,35.613,28.4897,89.8345,2.0565,0.1259,0.0533,7.4798,3.7491,2.584,9.4994,,0.0475,203.3799,93.8023,50.0101,0.6875,0.6646
E7700101,蔬菜類,青花菜芽,"樣品狀態:生(含種皮,芽體,根毛); 前處理描述:混合均勻打碎","青花椰苗,青花菜苗,花菜苔芽",0.0,34.6729,29.0937,90.87,2.802,0.96,0.1146,4.9478,2.9364,0.682,1.15,0.1421,0.2,63.17,44.5,24.4,0.68,0.43
E7700201,蔬菜類,苜蓿芽,樣品狀態:生; 前處理描述:混合均勻打碎,苜蓿嬰,,20.1213,16.7348,93.61,3.215,0.2148,0.0454,2.5385,1.7824,0.27,64.8417,,0.1373,249.1157,40.8349,44.9998,0.6623,0.3423
E7700301,蔬菜類,紫甘藍芽,"樣品狀態:生(含種皮,芽體,根毛); 前處理描述:混合均勻打碎",,,32.0974,26.6566,92.028,0.248,0.6712,0.0746,6.623,2.8636,0.586,2.485,,0.22,64.046,51.596,29.024,1.25,0.577
E7700401,蔬菜類,黃豆芽,樣品狀態:生; 前處理描述:混合均勻打碎,大豆芽,,47.0472,40.8028,87.354,5.277,1.6176,0.3335,5.0467,3.2865,0.371,6.988,,0.179,273.612,19.202,32.078,1.132,0.774
E7700402,蔬菜類,"黃豆芽(有機,2023年取樣)",樣品狀態:生; 前處理描述:混合均勻打碎,大豆芽,0.0,40.9329,34.7767,88.22,5.072,0.97,0.2033,5.0065,3.2401,0.506,2.43,0.4971,0.13,273.6,39.87,43.63,0.9,0.57
E7700501,蔬菜類,黑豆芽,樣品狀態:生; 前處理描述:混合均勻打碎,,0.0,51.5821,43.4698,84.97,6.625,1.11,0.2591,6.3933,4.2696,0.819,2.7,0.5351,0.163,324.57,32.57,35.31,1.15,0.68
E7700601,蔬菜類,葵花芽,樣品狀態:生; 前處理描述:混合均勻打碎,,,26.4237,21.9535,92.023,2.547,0.354,0.0715,4.3045,2.3527,1.634,1.477,,0.157,120.793,21.5606,45.1928,0.753,0.85
E7700701,蔬菜類,綠豆芽,樣品狀態:生; 前處理描述:混合均勻打碎,"豆芽菜,豆菜,綠豆菜",,23.8073,21.3153,93.0757,2.3453,0.2147,,4.0681,1.3116,1.311,16.2424,,0.0914,127.6026,55.6377,13.8827,0.7778,0.3416
E7700801,蔬菜類,豌豆芽,樣品狀態:生; 前處理描述:混合均勻打碎,"豌豆嬰,荷蘭豆芽(嬰)",0.0,25.4122,21.8106,92.18,3.971,0.4301,0.192,2.9252,1.8956,0.574,1.51,0.147,0.15,124.61,6.04,11.67,0.53,0.25
E7700901,蔬菜類,蕎麥芽,樣品狀態:生; 前處理描述:混合均勻打碎,"烏麥芽,花蕎芽,荍麥芽",,20.0241,16.0161,94.069,1.866,0.215,0.0485,3.4194,2.1095,,3.621,,0.147,79.334,29.603,38.9798,0.225,0.479
E7701001,蔬菜類,蘿蔔芽,樣品狀態:生; 前處理描述:混合均勻打碎,"蘿蔔嬰,菜頭嬰(苗/芽),菜頭苗,貝芽菜",,23.5706,21.2965,93.011,2.14,0.3511,0.0744,3.8526,1.1969,0.294,6.846,,0.196,101.872,39.296,37.0451,1.324,0.586
E8700101,蔬菜類,山蘇菜,樣品狀態:生; 前處理描述:混合均勻打碎,"山蘇花,鳥巢蕨,山翅菜,雀(鳥)巢羊齒,歪頭 菜,巢鐵角蕨,掌草",,26.2878,20.1035,91.55,2.967,0.1694,0.0819,4.3837,3.2549,0.0,5.3991,,0.1515,350.4295,47.2749,33.6315,0.208,0.8098
E8800101,蔬菜類,火炭母草,樣品狀態:生; 前處理描述:混合均勻打碎,"川七,清飯藤,冷飯藤,雞糞(屎)藤,烏炭子",,12.0412,8.8112,93.6,1.6,0.36,,1.24,1.7,,26.0,,0.06,540.0,115.0,83.0,3.1,0.6
E8900101,蔬菜類,石蓮花,樣品狀態:生; 前處理描述:混合均勻打碎,蓮座草,,10.561,9.467,96.676,0.385,0.1219,0.0,2.1877,0.5758,0.105,40.161,,0.095,73.583,230.651,30.1026,0.662,0.128
E9000101,蔬菜類,青葙,樣品狀態:生; 前處理描述:混合均勻打碎,"野雞冠,雞冠莧,筆雞冠,草決明",,50.089,43.819,86.5,2.5,1.6,,7.73,3.3,,44.0,,0.0992,360.0,192.0,102.0,2.24,0.63
E9100101,蔬菜類,假人蔘,樣品狀態:生; 前處理描述:混合均勻打碎,"土人參,參仔葉(草),土高麗參,臺灣(野)參,櫨蘭,東洋參,參草",,31.5362,29.6552,92.6,1.64,2.22,,2.22,0.99,,17.0,,0.0098,330.0,62.0,84.0,4.22,0.33
E9200101,蔬菜類,野苦瓜嫩梢,樣品狀態:生; 前處理描述:混合均勻打碎,,,76.5238,59.7848,77.7,5.71,1.68,,12.18,8.81,,16.0,,0.2234,650.0,459.0,99.0,8.48,0.9
E9300101,蔬菜類,過溝菜蕨,樣品狀態:生; 前處理描述:混合均勻打碎,"過貓(溝),過貓(溝)菜,蕨山貓,食用雙囊蕨",,27.3946,21.8084,91.9125,3.0975,0.8249,,3.173,2.9401,,6.2452,,0.0707,347.4019,16.9367,28.9936,1.4165,0.9131
E9400101,蔬菜類,蔘鬚,樣品狀態:乾貨; 前處理描述:混合均勻打碎,,,330.1551,299.6613,10.906,7.018,1.7639,0.9158,76.1549,16.0494,27.06,31.546,,0.326,243.713,324.835,77.581,39.36,2.563
E9500101,蔬菜類,龍骨瓣莕菜,"樣品狀態:生; 前處理描述:去根部,混合均勻打碎","水蓮菜,野蓮,銀蓮花,水皮蓮,刺種莕菜,捲瓣莕菜",14.4,17.3803,13.8313,94.668,1.093,0.2718,0.1352,3.1389,1.8679,0.5789,110.653,,0.054,228.672,25.606,10.372,3.719,0.593
E9600101,蔬菜類,薄荷,樣品狀態:生; 前處理描述:混合均勻打碎,"仁丹草,升陽藥,南薄荷,夜息花,野薄荷,新卜荷",,55.406,41.156,83.4,3.05,0.6,,10.87,7.5,,14.0,,0.014,520.0,188.0,68.0,11.0,0.5
E9700101,蔬菜類,蕺菜,樣品狀態:生; 前處理描述:混合均勻打碎,"魚腥草,臭腥草,臭臊草,臭瘥草,手藥",,45.545,41.935,86.2,3.17,0.88,,7.66,1.9,,23.0,,0.073,500.0,79.0,66.0,8.41,0.7
E9800101,蔬菜類,蘆薈,樣品狀態:生; 前處理描述:混合均勻打碎,盧會,70.0,4.415,1.755,99.1,0.05,0.4,,0.24,1.4,,18.0,,0.0272,30.0,36.0,7.0,0.13,0.04
E9900101,蔬菜類,皇宮菜,樣品狀態:生; 前處理描述:混合均勻打碎,,,21.7462,17.7562,93.1,2.2,0.26,,3.54,2.1,,20.0,,,300.0,68.0,55.0,1.1,0.3
E9900201,蔬菜類,香芫荽,"樣品狀態:生; 前處理描述:去莖部,混合均勻打碎",,,22.9932,18.8132,93.0,2.4,0.16,,3.94,2.2,,74.0,,0.035,230.0,91.0,22.0,2.9,0.7
E9900301,蔬菜類,荷蘭豆菜心,樣品狀態:生; 前處理描述:混合均勻打碎,,,29.8365,24.5165,90.9,3.9,0.55,,3.85,2.8,,9.0,,,320.0,33.0,23.0,1.1,0.6
E9900401,蔬菜類,厥子,樣品狀態:生; 前處理描述:混合均勻打碎,,,22.7312,11.9012,93.0,2.3,0.16,,3.94,5.7,,3.0,,0.029,320.0,11.0,20.0,0.9,1.4
E9900501,蔬菜類,義大利茼蒿,"樣品狀態:生; 前處理描述:去根部,混合均勻打碎",,5.4,14.8298,11.8819,95.253,1.574,0.3989,0.1033,1.889,1.5515,0.3575,1.296,,0.042,294.742,72.005,22.169,1.386,0.35
E9900601,蔬菜類,龍延草,樣品狀態:生; 前處理描述:混合均勻打碎,,,78.755,77.425,77.7,3.89,2.26,,12.73,0.7,,22.0,,0.0274,780.0,424.0,140.0,7.5,1.93
E9900701,蔬菜類,麵包果,"樣品狀態:生; 前處理描述:去心及皮,含籽,混合均勻打碎","釋迦果,馬檳榔",50.0,61.3168,53.1923,85.37,0.973,1.8194,0.6365,11.1639,4.2761,4.602,1.72,0.0731,0.0,269.47,50.86,33.0,0.0,0.0
E9900801,蔬菜類,冰花,"樣品狀態:生,冷藏盒裝; 前處理描述:混合均勻打碎","冰菜,水晶冰花,冰葉日中花",0.0,6.9103,5.8872,96.42,0.775,0.12,0.069,0.9937,0.5385,0.0,445.36,1.2493,0.07,359.45,9.7,12.46,0.27,0.12
F0110101,藻類,紅毛苔,樣品狀態:乾貨; 前處理描述:混合均勻打碎,"海發菜,海髮菜,頭髮菜,紅毛菜",,264.6622,214.1017,7.005,39.932,1.9137,1.1247,36.9289,26.6108,0.0,209.216,,0.229,4160.129,277.787,297.125,62.044,4.664
F0210101,藻類,紫菜,樣品狀態:乾貨; 前處理描述:混合均勻打碎,海苔,0.0,267.5053,212.41,12.2787,28.05,0.8823,0.4766,47.8537,28.9975,0.0,967.5087,,0.558,2753.5137,341.5722,363.4246,56.2443,3.7219
F0210102,藻類,熟紫菜,樣品狀態:乾貨; 前處理描述:混合均勻打碎,海苔,,294.1501,223.3141,10.42,18.073,0.417,0.2608,62.3868,37.2821,,516.8726,,0.631,1605.7785,352.1631,423.6221,37.9142,1.7763
F0310101,藻類,髮菜,樣品狀態:乾貨; 前處理描述:混合均勻打碎,"頭髮菜,紅毛菜,發菜",0.0,302.2322,274.5697,15.712,10.274,0.5133,0.3243,69.4918,14.5592,0.0,106.515,,0.88,89.296,1187.3885,131.7625,40.708,1.8205
F0400101,藻類,麒麟菜,"樣品狀態:生,褐色; 前處理描述:混合均勻打碎","麒麟草,海麒麟草,海珊湖,珊湖藻(草),鹹(鹽/神/福)草",0.0,41.1567,32.5813,87.509,0.95,0.013,0.0,9.8869,4.5134,0.0,16.425,,0.081,61.908,25.8051,17.8917,0.87,0.456
F0410101,藻類,乾麒麟菜,樣品狀態:乾貨; 前處理描述:混合均勻打碎,"乾麒麟草,乾海麒麟草,乾海珊湖,乾珊湖藻(草),乾鹹(鹽/神/福)草",0.0,189.1532,166.0311,6.243,1.197,0.4719,0.2348,46.6839,12.1695,0.0,14907.911,,0.0,567.41,252.448,72.645,3.24,0.326
F0500101,藻類,礁膜,樣品狀態:生; 前處理描述:混合均勻打碎,海菜(澎湖人稱),0.0,16.0285,9.2911,94.8291,0.2575,0.0929,,3.7375,3.546,0.0,76.6977,,0.0025,18.5814,92.2452,85.7236,3.3134,0.1706
F0610101,藻類,乾海茸芯,樣品狀態:乾貨; 前處理描述:混合均勻打碎,"海海洋竹笙,乾素蹄筋",,254.2605,178.2031,15.133,8.425,0.213,,59.078,40.0302,,4196.4818,,1.7,1673.2945,903.7235,899.2636,3.2571,1.0133
F07001,藻類,海帶平均值,樣品狀態:生; 前處理描述:混合均勻打碎,"江白菜,昆布,海昆布",0.0,19.0392,14.3168,94.131,0.7307,0.0788,0.0348,4.2218,2.4855,0.0,215.792,0.0224,0.4997,6.4213,79.5691,20.9129,0.8653,0.1323
F0700101,藻類,海帶卷,樣品狀態:生; 前處理描述:混合均勻打碎,"江白菜卷,昆布卷,海昆布卷",0.0,14.0141,8.829,95.5275,0.716,0.1674,0.0594,2.7531,2.729,0.0,367.3885,,0.054,5.981,63.585,13.3685,0.4465,0.0805
F0700102,藻類,海帶茸,樣品狀態:生; 前處理描述:混合均勻打碎,"江白菜茸,昆布茸,海昆布茸",0.0,28.6693,25.0979,90.972,1.052,0.047,,6.5435,1.8797,,207.7832,,2.153,7.1294,161.7379,51.0199,1.1117,0.1605
F0700103,藻類,海帶梗,樣品狀態:生; 前處理描述:混合均勻打碎,海帶根,0.0,13.6788,8.7922,95.88,0.364,0.01,0.0067,3.2414,2.5719,0.0,122.138,0.0224,0.0,7.702,40.746,6.564,0.641,0.151
F0700104,藻類,海帶結,樣品狀態:生; 前處理描述:混合均勻打碎,"江白菜結,昆布結,海昆布結",,16.7364,12.1439,94.7058,0.7795,0.0897,0.0271,3.5752,2.4171,0.0,230.4373,,0.2915,7.4845,78.4725,21.8212,1.2893,0.1471
F0700105,藻類,海帶絲,樣品狀態:生; 前處理描述:混合均勻打碎,"江白菜絲,昆布絲,海昆布絲",,22.0973,16.7208,93.5696,0.742,0.08,,4.9958,2.8297,,151.2131,,0.0,3.8098,53.3039,11.7911,0.8378,0.1224
F0710101,藻類,乾海帶,樣品狀態:乾貨; 前處理描述:混合均勻打碎,"乾江白菜,乾昆布,乾海昆布",0.0,219.9825,169.388,15.542,10.0465,1.1035,0.4908,47.2883,26.6287,,3152.5113,,0.241,7489.3251,790.8612,652.3808,4.4272,2.1713
F0800101,藻類,裙帶菜,"樣品狀態:生,經鹽醃脫水處理; 前處理描述:混合均勻打碎","海帶芽,嫩海帶",0.0,58.2528,39.113,58.74,4.963,0.0,0.0,11.6025,10.0736,0.0,9171.56,0.8478,0.0,503.88,346.39,123.29,12.62,1.05
F0810101,藻類,乾裙帶菜,樣品狀態:乾貨; 前處理描述:混合均勻打碎,"乾海帶芽,乾嫩海帶",,224.9262,160.2103,9.454,22.917,0.684,0.1267,40.8099,34.061,,8084.6455,,1.742,339.9088,949.9481,526.7077,28.6345,5.7007
F0810201,藻類,乾裙帶菜根,樣品狀態:乾貨; 前處理描述:混合均勻打碎,"乾海帶芽根,乾嫩海帶根",,201.3949,126.1279,9.298,6.178,0.632,0.3175,46.133,39.6142,,10169.8473,,0.818,860.6057,815.9984,244.6113,14.4603,1.621
F0910101,藻類,鳳尾藻,樣品狀態:乾貨; 前處理描述:混合均勻打碎,紫晶藻,0.0,212.6893,135.383,19.28,11.684,1.2819,0.9012,43.9353,40.6875,0.0,3957.265,1.3826,0.08,3402.133,318.763,710.451,18.025,3.956
F1000101,藻類,葛仙米藻,"樣品狀態:生,冷藏袋裝; 前處理描述:混合均勻打碎","雨來菇,地木耳,地軟兒,地皮菜,草皮菇,情人的眼淚",0.0,24.0828,15.4933,92.99,1.321,0.04,0.0185,5.2018,4.5208,0.0,13.5,0.2918,0.0,12.19,104.17,28.74,4.61,0.11
F9900201,藻類,壽司海苔片,前處理描述:混合均勻打碎,,,277.8906,227.4868,8.609,46.458,3.6924,1.0225,32.1193,26.5283,0.0,387.393,,1.008,2674.635,298.188,336.052,14.061,3.238
G0100101,菇類,木耳,樣品狀態:生; 前處理描述:混合均勻打碎,"黑木耳,桑耳,白背毛木耳,木樟(檽/菌/茸/蛾/樅),樹雞(毛木耳)",0.0,37.9503,23.9095,89.899,0.856,0.1457,0.0205,8.8431,7.3899,0.238,12.1933,,0.0341,55.9233,26.5005,17.2118,0.752,0.3353
G0100201,菇類,冷凍木耳,樣品狀態:冷凍包裝; 前處理描述:混合均勻打碎,"黑木耳,桑耳,白背毛木耳,木樟(檽/菌/茸/蛾/樅),樹雞(毛木耳)",0.0,50.9147,27.4687,86.5,0.86,0.05,,12.37,12.34,,35.0,,0.0086,0.0,51.0,21.0,0.92,0.0
G01101,菇類,乾木耳平均值,樣品狀態:乾貨; 前處理描述:混合均勻打碎,"黑木耳,桑耳,白背毛木耳,木樟(檽/菌/茸/蛾/樅),樹雞(毛木耳)",0.0,333.231,223.6344,7.281,13.7708,0.6806,0.1226,74.7321,57.6824,0.0,28.0173,,0.6891,1469.5898,113.4588,142.5748,2.8108,4.9228
G0110101,菇類,乾木耳(紅耳仔),樣品狀態:乾貨; 前處理描述:混合均勻打碎,"黑木耳,桑耳,白背毛木耳,木樟(檽/菌/茸/蛾/樅),樹雞(毛木耳)",0.0,328.7587,182.0006,12.202,6.1495,0.1512,0.0272,79.8414,77.2411,0.0,44.0445,,0.1582,457.7395,183.6975,144.1395,2.6305,0.6815
G0110102,菇類,乾木耳(黑耳仔),"前處理描述:以新鮮木耳熱風乾燥,混合均勻打碎","黑木耳,桑耳,白背毛木耳,木樟(檽/菌/茸/蛾/樅),樹雞(毛木耳)",0.0,337.7033,265.2682,2.36,21.392,1.21,,69.6227,38.1237,,11.99,,1.22,2481.44,43.22,141.01,2.991,9.164
G0110201,菇類,乾川耳,樣品狀態:乾貨; 前處理描述:混合均勻打碎,,0.0,335.952,187.5935,8.29,8.954,0.3304,0.1008,79.4172,78.0834,0.0,17.5,0.3746,0.26,1860.79,90.55,109.61,1.95,1.61
G0200101,菇類,銀耳,樣品狀態:生; 前處理描述:混合均勻打碎,"白木耳,雪耳",0.0,30.7147,18.5667,91.06,1.079,0.0,0.0,7.1507,6.3937,0.0,5.4,0.0062,0.072,361.82,5.05,9.4,0.0,0.0
G0200201,菇類,白毛木耳,樣品狀態:生; 前處理描述:混合均勻打碎,"毛木耳(白化),雪珍耳",,44.8771,31.2211,87.859,1.166,0.0646,,10.585,7.1874,0.269,2.391,,0.013,108.712,10.165,13.638,0.27,0.213
G0210101,菇類,乾銀耳,樣品狀態:乾貨; 前處理描述:混合均勻打碎,"白木耳,雪耳",0.0,310.0816,187.4603,13.4933,9.2807,1.1582,0.2798,70.7877,64.5375,2.0655,26.7937,,0.2926,2916.214,44.79,48.2473,2.4773,3.1987
G0300101,菇類,草菇,樣品狀態:生; 前處理描述:混合均勻打碎,"蘭花菇,美味草菇,包腳菇,中國蘑菇,稈(麻/貢)菇,南華菇,家生菇(小包腳菇)",0.0,35.7491,31.79,88.93,3.8025,0.345,,5.8715,2.0837,,2.825,,0.204,411.22,3.65,11.71,1.6075,0.858
G0400101,菇類,雞腿菇,樣品狀態:生; 前處理描述:混合均勻打碎,"雞腿(蘑)菇,雞髀菇,墨水菇,一夜菇(毛頭鬼傘)",,35.8226,31.8792,89.32,2.121,0.1397,0.0307,7.4606,2.0755,2.013,10.533,,0.13,448.905,1.678,12.502,0.738,0.543
G0410101,菇類,雞腿菇(乾),樣品狀態:乾貨; 前處理描述:混合均勻打碎,"雞腿(蘑)菇,雞髀菇,墨水菇,一夜菇(毛頭鬼傘)",0.0,297.5585,258.8389,10.623,20.138,1.4022,0.2023,59.7591,20.3787,24.506,72.576,,0.564,3716.412,19.6234,98.0185,7.043,4.334
G0500101,菇類,松茸,"樣品狀態:生; 前處理描述:去菌柄基部,混合均勻打碎","台灣松茸,松口蘑,大花菌,松蕈,剝皮菌(台灣松口蘑)",1.7,35.7479,33.07,89.819,3.146,0.5382,0.1392,5.8976,1.4094,2.8429,1.024,,0.163,201.169,1.274,11.574,0.747,0.465
G0600101,菇類,雪白菇(長),樣品狀態:生; 前處理描述:混合均勻打碎,"美白菇,白精靈菇",11.5,35.623,30.846,89.9545,2.105,0.3768,0.0995,6.9113,2.5142,2.218,1.1705,,0.092,285.1365,1.2215,10.0795,0.4955,0.4595
G0700101,菇類,柳松菇,樣品狀態:生; 前處理描述:混合均勻打碎,"柳松茸,茶樹菇,楊樹菇,田頭菇(柱狀田頭菇)",0.0,35.767,32.9208,89.163,3.7043,0.3277,0.0748,5.9792,1.498,0.774,0.46,,0.1537,334.3815,0.9263,13.733,0.3958,0.8978
G0710101,菇類,乾柳松菇,樣品狀態:乾貨; 前處理描述:混合均勻打碎,"柳松茸,茶樹菇,楊樹菇,田頭菇(柱狀田頭菇)",,285.7564,233.8058,14.013,23.48,1.881,,53.4602,27.3424,,5.8048,,0.389,3035.4677,44.4085,126.2264,8.161,6.7352
G08001,菇類,香菇平均值,樣品狀態:生; 前處理描述:混合均勻打碎,"冬(北/花/厚/毛)菇,椎茸,香蕈(信/椹),合蕈",0.0,38.5079,31.288,88.6107,3.0243,0.124,0.0,7.576,3.7999,0.5417,1.4764,,0.1812,277.0721,3.1745,16.4753,0.5753,1.2207
G0800101,菇類,香菇(大),樣品狀態:生; 前處理描述:混合均勻打碎,"冬(北/花/厚/毛)菇,椎茸,香蕈(信/椹),合蕈",0.0,37.1935,30.5389,89.0335,3.0383,0.1661,0.0,7.1392,3.5024,0.7345,1.5823,,0.1659,243.3548,2.8079,13.7032,0.3015,1.013
G0800102,菇類,香菇(小),樣品狀態:生; 前處理描述:混合均勻打碎,"冬(北/花/厚/毛)菇,椎茸,香蕈(信/椹),合蕈",0.0,25.8774,21.1115,92.1485,2.4185,0.0609,0.0,4.8798,2.5084,0.3488,1.095,,0.195,229.4015,1.9188,13.3764,0.1825,0.8515
G0800103,菇類,花菇,樣品狀態:生; 前處理描述:混合均勻打碎,"冬(北/花/厚/毛)菇,椎茸,香蕈(信/椹),合蕈",0.0,52.4527,42.2136,84.65,3.616,0.145,0.0,10.709,5.389,,1.752,,0.1826,358.46,4.7969,22.3464,1.2418,1.7976
G08101,菇類,乾香菇平均值,樣品狀態:乾貨; 前處理描述:混合均勻打碎,"冬(北/花/厚/毛)菇,椎茸,香蕈(信/椹),合蕈",0.0,320.9407,250.4342,8.1776,20.9261,1.5631,0.2576,64.8799,37.1087,4.8294,8.6843,,0.9364,2015.7787,31.1922,117.6265,3.5638,6.6543
G0810101,菇類,乾香菇,樣品狀態:乾貨; 前處理描述:混合均勻打碎,"冬(北/花/厚/毛)菇,椎茸,香蕈(信/椹),合蕈",0.0,332.5605,259.4867,4.0258,23.3118,1.3833,0.2129,66.6424,38.4599,6.675,14.824,,1.413,1843.4983,83.7623,142.8463,4.2455,6.274
G0810102,菇類,乾花菇,樣品狀態:乾貨; 前處理描述:混合均勻打碎,"冬(北/花/厚/毛)菇,椎茸,香蕈(信/椹),合蕈",0.0,316.7305,253.0362,10.3175,17.0485,1.0793,0.1854,67.4435,33.5233,3.5519,4.4455,,0.7402,1855.009,15.573,97.5935,2.5575,4.403
G0810103,菇類,乾白花菇,樣品狀態:乾貨; 前處理描述:混合均勻打碎,"冬(北/花/厚/毛)菇,椎茸,香蕈(信/椹),合蕈",0.0,309.8967,233.1785,11.102,18.714,1.0908,0.1929,64.5477,40.378,2.9736,5.071,,0.56,2379.133,10.825,126.154,3.314,7.474
G0810104,菇類,乾鈕釦菇,"樣品狀態:乾貨(香菇#271,93/03); 前處理描述:混合均勻打碎","冬(北/花/厚/毛)菇,椎茸,香蕈(信/椹),合蕈",0.0,324.575,256.0356,7.265,24.63,2.6989,0.4225,60.8858,36.0734,6.117,10.3965,,1.0325,1985.4745,14.6084,103.9123,4.138,8.466
G1000101,菇類,姬松茸,樣品狀態:生; 前處理描述:混合均勻打碎,"姬松菇,巴西蘑菇,柏氏蘑菇,小松菇",4.4,40.4188,36.1318,87.8165,4.0275,0.369,0.1677,6.8662,2.2563,0.8681,1.4985,,0.237,272.292,18.1779,8.9435,2.19,1.1745
G1010101,菇類,乾姬松茸,樣品狀態:乾貨; 前處理描述:混合均勻打碎,"姬松菇,巴西蘑菇,柏氏蘑菇,小松菇",0.0,293.6293,258.5141,10.295,33.967,2.6788,0.5385,46.7216,18.4817,19.371,22.697,,0.644,2535.11,24.5374,72.9647,10.383,8.93
G1100101,菇類,酒杯菇,樣品狀態:生; 前處理描述:混合均勻打碎,"大杯傘,大杯菇,葉松茸,豬肚菇",0.0,49.9389,42.2625,85.342,4.583,0.3469,0.0754,8.9815,4.0402,1.6063,1.298,,0.118,293.192,2.115,13.003,1.426,0.658
G1200101,菇類,秀珍菇,樣品狀態:生; 前處理描述:混合均勻打碎,"平菇,小平菇,側耳平菇,蠔菇,袖珍(鮑魚)菇(側耳)",0.0,27.5205,24.994,91.34,3.3377,0.084,0.0303,4.634,1.3297,1.36,0.7743,,0.1421,248.3783,1.1,12.9823,0.6023,0.7747
G1200201,菇類,天喜菇,樣品狀態:生; 前處理描述:混合均勻打碎,,,25.8722,21.7631,91.64,4.504,0.5148,0.1438,2.5033,2.1627,2.278,0.709,,0.13,280.803,1.288,21.023,1.051,0.967
G1200301,菇類,白蠔菇,樣品狀態:生; 前處理描述:混合均勻打碎,,,32.7085,26.8134,90.515,2.16,0.2561,0.1353,6.3861,3.1027,1.022,1.144,,0.09,219.363,1.174,14.562,1.211,1.02
G1200401,菇類,玫瑰菇,樣品狀態:生; 前處理描述:混合均勻打碎,"紅側耳,桃紅平菇,紅平菇,粉紅菇",,34.904,26.4422,88.782,4.514,0.127,,5.6447,4.4536,0.0,1.057,,0.15,327.399,3.812,22.966,2.484,2.37
G1300101,菇類,杏香菇,樣品狀態:生; 前處理描述:混合均勻打碎,"香微蘑,雪茸,帝王菇,平菇王",,26.2176,23.528,92.029,2.734,0.1442,0.0331,4.5763,1.4156,0.668,2.134,,0.128,227.736,0.415,11.715,0.354,0.919
G13002,菇類,杏鮑菇平均值,樣品狀態:生; 前處理描述:混合均勻打碎,"鳳尾菇,雪茸,帝王菇,平菇王,蠔菇王,干貝菇,刺芹側耳,義大利側耳,義大利蠔菌,杏鮑茸,西洋刺耳",0.0,41.3127,35.3702,88.1128,2.7185,0.208,0.0592,8.3203,3.1277,2.8697,2.6007,,0.2263,271.9694,1.0478,11.7699,0.2652,0.7316
G1300201,菇類,杏鮑菇(大),樣品狀態:生; 前處理描述:混合均勻打碎,"鳳尾菇,雪茸,帝王菇,平菇王,蠔菇王,干貝菇,刺芹側耳,義大利側耳,義大利蠔菌,杏鮑茸,西洋刺耳",,36.8808,29.9078,89.3627,2.4273,0.1332,0.0342,7.5401,3.67,3.227,2.9983,,0.4603,247.0427,0.887,10.9757,0.2753,0.602
G1300202,菇類,杏鮑菇(中),樣品狀態:生; 前處理描述:混合均勻打碎,"鳳尾菇,雪茸,帝王菇,平菇王,蠔菇王,干貝菇,刺芹側耳,義大利側耳,義大利蠔菌,杏鮑茸,西洋刺耳",0.0,40.3456,34.7957,88.3613,2.4987,0.2101,0.0785,8.2155,2.921,0.6455,1.5513,,0.1417,275.377,0.9655,11.566,0.0563,1.0553
G1300203,菇類,杏鮑菇(小),樣品狀態:生; 前處理描述:混合均勻打碎,"鳳尾菇,雪茸,帝王菇,平菇王,蠔菇王,干貝菇,刺芹側耳,義大利側耳,義大利蠔菌,杏鮑茸,西洋刺耳",,46.7118,41.407,86.6145,3.2295,0.2807,0.0628,9.2054,2.792,4.7365,3.2525,,0.077,293.4885,1.291,12.768,0.464,0.5375
G1400301,菇類,珊瑚菇,"樣品狀態:生; 前處理描述:去菌柄基部,混合均勻打碎","金頂鮑魚菇,金頂蘑,榆黃蘑,榆(黃)蘑,黃金菇,玉皇(米)菇,粗口黃,楊柳菌,黃樹窩(金頂側耳)",6.9,32.6677,29.439,89.6785,3.9995,0.212,0.0746,5.2345,1.6993,0.5887,0.073,,0.196,328.396,2.8549,21.8167,1.3765,1.4615
G1500101,菇類,蠔菇,"樣品狀態:生,中溫系; 前處理描述:混合均勻打碎","平菇,日本蠔菇,糙皮側耳,黑牡丹菇,黑美人菇,人工口蘑(囊狀側耳)",0.0,26.1775,20.281,92.22,2.0533,0.2667,,4.7604,3.1034,,3.9333,,0.2349,334.37,1.5933,13.8833,0.859,0.768
G1500201,菇類,鮑魚菇,"樣品狀態:生,高溫系; 前處理描述:混合均勻打碎","夏季鮑魚菇,高溫平菇,台灣平菇,黑美人菇,人工口蘑(囊狀側耳)",0.0,21.8883,20.6387,93.49,1.689,0.2,0.0419,4.0485,0.6577,,1.98,,0.0616,340.69,0.9,13.07,0.72,0.617
G1600101,菇類,金針菇,樣品狀態:生; 前處理描述:混合均勻打碎,"金(冬/榎/朴)菇,金絲菇,金菇菜,秋葷,樸蕈構菌,毛柄金線菇,菌子(絨柄金錢菇)",0.0,37.3304,33.0448,89.0878,2.5873,0.3049,0.0822,7.1794,2.2556,2.9,2.3883,,0.0951,385.2133,0.599,13.4948,0.9303,0.5788
G1600201,菇類,華翠菇,樣品狀態:生; 前處理描述:混合均勻打碎,"滿天星菇,黃色金針菇(絨柄金錢菇)",,28.6648,24.4044,91.456,2.494,0.2462,0.0595,5.1461,2.2423,2.377,1.323,,0.129,341.49,0.959,14.983,0.838,0.588
G1700101,菇類,滑菇,"樣品狀態:生; 前處理描述:去菌柄基部,混合均勻打碎","珍珠菇,滑子,滑子蘑,光蓋鱗傘,光帽黃傘(滑鱗傘)",24.9,26.6925,24.0557,91.9165,2.6285,0.1951,,4.6597,1.3878,1.0839,1.789,,0.0955,271.9165,1.6995,9.5965,0.946,0.736
G1800101,菇類,舞菇,"樣品狀態:生; 前處理描述:去菌柄基部,混合均勻打碎","舞茸,灰樹花,葉多孔菌,栗子蘑,千佛菌,蓮花菌",,27.5913,26.9817,92.172,1.422,0.1402,,5.8185,0.3208,0.475,0.503,,0.062,229.308,0.441,7.554,0.224,0.476
G1900101,菇類,鴻喜菇,"樣品狀態:生; 前處理描述:去菌柄基部,混合均勻打碎","紅喜菇,真姬菇,斑玉蕈,玉蕈,膠玉蘑,蟹味菇,海鮮菇,假松茸,松茸菇,榆菇,靈芝菇,黑真珠",10.5,29.5935,25.4179,90.831,2.9157,0.1487,0.046,5.3102,2.1977,1.7326,1.5267,,0.0959,338.742,1.5267,10.1887,0.5483,0.704
G1900201,菇類,雪白菇,"樣品狀態:生,鴻喜菇的白變種; 前處理描述:去菌柄基部,混合均勻打碎","美白菇,白玉菇",20.7,30.9028,26.4336,90.59,2.154,0.04,0.0092,6.3909,2.3522,0.199,0.85,0.1492,0.1,361.21,1.05,9.43,0.48,0.49
G2000101,菇類,洋菇,樣品狀態:生; 前處理描述:混合均勻打碎,"西洋蘑菇(蘑菇,雙孢蘑菇)",0.0,24.9732,22.5391,92.0518,3.039,0.2456,0.074,3.8347,1.2811,0.274,18.6435,,0.1173,334.2735,3.5805,9.2188,0.8628,0.6528
G2000201,菇類,冷凍洋菇,樣品狀態:冷凍包裝; 前處理描述:混合均勻打碎,"西洋蘑菇(蘑菇,雙孢蘑菇)",0.0,38.7583,31.2913,90.08,3.79,1.45,,4.28,3.93,,7.6,,0.0296,140.0,15.0,26.0,0.42,0.26
G2100101,菇類,白茯苓,"樣品狀態:乾貨; 前處理描述:去外皮之白色部份,混合均勻打碎","松(雲/安/閩)苓,玉(茯)靈,茯兔(龜),松柏芋,松薯,不死麵,萬靈桂(精),更生,金翁",0.0,315.7816,162.1415,18.79,0.99,0.19,,79.8968,80.8632,,0.0,,0.0,33.88,1.21,3.44,2.44,0.675
G2300101,菇類,猴頭菇,樣品狀態:生; 前處理描述:混合均勻打碎,"猴頭蘑,刺蝟菌,蝟菌,花菜菇,圓頭菇,陰陽蘑,對臉蘑",0.0,30.3773,26.0719,91.025,2.065,0.2374,0.0775,5.8923,2.266,0.419,2.22,,0.0585,314.42,1.93,7.275,0.438,0.4905
G2310101,菇類,乾猴頭菇,樣品狀態:乾貨; 前處理描述:混合均勻打碎,"猴頭蘑,刺蝟菌,蝟菌,花菜菇,圓頭菇,陰陽蘑,對臉蘑",0.0,311.1703,241.7522,12.729,12.287,3.354,0.9975,64.3347,36.5358,16.936,3.288,,0.681,3671.837,5.5226,97.4073,11.267,5.167
G2410101,菇類,乾竹笙,樣品狀態:乾貨; 前處理描述:混合均勻打碎,"竹蓀,竹參(長裙竹蓀)",0.0,312.116,249.6092,10.3425,17.517,1.9549,0.254,64.0664,32.8983,5.7544,28.305,,0.8088,2400.807,22.839,116.851,13.607,3.513
G9000101,菇類,松茸白菇,樣品狀態:生; 前處理描述:混合均勻打碎,,0.0,37.8902,32.0217,88.478,5.073,0.4825,0.1331,5.2719,3.0887,,0.955,,0.159,348.327,2.871,12.781,0.769,0.742
G9000201,菇類,金喜菇,"樣品狀態:生; 前處理描述:去菌柄基部,混合均勻打碎",,32.1,39.1662,34.3927,88.473,2.74,0.2484,0.0512,7.6688,2.5124,3.2606,4.762,,0.072,228.324,2.155,9.044,1.116,0.762
G9000301,菇類,喜來菇,樣品狀態:生; 前處理描述:混合均勻打碎,,0.0,37.0486,32.8144,88.959,3.539,0.4061,0.0927,6.2506,2.2285,,0.684,,0.255,361.653,0.775,18.102,0.779,1.163
G9000401,菇類,富珍茸,樣品狀態:生; 前處理描述:混合均勻打碎,,0.0,37.4175,32.8026,89.095,2.999,0.3757,0.0673,6.7732,2.4289,0.3482,0.601,,0.242,215.224,1.621,7.434,0.625,0.403
H01051,豆類,白鳳豆平均值,樣品狀態:生; 前處理描述:混合均勻磨碎,"矮性刀豆,洋刀豆,立刀豆",,336.6138,295.9715,12.693,23.768,2.061,0.3453,58.2035,19.634,,0.4786,,0.6026,1272.5116,111.0552,158.0906,4.6713,1.9448
H0105101,豆類,白鳳豆(台灣),樣品狀態:生; 前處理描述:混合均勻磨碎,"矮性刀豆,洋刀豆,立刀豆",,347.9988,300.9206,10.518,27.393,2.813,0.5893,56.3637,22.7431,,0.7908,,0.1906,1044.3351,136.7081,145.6546,3.9773,2.1445
H0105102,豆類,白鳳豆(進口),樣品狀態:生; 前處理描述:混合均勻磨碎,"矮性刀豆,洋刀豆,立刀豆",,325.2288,291.0224,14.868,20.143,1.309,0.1644,60.0433,16.5248,,0.1664,,1.0145,1500.688,85.4022,170.5266,5.3652,1.7451
H0205101,豆類,米豆,樣品狀態:乾貨; 前處理描述:混合均勻磨碎,"飯豆,蛋白豆,赤山豆,繖形豇豆,島田豇豆",,349.1321,316.6111,10.4885,21.7395,2.4487,0.9373,62.2114,15.7106,2.376,18.811,,0.3966,1128.568,62.6675,158.9815,7.088,3.7475
H0305101,豆類,花豆,樣品狀態:乾貨; 前處理描述:混合均勻磨碎,"紅花豆,紅(赤)花菜豆,花仔(阿/柳)豆",,328.4152,288.4977,14.7407,21.2243,1.7285,0.3645,59.0416,19.2838,1.8018,11.0553,,0.4746,1156.229,108.403,159.1533,6.951,2.6427
H0405101,豆類,紅豆,樣品狀態:乾貨; 前處理描述:混合均勻磨碎,"小豆,赤小豆,赤豆,通常小豆,小紅豆,紅小豆",,327.9899,289.7696,13.872,20.922,0.6215,0.1682,61.4714,18.4639,0.4306,1.4963,,0.3367,1202.7877,86.627,161.9077,7.1377,3.0533
H0505101,豆類,紅雲豆(大紅豆),樣品狀態:乾貨(Red kidney bean); 前處理描述:混合均勻磨碎,"紅菜豆,大紅豆",,327.607,285.2481,14.644,20.186,1.4074,0.3406,60.3886,20.4632,1.554,2.044,,0.276,1168.482,138.035,149.472,6.839,3.038
H0605101,豆類,青仁黑豆,樣品狀態:乾貨; 前處理描述:混合均勻磨碎,"烏豆,枝仔豆,黑大豆",,384.7922,340.315,10.64,36.9788,14.2338,2.3464,33.7442,21.4866,5.7166,3.5066,,0.3949,1631.8584,185.578,214.4926,6.153,3.6132
H0605201,豆類,黃仁黑豆,樣品狀態:乾貨; 前處理描述:混合均勻磨碎,"烏豆,枝仔豆,黑大豆",,253.1516,204.8724,33.456,20.579,2.107,0.4957,40.3211,23.3233,2.908,0.75,,0.206,1439.358,166.834,150.053,7.32,2.49
H0610101,豆類,黑豆胚芽,樣品狀態:生; 前處理描述:混合均勻打碎,,0.0,185.0151,160.5166,57.99,16.079,7.698,1.3599,15.9186,11.835,2.628,1.97,1.3666,0.178,930.36,88.18,100.53,4.68,1.91
H0610201,豆類,烘烤黑豆,前處理描述:混合均勻打碎,"烏豆,枝仔豆,黑大豆",,435.294,379.2177,3.4,39.02,20.07,,32.41,27.09,,320.4,,1.539,1430.0,203.9,205.5,7.99,3.62
H0620101,豆類,黑豆粉,前處理描述:混合均勻,"烏豆,枝仔豆,黑大豆",,430.962,395.8755,3.0,36.0,17.6,,39.0,16.95,,65.4,,0.1034,1500.0,190.5,197.1,8.08,3.3
H0705101,豆類,毛綠豆,樣品狀態:乾貨; 前處理描述:混合均勻磨碎,"菉豆,綠小豆,輻莢豆",,345.6951,311.8883,9.9315,22.138,1.2203,0.4602,63.5534,16.3318,1.03,2.5715,,0.2985,1213.94,100.305,159.4525,4.221,2.8425
H0705102,豆類,綠豆,樣品狀態:乾貨; 前處理描述:混合均勻磨碎,"菉豆,綠小豆,輻莢豆",,344.4722,311.8591,10.0747,22.7713,1.0997,0.3814,62.961,15.7551,1.3243,0.5747,,0.3235,948.4583,108.0437,171.882,5.088,2.7563
H0710101,豆類,綠豆仁,樣品狀態:乾貨; 去皮綠豆仁; 前處理描述:混合均勻打碎,"菉豆,綠小豆,輻莢豆",,338.5752,315.3239,11.3955,24.615,1.2625,0.5737,59.6054,11.2325,1.311,1.294,,0.4011,1046.9265,28.12,144.2605,4.3625,2.9895
H0720101,豆類,綠豆粉,前處理描述:混合均勻,"菉豆,綠小豆,輻莢豆",,344.2899,318.5598,10.81,21.74,1.54,0.5419,62.89,12.43,,8.08,,0.5742,1102.06,73.56,147.2,5.24,3.163
H0800101,豆類,豇豆(莢),"樣品狀態:生; 前處理描述:去蒂頭及尾端,混合均勻打碎","長豇豆,長莢豇豆,豆角,菜(筷/江/長/角)豆",4.6,34.5072,29.6466,90.822,2.3514,0.1393,0.0588,6.1872,2.3481,2.0179,1.7586,,0.0831,170.5988,34.7126,27.1904,0.6914,0.5972
H0900101,豆類,萊豆仁(帶膜),樣品狀態:生; 前處理描述:混合均勻打碎,"皇帝豆,皇格豆,白扁豆,觀音豆,雪豆,大馬萊豆,細綿豆",,112.3647,101.8574,70.088,7.8297,0.4032,0.1795,20.1034,5.076,0.643,3.0497,,0.1395,641.5533,16.6901,58.5478,5.8776,1.3286
H0900201,豆類,萊豆仁(去膜),樣品狀態:生; 前處理描述:混合均勻打碎,"皇帝豆,皇格豆,白扁豆,觀音豆,雪豆,大馬萊豆,細綿豆",13.9,137.4046,131.4403,64.834,7.403,1.3536,0.6097,24.665,2.8813,1.519,1.7,0.3613,0.09,851.21,9.48,52.61,2.23,1.03
H1000101,豆類,粉豆莢,"樣品狀態:生,扁圓莢; 前處理描述:去蒂頭,混合均勻打碎","菜豆莢,四季豆,雲藕豆,隱之(元)豆,白(花)雲豆,敏(雲/芸/粉/醜)豆",5.6,27.0053,23.0323,92.759,1.6605,0.1025,0.0,5.0087,1.9193,,7.2373,,0.0484,191.7555,23.8258,20.0039,3.2029,0.3705
H1000201,豆類,敏豆莢,"樣品狀態:生,圓莢; 前處理描述:去蒂頭,混合均勻打碎","菜豆莢,四季豆,雲藕豆,隱之(元)豆,白(花)雲豆,敏(雲/芸/粉/醜)豆",5.6,29.7036,25.5017,92.2197,1.746,0.2421,0.1349,5.3117,2.0299,1.79,3.744,,0.0521,192.79,39.5107,21.5667,0.5697,0.393
H1000301,豆類,冷凍菜豆(莢),樣品狀態:冷凍包裝; 前處理描述:混合均勻打碎,"四季豆,雲藕豆,隱之(元)豆,白(花)雲豆,敏(雲/芸/粉/醜)豆",,56.8299,51.7576,84.813,3.404,0.114,0.0,10.8265,2.4504,,2.4424,,0.0999,281.7355,85.9907,29.6488,2.102,0.3162
H1100101,豆類,毛豆仁,樣品狀態:生; 前處理描述:混合均勻打碎,"大豆,青大豆,青皮豆",,129.3,116.0127,67.8885,14.6025,3.3222,0.861,12.4871,6.419,0.4387,1.076,,0.135,654.421,44.2508,65.1951,3.681,2.1125
H1100201,豆類,毛豆莢(高雄13號),"樣品狀態:生; 前處理描述:去外莢,混合均勻打碎","大豆,青大豆,青皮豆",53.1,136.8106,125.8872,68.68,11.6,5.14,0.8345,13.154,5.277,1.802,1.28,0.769,0.17,570.8,74.04,71.96,4.03,1.28
H1100301,豆類,冷凍毛豆仁,樣品狀態:冷凍包裝; 前處理描述:混合均勻打碎,"大豆,青大豆,青皮豆",,134.6591,121.2838,69.758,12.468,6.1316,1.2234,9.8461,6.4615,2.4942,358.8593,,0.1015,304.4547,86.4158,69.9038,2.862,1.3553
H1105101,豆類,黃豆,樣品狀態:乾貨; 前處理描述:混合均勻磨碎,"大豆,菽",0.0,388.8861,358.8194,11.305,35.615,15.6693,2.4335,32.9607,14.525,4.581,12.07,,0.7178,1666.745,194.0,215.375,6.525,2.68
H1110101,豆類,黃豆胚芽,樣品狀態:生; 前處理描述:混合均勻打碎,大豆胚芽,0.0,169.2144,139.2075,59.42,16.63,5.355,0.9174,16.385,14.4961,1.901,1.73,1.2989,0.29,771.25,119.22,104.81,3.16,1.49
H1120101,豆類,黃豆粉,前處理描述:混合均勻,大豆,,400.9291,373.8949,9.35,37.36,16.74,2.4922,32.23,13.06,,1.89,,0.5211,1646.9,143.85,206.26,3.69,4.55
H1120102,豆類,黃豆粉(有機),前處理描述:混合均勻,大豆粉(有機),0.0,434.3999,405.0322,5.36,41.96,21.9234,3.5021,25.8722,14.1873,5.701,1.77,1.8846,0.0905,1919.8,216.69,255.94,9.1,4.42
H1150201,豆類,豆漿(無糖),"樣品狀態:包裝產品(黃豆,水等); 前處理描述:混合均勻",,,34.987,32.4456,93.32,3.637,1.945,0.4146,0.7335,1.2707,0.354,2.223,,0.039,141.425,14.194,22.922,0.378,0.324
H1200101,豆類,豌豆仁,樣品狀態:生; 前處理描述:混合均勻打碎,"荷蓮豆仁,荷仁豆仁,荷蘭豆仁,花蓮豆仁,飛龍豆仁,青豆仁,胡豆仁,畢豆仁,宛豆仁,孫豆仁,丸豆仁,留",,123.3651,107.8815,67.815,9.2025,0.35,,21.7452,7.48,,3.225,,0.142,371.82,39.065,50.49,2.1,1.3625
H1200201,豆類,豌豆莢,"樣品狀態:生; 前處理描述:去蒂頭,混合均勻打碎","荷蓮豆,荷仁豆,荷蘭豆,花蓮豆,飛龍豆,青豆莢,胡豆莢,畢豆莢,宛豆莢,孫豆莢,丸豆莢,留豆莢,戎菽",8.0,40.6139,34.087,89.2015,2.945,0.1699,0.0639,7.1186,3.1531,3.1718,3.711,,0.0753,154.1578,49.2105,26.484,1.01,0.6765
H1200301,豆類,高山大豌豆莢,"樣品狀態:生; 前處理描述:去蒂頭,混合均勻打碎","荷蓮豆,荷仁豆,荷蘭豆,花蓮豆,飛龍豆,青豆莢,胡豆莢,畢豆莢,宛豆莢,孫豆莢,丸豆莢,留豆莢,戎菽",,48.5462,43.7995,87.164,2.37,0.0,,9.9072,2.2931,,0.3756,,0.103,241.7933,36.4378,27.3965,1.2114,0.6971
H1200401,豆類,甜豌豆莢,"樣品狀態:生; 前處理描述:去蒂頭,混合均勻打碎","甜脆豌豆,甜荷蘭豆,甜荷仁豆",6.8,42.3477,36.6853,88.7846,3.0444,0.1762,0.0754,7.4469,2.7355,3.8056,1.9558,,0.0816,172.8554,45.6111,22.3369,2.0858,0.6642
H1200501,豆類,冷凍豌豆仁,樣品狀態:冷凍包裝; 前處理描述:混合均勻打碎,"荷蓮豆仁,荷仁豆仁,荷蘭豆仁,花蓮豆仁,飛龍豆仁,青豆仁,胡豆仁,畢豆仁,宛豆仁,孫豆仁,丸豆仁,留",,95.9772,79.4948,75.4148,6.0905,0.6085,0.152,17.1376,7.9625,3.8254,21.44,,0.1245,225.0383,34.5541,29.4363,1.7415,0.8643
H1300101,豆類,鵲豆莢,"樣品狀態:生,綠莢; 前處理描述:去蒂,混合均勻打碎","肉(扁/藊)豆,峨(蛾/花)眉豆,沿(延)籬豆,隱元豆,膨皮豆",,31.2651,24.2789,91.6464,2.4115,0.261,,5.0891,3.375,,1.7747,,0.1855,210.1064,44.1354,26.8935,0.84,0.3422
H1505101,豆類,紅扁豆仁,樣品狀態:乾貨; 前處理描述:混合均勻磨碎,,,342.7899,307.8857,12.369,25.26,2.1197,0.5136,58.3282,16.8619,1.69,1.087,,0.467,827.96,21.942,60.001,4.182,1.676
H1600101,豆類,鷹嘴豆,樣品狀態:乾貨; 前處理描述:混合均勻磨碎,"雪蓮子,埃及豆,馬豆,桃爾豆,雞心豆,雞豆,雞屁股豆",,363.965,338.3823,10.999,19.359,5.79,1.0536,61.014,12.3588,,7.9961,,0.5494,1095.6297,95.1478,117.2859,4.972,2.0393
H1700101,豆類,樹豆(白),樣品狀態:乾貨; 前處理描述:混合均勻磨碎,"木豆,白樹豆,柳豆,米豆,放屁豆,番仔豆,蒲姜豆",0.0,325.3997,270.5527,14.38,22.1,0.8133,0.2754,59.4362,26.4961,2.305,7.79,0.5919,0.12,1429.55,107.63,123.24,3.71,2.77
H1800101,豆類,翼豆,"樣品狀態:生; 前處理描述:去蒂,混合均勻打碎",四角豆、翅豆、羊角豆、 楊桃豆、四稜豆,4.7,30.6793,23.7364,91.75,2.469,0.3646,0.3105,4.6831,3.3541,1.247,2.14,0.3529,0.0,175.84,86.08,24.35,0.8,0.35
H2000101,豆類,天貝(黃豆),"樣品狀態:生,冷凍袋裝; 前處理描述:混合均勻打碎",,0.0,187.1593,175.2404,58.64,23.561,9.0078,1.6713,7.3728,5.7579,0.061,2.64,1.2215,0.37,424.791,84.0331,74.816,2.12,1.457
I01001,肉類,牛小排平均值,"樣品狀態:生,牛肋脊部位,冷凍產品; 前處理描述:去骨,混合均勻打碎","肥牛肉,小肋排,牛仔骨",30.4,324.9894,324.9894,57.671,15.1305,28.8672,13.0515,0.0,,0.0,60.497,,0.2472,253.7815,9.2993,16.3955,2.098,5.6825
I0100101,肉類,去骨牛小排,"樣品狀態:生,牛肋脊部位,冷凍產品; 前處理描述:混合均勻打碎","肥牛肉,小肋排",,289.8278,289.8278,63.182,17.1365,24.0194,10.7611,0.0,,0.0,59.469,,0.269,319.733,8.3685,18.201,2.516,6.6165
I0100102,肉類,帶骨牛小排,"樣品狀態:生,牛肋脊部位,冷凍產品; 前處理描述:去骨,混合均勻打碎",牛仔骨,30.4,360.1509,360.1509,52.16,13.1245,33.715,15.3816,0.3875,,,61.525,,0.2254,187.83,10.23,14.59,1.68,4.7485
I0100103,肉類,無骨牛小排(美牛),"樣品狀態:生,牛肋脊部位,冷藏; 前處理描述:混合均勻打碎",,0.0,335.1406,335.1406,53.72,15.568,29.7855,14.1912,0.1723,0.0,0.0,52.76,0.0067,0.1207,217.56,26.46,13.41,2.12,6.3
I0100201,肉類,牛肋條,"樣品狀態:生,牛肋脊部位,冷凍產品; 前處理描述:混合均勻打碎","腩條,條肉",,225.2573,225.2573,63.29,18.638,16.15,6.8999,1.1166,,,81.3,,0.17,346.79,9.5,14.64,2.69,6.68
I0100202,肉類,牛肋條(2021年取樣),"樣品狀態:生,牛肋脊部位,冷凍產品; 前處理描述:混合均勻打碎",,0.0,358.0875,358.0875,50.94,15.733,32.2514,16.0182,0.3317,0.0,0.0,39.38,0.0075,0.181,242.0,5.813,14.75,1.6,4.52
I0100301,肉類,沙朗牛排,"樣品狀態:生,牛肋脊部位,冷凍產品; 前處理描述:混合均勻打碎","里肌,大里肌,肋眼,修清肋眼肉;修清肉眼",,162.0033,162.0033,68.7943,20.432,8.2881,4.2534,1.5127,,0.0,45.7847,,0.3643,369.9873,7.1483,20.311,2.4797,4.372
I0102101,肉類,板腱,"樣品狀態:生,牛肩胛部位,冷凍產品; 前處理描述:混合均勻打碎",板腱牛排;白蘭地牛排;上肩胛脊底肌,,166.2639,166.2639,70.0175,19.8345,9.0433,3.2407,0.1704,,0.7,70.0115,,0.2475,302.393,4.7255,20.763,2.43,7.429
I0102201,肉類,牛去骨肩胛小排,"樣品狀態:生,牛肩胛部位,冷凍產品; 前處理描述:混合均勻打碎",肥牛肉,,233.4662,233.4662,63.12,16.906,17.88,7.6418,1.2152,,,53.13,,0.33,342.15,5.76,17.86,2.6,6.36
I0104101,肉類,牛前胸肉,"樣品狀態:生,牛前胸部位,冷凍產品; 前處理描述:混合均勻打碎","去骨前胸肉,牛腩",,330.5963,330.5963,55.66,14.79,29.65,15.2121,0.0,,,57.81,,0.201,212.99,5.33,15.78,2.3,4.812
I0104201,肉類,牛修清前胸肉,"樣品狀態:生,牛前胸部位,冷凍產品; 前處理描述:混合均勻打碎","修清牛腩,修清前胸腋肌",,120.4818,120.4818,72.9,22.28,2.81,1.2794,0.9302,,,44.68,,0.65,462.84,5.19,21.7,2.2,4.43
I0106101,肉類,去骨紐約克牛排,"樣品狀態:生,牛前腰脊部位,冷凍產品; 前處理描述:混合均勻打碎","外條,西冷,去骨前腰脊肉",0.0,199.5807,199.5807,69.38,21.33,12.029,5.9449,0.0,,0.119,49.29,,0.395,411.115,6.155,19.77,2.305,4.485
I0106201,肉類,腓力牛排,"樣品狀態:生,牛前腰脊部位,冷凍產品; 前處理描述:混合均勻打碎","菲力牛排,牛柳,小里肌,腰內肉,去脂腰里肌肉,全修清去膜腰裡脊肉",,184.2284,184.2284,67.505,20.6265,10.66,5.2764,0.1333,,,46.86,,0.815,366.415,5.445,21.955,3.35,3.835
I0108101,肉類,牛後腿肉,"樣品狀態:生,牛後腿部位,冷凍產品; 前處理描述:混合均勻打碎",,,121.9141,121.9141,71.4775,19.439,4.3137,2.2056,3.7037,,0.0,58.3605,,0.4586,357.444,7.0775,24.033,2.7885,5.9685
I0108201,肉類,牛後腿股肉,"樣品狀態:生,牛後腿部位,冷凍產品; 前處理描述:混合均勻打碎","和尚頭,牛霖",0.0,152.7283,152.7283,70.42,20.6,7.1803,3.5043,0.7897,,0.084,48.37,,0.4214,338.98,1.97,22.23,2.82,5.374
I0108301,肉類,牛後腿腱子心,"樣品狀態:生,牛後腿部位,冷凍產品; 前處理描述:混合均勻打碎","牛腱,腱子",,139.1623,139.1623,73.8433,19.8387,6.0367,2.5608,0.0,,,79.1733,,0.2548,298.3933,7.5667,18.71,3.0133,7.1933
I0108302,肉類,牛後腿腱子心(2022年取樣),"樣品狀態:生,牛後腿部位,冷凍產品; 前處理描述:混合均勻打碎","牛腱,腱子",0.0,151.081,151.081,65.8,23.713,5.524,2.308,3.9516,0.0,0.0,63.32,0.0081,0.24,312.58,5.8,20.68,2.59,7.35
I01101,肉類,牛肉火鍋片平均值,"樣品狀態:生,冷凍產品; 前處理描述:混合均勻打碎",,,250.3303,250.3303,61.2763,19.0555,18.7321,8.88,0.0172,,0.0,47.5924,,0.3578,273.2104,5.3809,16.8225,1.8085,3.7231
I0110101,肉類,牛五花肉火鍋片,"樣品狀態:生,冷凍產品; 前處理描述:混合均勻打碎",,,430.3055,430.3055,43.99,15.747,40.2512,20.892,0.0,,0.0,44.536,,0.218,174.284,4.167,10.908,1.048,2.283
I0110102,肉類,牛紐約客火鍋片,"樣品狀態:生,冷凍產品; 前處理描述:混合均勻打碎",,,262.6682,262.6682,61.169,20.128,19.5922,9.3278,0.0,,0.0,33.713,,0.572,293.122,6.05,18.083,1.253,2.494
I0110103,肉類,牛梅花肉火鍋片,"樣品狀態:生,冷凍產品; 前處理描述:混合均勻打碎",,,119.9585,119.9585,74.028,20.3,3.6893,1.7105,0.9048,,0.0,56.5055,,0.379,339.6275,6.9225,21.359,2.514,4.3265
I0110104,肉類,牛嫩肩里肌火鍋片,"樣品狀態:生,冷凍產品; 前處理描述:混合均勻打碎",,,188.389,188.389,65.918,20.047,11.3956,4.9848,1.7868,,0.0,55.615,,0.262,285.808,4.384,16.94,2.419,5.789
I01201,肉類,牛肚平均值,"樣品狀態:生,牛臟器; 前處理描述:混合均勻打碎","百葉胃,毛肚,牛百葉,牛百頁,牛草肚(牛之第一胃);蜂巢肚,金錢肚(牛之第二胃)",,55.7672,55.7672,87.425,11.402,0.785,0.417,0.1171,,,82.195,,0.005,2.37,44.2,14.71,0.62,2.055
I0120101,肉類,牛肚(瘤胃),"樣品狀態:生,牛臟器; 前處理描述:混合均勻打碎","百葉胃,毛肚,牛百葉,牛百頁,牛草肚(牛之第一胃,山鏈狀)",,44.3055,44.3055,90.9,7.482,1.37,0.721,0.0,,,113.1,,0.0,2.62,32.91,7.67,0.73,1.26
I0120102,肉類,牛肚切片(瘤胃),"樣品狀態:生,牛臟器; 前處理描述:混合均勻打碎","百葉胃,毛肚,牛百葉,牛百頁,牛草肚(牛之第一胃)",,67.2289,67.2289,83.95,15.322,0.2,0.1072,0.2776,,,51.29,,0.01,2.12,55.49,21.75,0.51,2.85
I0120201,肉類,牛肚(蜂巢胃),"樣品狀態:生,牛臟器; 前處理描述:混合均勻打碎","蜂巢肚,金錢肚(牛之第二胃)",,106.655,106.655,78.474,18.9595,2.849,1.4556,0.0,,0.0,103.404,,0.0095,70.4875,18.8245,10.1035,0.82,1.406
I0120301,肉類,牛筋,"樣品狀態:生,牛臟器,真空冷凍包裝; 前處理描述:混合均勻打碎",蹄筋,,157.3122,157.3122,67.284,21.694,7.1706,1.822,3.268,,0.0,50.349,,0.004,351.877,9.998,3.585,0.926,2.615
I0200101,肉類,山羊帶皮羊肉塊,樣品狀態:生; 前處理描述:混合均勻打碎,,34.8,164.3677,164.3677,66.827,20.258,8.6326,4.3157,3.3944,,0.0,80.764,,0.179,230.898,11.525,15.868,1.54,3.99
I0200201,肉類,山羊前腿肉片,"樣品狀態:生,前腿部位; 前處理描述:混合均勻打碎",,,122.521,122.521,75.3,21.3,3.5,1.6954,0.0,,,60.0,,0.087,324.0,9.0,19.0,2.4,7.7
I0200301,肉類,山羊後腿肉火鍋片,"樣品狀態:生,後腿部位; 前處理描述:混合均勻打碎",,,170.3569,170.3569,70.1845,18.883,9.9475,5.1812,0.074,,0.0,98.9395,,0.2145,280.3605,7.5345,20.6195,2.951,3.7675
I0210101,肉類,綿羊肉切片,"樣品狀態:生,冷凍切片; 前處理描述:混合均勻打碎",,,197.536,197.536,67.8,18.8,13.0,6.5988,0.0,,,73.0,,0.088,327.0,0.8,14.0,0.6,1.2
I0210201,肉類,法式羊排,"樣品狀態:生,綿羊,冷凍切片; 前處理描述:混合均勻打碎","羊肋排,羊小排",25.1,260.1895,260.1895,60.635,18.76,19.965,10.9861,0.0,,,68.235,,0.19,259.94,12.25,17.21,1.51,3.888
I0210301,肉類,去骨肩頸眼羊肉,"樣品狀態:生,綿羊,冷凍切片; 前處理描述:混合均勻打碎",,,198.0608,198.0608,70.591,17.835,13.515,6.3495,0.0,,0.03,57.357,,0.263,349.108,4.001,17.457,1.958,5.002
I0210401,肉類,小羊腰脊肉,"樣品狀態:生,綿羊,冷凍切片; 前處理描述:混合均勻打碎",去骨腰脊肉,,142.9707,142.9707,75.206,26.477,3.3164,1.6422,0.0,,0.0,54.467,,0.514,322.358,8.086,27.762,2.236,2.908
I0210501,肉類,綿羊腹脅肉火鍋片,"樣品狀態:生,綿羊,腹脅部位,冷凍火鍋肉片; 前處理描述:混合均勻打碎",五花肉火鍋片,,252.4413,252.4413,59.684,16.941,19.9671,9.9326,2.5322,,0.0,76.374,,0.204,243.937,15.081,18.084,0.872,3.001
I0300101,肉類,豬下肩肉,"樣品狀態:生,豬肩胛部位; 前處理描述:去皮及骨,混合均勻打碎",前腿肉,17.0,200.0084,200.0084,67.769,18.101,13.605,5.0464,0.0,,,54.29,,0.3642,337.99,3.41,19.7,1.215,2.7205
I0300201,肉類,豬下肩瘦肉,"樣品狀態:生,豬肩胛部位; 前處理描述:去肥肉,去皮及骨,混合均勻打碎",前腿瘦肉,28.0,131.1941,131.1941,74.878,20.0675,5.045,1.9272,0.0,,,52.575,,0.2444,352.4,3.535,22.63,1.39,3.255
I0300301,肉類,豬上肩肉,"樣品狀態:生,豬肩胛部位; 前處理描述:去皮及骨,混合均勻打碎",梅花肉,,206.9863,206.9863,66.7045,18.8845,14.0077,5.4642,0.0,,0.0,51.732,,0.482,354.8835,3.1465,16.045,1.0735,2.5185
I0300401,肉類,豬肩胛肉,"樣品狀態:生,豬肩胛部位; 前處理描述:去皮及骨,混合均勻打碎",胛心肉,9.0,294.6727,294.6727,60.0633,16.5457,24.8362,9.7675,0.0,,0.0,52.7137,,0.2273,287.997,2.764,17.564,0.8923,2.373
I0300501,肉類,豬肩胛排,"樣品狀態:生,豬肩胛部位; 前處理描述:去骨,混合均勻打碎",中排,62.2,191.4284,191.4284,69.34,17.94,12.73,4.8891,0.0,,,97.02,,0.11,294.36,40.97,18.96,1.31,4.17
I0300502,肉類,豬肩胛排(2021年取樣),"樣品狀態:生,豬肩胛部位; 前處理描述:去骨,混合均勻打碎",,55.3,244.3685,244.3685,62.964,17.76,18.6844,7.0579,0.0,0.0,0.0,63.75,0.0096,0.2125,313.4,7.07,20.495,1.5,4.05
I0300601,肉類,豬前腿外腱肉,"樣品狀態:生,豬前腿部位; 前處理描述:混合均勻打碎","豬腱,腱子肉",,146.482,146.482,73.5805,20.6695,6.4549,2.3216,0.0,,0.0,71.0995,,0.3605,315.828,4.295,21.092,1.375,4.4885
I0302101,肉類,豬後腿外腱肉,"樣品狀態:生,豬後腿部位; 前處理描述:混合均勻打碎","豬腱,外腱",0.0,184.0185,184.0185,67.84,19.011,11.4015,4.3504,0.7915,,0.0,66.37,,0.41,342.46,4.93,20.27,1.03,2.38
I0302201,肉類,豬後腿肉,"樣品狀態:生,豬後腿部位; 前處理描述:去皮及骨,混合均勻打碎",,8.0,122.7674,122.7674,74.2,20.386,3.96,1.4575,0.4183,,,48.51,,0.4169,367.495,3.565,23.91,1.03,2.605
I0302301,肉類,豬後腿瘦肉,"樣品狀態:生,豬後腿部位; 前處理描述:去肥肉,去皮及骨,混合均勻打碎",,10.0,120.4244,120.4244,74.155,21.0705,3.3762,1.1543,0.2628,,0.146,41.125,,0.3756,406.43,3.14,28.235,1.105,2.155
I0304101,肉類,豬大里肌,"樣品狀態:生,豬背脊部位; 前處理描述:混合均勻打碎","背脊肉,里肌肉",,211.7235,211.7235,65.2737,19.2457,14.3619,5.4246,0.0277,,0.0,40.097,,0.569,340.0867,3.9303,21.3577,0.6167,1.7497
I0304201,肉類,豬大排,"樣品狀態:生,豬背脊部位; 前處理描述:去骨,混合均勻打碎","背脊,帶骨里肌",40.0,214.151,214.151,65.8,19.1,14.7,5.9432,0.0,,,55.0,,0.096,318.0,28.0,19.0,1.2,2.5
I0304301,肉類,豬小排,"樣品狀態:生,豬背脊部位; 前處理描述:去骨,混合均勻打碎","里肌小排,肋小排,肋骨排",40.9,287.4227,287.4227,57.7417,18.0063,23.341,9.5956,0.0,,0.0,74.3743,,0.3647,254.0777,32.5443,17.791,0.9647,2.411
I0304401,肉類,僧帽肌,"樣品狀態:生,豬背脊部位; 前處理描述:混合均勻打碎",離緣肉,,208.6355,208.6355,67.298,20.388,13.4788,5.5673,0.0,,0.0,48.212,,0.061,344.075,3.661,23.976,1.099,2.697
I0306101,肉類,豬小里肌,"樣品狀態:生,豬小里肌部位; 前處理描述:混合均勻打碎",腰內肉,,139.2907,139.2907,72.786,21.1225,5.4432,2.2029,0.0,,0.0,45.7805,,0.4685,386.317,3.9535,22.8,1.358,2.2305
I0308101,肉類,豬去皮腹脇肉,"樣品狀態:生,豬腹脇部位; 前處理描述:去皮,混合均勻打碎","去皮五花肉,去皮三層肉",13.0,359.9549,359.9549,50.975,14.9033,32.8512,12.8,0.4556,,0.0,43.668,,0.2763,262.4607,5.2347,15.4643,0.6043,1.6297
I0308201,肉類,豬帶皮腹脇肉,"樣品狀態:生,豬腹脇部位; 前處理描述:帶皮,混合均勻打碎","帶皮五花肉,帶皮三層肉",,368.157,368.157,51.907,14.54,33.9325,13.5165,0.0,,0.0,62.2725,,0.2435,239.7285,5.372,14.4765,0.481,1.6455
I0308301,肉類,豬腹脇排,"樣品狀態:生,豬腹脇部位; 前處理描述:去軟骨,混合均勻打碎","腩排,肉排,小排",7.0,266.8645,266.8645,63.597,18.744,20.7126,9.0429,0.0,,0.0,66.572,,0.053,323.922,7.422,21.628,1.502,3.172
I0310101,肉類,豬肝連,"樣品狀態:生,與豬肝相連之豬肉; 前處理描述:混合均勻打碎","肝連,隔胸肉,條仔肉(橫隔肌)",0.0,219.8831,219.8831,68.565,14.583,17.4738,6.9652,0.0,,0.064,42.65,,0.3002,270.435,5.45,15.83,2.8,2.77
I0310201,肉類,豬頰肉,"樣品狀態:生,與豬舌相連之豬肉; 前處理描述:混合均勻打碎","豬舌肉,菊花肉",,182.1935,182.1935,68.3175,17.52,11.905,4.3184,1.3775,,,64.9,,0.5627,278.775,4.765,18.365,1.76,2.79
I0310202,肉類,豬頰肉(2022年取樣),"樣品狀態:生,與豬舌相連之豬肉; 前處理描述:混合均勻打碎","豬舌肉,菊花肉",0.0,156.98,156.98,69.53,18.944,8.4356,2.4369,2.1227,0.0,0.073,66.62,0.0079,0.16,331.49,19.47,22.95,2.08,3.46
I0310301,肉類,豬頸肉,樣品狀態:生; 前處理描述:混合均勻打碎,松阪豬肉,,283.7689,283.7689,57.923,17.237,23.3001,8.4472,0.8429,,0.235,43.289,,0.417,215.388,3.388,14.019,0.489,2.307
I03104,肉類,豬絞肉平均值,樣品狀態:生; 前處理描述:混合均勻打碎,,,211.6482,211.6482,67.2825,18.738,14.5939,5.3689,0.0,,0.0,58.24,,0.3335,315.546,8.6755,20.872,0.8065,2.643
I0310401,肉類,豬絞肉(70％瘦肉率),樣品狀態:生; 前處理描述:混合均勻打碎,,,217.8718,217.8718,65.382,18.972,15.1731,5.6109,0.0,,0.0,55.808,,0.396,276.489,12.116,21.979,0.83,2.464
I0310402,肉類,豬絞肉(90％瘦肉率),樣品狀態:生; 前處理描述:混合均勻打碎,,,205.4247,205.4247,69.183,18.504,14.0147,5.1292,0.0,,0.0,60.672,,0.271,354.603,5.235,19.765,0.783,2.822
I0320101,肉類,豬心,"樣品狀態:生,豬臟器; 前處理描述:混合均勻打碎",,11.0,128.0034,128.0034,76.755,13.5745,7.765,3.0236,1.0301,,,73.63,,0.3185,198.715,2.505,15.335,4.06,1.23
I0320201,肉類,豬白管,"樣品狀態:生,豬臟器; 前處理描述:混合均勻打碎","豬管庭(廷),皇管(豬之胸大動脈)",,92.5513,92.5513,84.238,14.136,3.5688,1.5988,0.0,,0.0,67.864,,0.0,1.52,20.503,5.668,0.075,0.561
I0320301,肉類,豬皮,"樣品狀態:生,豬臟器; 前處理描述:混合均勻打碎",,,490.9051,490.9051,35.51,22.119,43.9531,14.5045,0.0,,0.012,108.935,,0.03,37.9,7.73,3.08,0.317,0.259
I0320401,肉類,豬耳,"樣品狀態:生,豬臟器; 前處理描述:混合均勻打碎",,0.0,218.9035,218.9035,61.49,24.163,12.8301,4.3491,0.8706,,0.0,175.36,,1.13,41.83,15.804,5.16,1.32,0.95
I0320501,肉類,豬舌,"樣品狀態:生,豬臟器; 前處理描述:混合均勻打碎",,11.4,185.0689,185.0689,69.14,18.468,11.775,4.2852,0.0,,,119.205,,0.299,211.435,5.235,17.925,3.01,2.49
I0320601,肉類,豬血,樣品狀態:生; 前處理描述:混合均勻打碎,,,29.387,29.387,92.3693,6.3017,0.2748,0.1084,0.5152,,0.0,178.6507,,0.0277,29.861,7.3817,2.7817,27.984,0.2127
I0320701,肉類,豬尾,"樣品狀態:生,豬臟器; 前處理描述:去骨,混合均勻打碎",,59.2,294.8934,294.8934,51.14,16.188,25.03,8.7458,7.1377,,,92.4,,0.16,60.74,8.734,7.76,1.03,1.79
I0320801,肉類,豬肝,"樣品狀態:生,豬臟器; 前處理描述:混合均勻打碎",,1.0,136.5323,136.5323,70.725,20.813,5.2839,2.3574,1.6635,,0.0,83.89,,0.784,297.175,4.125,18.42,10.205,5.195
I0321101,肉類,豬肚,"樣品狀態:生,豬臟器; 前處理描述:混合均勻打碎",豬胃,,151.9585,151.9585,76.255,12.446,10.955,4.6144,0.0,,,61.795,,0.043,105.22,5.01,11.075,1.025,1.625
I0321201,肉類,熟豬肚,"樣品狀態:熟,豬臟器(豬肚),水煮; 前處理描述:混合均勻打碎",豬胃,,136.5491,136.5491,73.31,16.03,7.55,3.7205,2.7008,,,29.68,,0.02,27.58,17.23,12.18,1.8,1.83
I0321301,肉類,豬油渣,"前處理描述:豬皮下脂肪以瓦斯爐煉製豬油渣後,混合均勻打碎",,0.0,836.8553,836.8553,0.929,17.388,84.5464,30.914,0.0,,0.0,152.84,0.0142,0.0,117.31,7.6771,5.73,1.91,0.79
I03214,肉類,豬骨湯平均值,"前處理描述:以不同部位豬骨慢火熬煮,取其平均值",高湯,,7.9266,7.9266,98.54,0.948,0.43,0.1707,0.0274,,,14.98,,0.02,24.8,0.4667,0.37,0.07,0.0533
I0321401,肉類,豬大骨湯,"前處理描述:1082g大骨以2L沸水燙洗2分鐘,再以3.5L沸水熬煮4小時,最後定量至2 L.",高湯,,7.0102,7.0102,98.24,1.008,0.3,0.1217,0.4034,,,23.31,,0.01,16.6,0.29,0.21,0.0,0.0
I0321402,肉類,豬肋骨湯,"前處理描述:603g枝骨以1L沸水燙洗2分鐘,再以3L沸水熬煮4小時,最後定量至2.3L.","高湯,小骨湯,籤仔骨湯,冰仔骨湯,支骨湯",,8.7319,8.7319,99.21,0.693,0.64,0.2538,0.0,,,5.75,,0.01,20.82,0.32,0.3,0.21,0.04
I0321403,肉類,豬肩骨湯,"前處理描述:736g肩骨以2L沸水燙洗2分鐘,再以3L沸水熬煮4小時,最後定量至2L.",高湯,,8.0376,8.0376,98.17,1.143,0.35,0.1361,0.2352,,,15.88,,0.04,36.98,0.79,0.6,0.0,0.12
I0321501,肉類,豬軟骨,"樣品狀態:生,軟骨帶部份肉; 前處理描述:混合均勻打碎",,0.0,331.9995,331.9995,58.13,15.648,29.3994,11.0866,0.0,,0.0,89.88,0.0075,0.1518,205.92,11.99,15.17,1.01,2.81
I0321601,肉類,豬腎,"樣品狀態:生,豬臟器; 前處理描述:混合均勻打碎",腰子,21.0,81.5053,81.5053,80.375,15.0215,1.925,0.5959,1.6766,,,101.69,,0.2945,213.005,6.615,13.065,7.245,1.94
I0321701,肉類,豬脾臟,"樣品狀態:生,豬臟器; 前處理描述:混合均勻打碎",腰尺,14.0,78.8247,78.8247,80.14,15.038,1.62,0.2931,2.0056,,,51.07,,0.08,322.91,5.16,6.87,6.739,2.121
I0321801,肉類,豬大腸,"樣品狀態:生,豬臟器; 前處理描述:混合均勻打碎",,,198.2199,198.2199,72.16,6.592,18.855,9.9256,1.9137,,,44.72,,0.0495,17.485,15.495,8.615,1.705,0.975
I0321901,肉類,豬小腸,"樣品狀態:生,豬臟器; 前處理描述:混合均勻打碎",,,155.9844,155.9844,75.03,12.4805,11.385,7.1547,0.6162,,,29.725,,0.02,42.035,7.935,9.15,2.61,1.52
I0322001,肉類,豬空腸,"樣品狀態:生,豬臟器; 前處理描述:混合均勻打碎",粉腸,,185.6239,185.6239,64.2035,10.905,15.4168,8.3466,8.6286,,0.099,83.9395,,0.073,179.673,7.338,11.1025,1.436,1.4635
I0322101,肉類,豬前腳,"樣品狀態:生,豬腳; 前處理描述:去骨,混合均勻打碎","豬腳,豬蹄,短腳",47.7,252.0291,252.0291,61.15,21.887,17.58,5.5315,0.0,,,114.185,,0.0315,123.625,32.7,9.29,0.99,2.455
I0322201,肉類,豬後腳,"樣品狀態:生,豬腳; 前處理描述:去骨,混合均勻打碎","豬腳,豬蹄,長腳",45.1,252.9301,252.9301,61.89,19.542,18.79,5.4989,0.0,,0.0,69.2,,0.49,191.17,7.04,12.66,0.59,3.85
I0322301,肉類,豬蹄膀,"樣品狀態:生,豬蹄膀; 前處理描述:去骨,含皮,混合均勻打碎","豬腳,蹄膀,圓蹄",1.0,330.989,330.989,54.5,17.1,28.6,10.5677,0.0,,,50.0,,0.139,184.0,5.0,14.0,1.0,1.9
I0322501,肉類,豬腳筋,樣品狀態:生; 前處理描述:混合均勻打碎,"蹄筋,長筋",,71.5662,71.5662,86.083,14.377,1.1282,0.2014,0.0,,0.0,44.34,,0.006,0.207,20.788,2.1,0.162,0.428
I0322601,肉類,豬腦,"樣品狀態:生,豬臟器; 前處理描述:混合均勻打碎",,,124.59,124.59,79.2,10.8,8.7,3.6731,0.0,,,120.0,,0.063,294.0,3.0,14.0,2.1,0.9
I0400101,肉類,土雞,"樣品狀態:生,全雞肉; 前處理描述:去頭尾,翅膀及腳,去骨及內臟,混合均勻打碎","放山雞,走地雞",50.5,196.0191,196.0191,69.36,18.983,12.7452,3.2181,0.0,,0.0,70.02,,0.37,116.24,9.641,18.37,1.25,1.66
I0400201,肉類,肉雞,"樣品狀態:生,全雞肉; 前處理描述:去頭尾,翅膀及腳,去骨及內臟,混合均勻打碎",飼料雞,34.5,248.1543,248.1543,65.02,16.121,19.88,5.1895,0.0,,,44.1,,0.3864,227.53,0.82,5.95,0.37,0.314
I0400301,肉類,烏骨雞,"樣品狀態:生,全雞肉; 前處理描述:去頭尾,翅膀及腳,去骨及內臟,混合均勻打碎","竹絲雞,絲羽烏骨雞,武山雞,烏雞",52.8,212.2272,212.2272,65.395,17.863,15.0723,4.1966,0.8945,,0.0,42.38,,0.4622,179.76,6.8205,17.645,1.135,1.53
I04021,肉類,里肌肉平均值,"樣品狀態:生,雞胸部位; 前處理描述:去皮,混合均勻打碎",,,109.0687,109.0687,75.5293,24.2488,0.6127,0.2172,0.0,,0.201,57.5465,,0.958,351.3393,3.1885,28.855,0.5443,0.7675
I0402101,肉類,里肌肉(土雞),"樣品狀態:生,雞胸部位; 前處理描述:去皮,混合均勻打碎",,,111.6391,111.6391,75.0985,24.845,0.6154,0.2313,0.0,,0.201,71.523,,1.1965,351.1385,4.002,28.535,0.4185,0.67
I0402102,肉類,里肌肉(肉雞),"樣品狀態:生,雞胸部位; 前處理描述:混合均勻打碎",,,106.4984,106.4984,75.96,23.6525,0.61,0.2033,0.0,,,43.57,,0.7195,351.54,2.375,29.175,0.67,0.865
I0402201,肉類,帶骨去皮對切胸(肉雞),"樣品狀態:生,雞胸部位; 前處理描述:去骨,混合均勻打碎",,,103.766,103.766,77.0,22.4,0.9,0.3414,0.0,,,49.0,,0.409,310.0,1.0,28.0,0.4,0.4
I0402301,肉類,帶骨帶皮對切胸(肉雞),"樣品狀態:生,雞胸部位; 前處理描述:含皮,去骨,混合均勻打碎",,19.4,218.6381,218.6381,68.44,19.327,15.09,4.5109,0.0,,,46.95,,0.63,285.13,9.13,22.67,0.48,1.2
I04024,肉類,去皮清肉平均值,"樣品狀態:生,雞胸部位; 前處理描述:混合均勻打碎",,0.0,118.7989,118.7989,74.1468,23.335,2.124,0.6274,0.0,,0.1585,50.2085,,0.5594,314.1778,3.9615,29.8575,0.65,0.7593
I0402401,肉類,去皮清肉(土雞),"樣品狀態:生,雞胸部位; 前處理描述:混合均勻打碎",去皮雞胸肉,,120.8252,120.8252,75.279,23.356,2.3387,0.6866,0.0,,0.317,67.152,,0.628,295.0005,4.368,28.695,0.875,0.658
I0402402,肉類,去皮清肉(肉雞),"樣品狀態:生,雞胸部位; 前處理描述:混合均勻打碎",去皮雞胸肉,0.0,116.7727,116.7727,73.0145,23.314,1.9093,0.5674,0.637,,0.0,33.265,,0.4908,333.355,3.555,31.02,0.425,0.8605
I04041,肉類,骨腿平均值,"樣品狀態:生,雞腿部位; 前處理描述:去骨,混合均勻打碎",,33.3,162.7523,162.7523,71.5594,18.0477,9.4999,2.7067,0.1763,0.0,0.0,67.9791,,0.3302,212.6985,10.1048,17.0759,1.739,1.9366
I0404101,肉類,骨腿(土雞),"樣品狀態:生,雞腿部位; 前處理描述:去骨,混合均勻打碎",雞腿,38.5,129.6066,129.6066,74.836,21.708,4.0924,1.1926,0.0,,0.0,51.889,,0.253,182.485,8.158,15.776,1.687,1.834
I0404102,肉類,骨腿(肉雞),"樣品狀態:生,雞腿部位; 前處理描述:去骨,混合均勻打碎",雞腿,30.7,195.898,195.898,68.2827,14.3874,14.9073,4.1503,1.7137,0.0,0.0,84.0691,,0.4073,242.9119,12.0515,18.3757,1.7909,2.0391
I04042,肉類,清腿平均值,"樣品狀態:生,雞腿部位; 前處理描述:去骨,混合均勻打碎",,37.7,157.4795,157.4795,72.9164,18.4827,8.7094,2.5104,0.0,0.0,,116.8957,,0.206,255.63,4.2059,20.8618,0.8764,1.9434
I0404201,肉類,清腿(土雞),"樣品狀態:生,雞腿部位; 前處理描述:去骨,混合均勻打碎",雞腿,38.0,142.13,142.13,74.4,20.4,6.1,1.7184,0.0,,,131.0,,0.161,255.0,1.0,23.0,0.6,2.0
I0404202,肉類,清腿(肉雞),"樣品狀態:生,雞腿部位; 前處理描述:去骨,混合均勻打碎",雞腿,37.5,172.8289,172.8289,71.4327,16.5654,11.3187,3.3365,0.0,0.0,,102.7914,,0.2509,256.2599,7.4117,18.7235,1.1527,1.8868
I04043,肉類,棒棒腿平均值,"樣品狀態:生,雞腿部位; 前處理描述:去骨,混合均勻打碎",,39.4,151.1916,151.1916,73.045,18.9143,7.808,2.2147,0.0,,0.0,138.55,,0.1515,244.595,5.2025,20.1575,0.975,2.155
I0404301,肉類,棒棒腿(土雞),"樣品狀態:生,雞腿部位; 前處理描述:去骨,混合均勻打碎",雞腿,44.0,142.888,142.888,73.7,21.0,5.9,1.6078,0.0,,,168.0,,0.085,251.0,2.0,22.0,0.6,2.2
I0404302,肉類,棒棒腿(肉雞),"樣品狀態:生,雞腿部位; 前處理描述:去骨,混合均勻打碎",雞腿,37.9,159.4951,159.4951,72.39,16.8285,9.7159,2.8642,0.3234,,0.0,109.1,,0.218,238.19,8.405,18.315,1.35,2.11
I04044,肉類,雞排平均值,"樣品狀態:生,雞腿部位; 前處理描述:去骨,混合均勻打碎",,39.8,183.2356,183.2356,71.005,17.096,12.2213,3.6943,0.0,,,86.255,,0.2183,248.6475,6.205,20.5425,0.89,1.6625
I0404401,肉類,雞排(土雞),"樣品狀態:生,雞腿部位; 前處理描述:去骨,混合均勻打碎",,47.0,158.275,158.275,72.6,18.9,8.6,2.5121,0.0,,,97.0,,0.16,259.0,4.0,23.0,0.8,1.8
I0404402,肉類,雞排(肉雞),"樣品狀態:生,雞腿部位; 前處理描述:去骨,混合均勻打碎",,36.2,208.1962,208.1962,69.41,15.292,15.8425,4.9503,0.0,,,75.51,,0.2765,238.295,8.41,18.085,0.98,1.525
I0404403,肉類,雞排(肉雞)(2021年取樣),"樣品狀態:生,雞腿部位; 前處理描述:去骨,混合均勻打碎",,28.8,251.1062,251.1062,64.239,14.897,20.7867,5.772,0.0,0.0,0.0,94.4,0.0186,0.2729,334.22,8.98,27.29,0.72,1.84
I0404501,肉類,去皮去骨雞腿(肉雞),"樣品狀態:生,雞腿部位; 前處理描述:去骨,去皮,混合均勻打碎",,0.0,164.6535,164.6535,73.44,19.804,8.8792,2.3504,0.0,0.0,0.0,67.72,0.0129,0.171,297.87,6.34,24.68,0.77,1.78
I04061,肉類,二節翅平均值,"樣品狀態:生,雞翅部位; 前處理描述:去骨,含皮,混合均勻打碎",,44.8,225.5691,225.5691,66.1025,18.0893,16.4444,4.4462,0.0,,0.0,83.08,,0.1618,126.4875,8.05,12.2675,0.6325,1.555
I0406101,肉類,二節翅(土雞),"樣品狀態:生,雞翅部位; 前處理描述:去骨,含皮,混合均勻打碎",,38.0,227.964,227.964,66.8,19.8,15.9,4.1372,0.0,,,68.0,,0.075,104.0,6.0,11.0,0.5,1.5
I0406102,肉類,二節翅(肉雞),"樣品狀態:生,雞翅部位; 前處理描述:去骨,含皮,混合均勻打碎",,47.1,223.1743,223.1743,65.405,16.3785,16.9887,4.7662,0.6317,,0.0,98.16,,0.2485,148.975,10.1,13.535,0.765,1.61
I04062,肉類,三節翅平均值,"樣品狀態:生,雞翅部位; 前處理描述:去骨,含皮,混合均勻打碎",,42.4,210.3016,210.3016,67.7772,18.3292,14.6382,4.0846,0.0,,,75.3803,,0.2223,177.6304,7.9286,15.389,0.5279,1.501
I0406201,肉類,三節翅(土雞),"樣品狀態:生,雞翅部位; 前處理描述:去骨,含皮,混合均勻打碎",,37.0,198.39,198.39,69.2,19.0,13.0,3.4398,0.0,,,66.0,,0.239,174.0,5.0,15.0,0.4,1.4
I0406202,肉類,三節翅(肉雞),"樣品狀態:生,雞翅部位; 前處理描述:去骨,含皮,混合均勻打碎",,45.2,222.2132,222.2132,66.3544,17.6583,16.2763,4.7766,0.0,,,84.7606,,0.2055,181.2608,10.8571,15.778,0.6558,1.602
I0406301,肉類,翅腿(肉雞),"樣品狀態:生,雞翅部位; 前處理描述:去骨,含皮,混合均勻打碎",小雞腿,56.5,209.6877,209.6877,65.81,17.759,14.84,3.9849,0.9968,,,69.82,,0.3,204.8,7.41,17.86,0.72,2.09
I0410101,肉類,雞絞肉,樣品狀態:生; 前處理描述:混合均勻打碎,,,131.2671,131.2671,71.314,27.44,1.563,0.5534,0.0,,0.0,38.09,,0.187,324.693,5.19,30.494,0.498,0.787
I0420101,肉類,雞心(肉雞),"樣品狀態:生,雞臟器; 前處理描述:混合均勻打碎",,,189.6825,189.6825,70.965,13.2535,14.755,4.4154,0.1004,,,87.125,,0.141,212.255,3.715,14.89,4.38,2.13
I0420102,肉類,雞心(肉雞)(2021年取樣),"樣品狀態:生,雞臟器; 前處理描述:混合均勻打碎",,0.0,204.4271,204.4271,67.75,14.445,15.8256,4.3673,1.2067,0.0,0.0,84.52,0.0466,0.171,211.1,5.731,15.33,4.32,2.03
I0420201,肉類,雞尾椎,"樣品狀態:生,雞臟器; 前處理描述:去骨,混合均勻打碎",雞屁股,16.0,452.2672,452.2672,44.7005,8.953,45.9022,13.0235,0.0634,0.0,0.02,35.056,0.0099,0.059,86.937,6.712,7.19,0.5175,0.8475
I0420301,肉類,雞肝(肉雞),"樣品狀態:生,雞臟器; 前處理描述:混合均勻打碎",,,111.3352,111.3352,73.86,18.786,3.45,1.4893,2.6984,,,93.415,,0.1785,277.64,3.82,18.0,3.013,3.7415
I0420401,肉類,雞胗(肉雞),"樣品狀態:生,雞臟器; 前處理描述:混合均勻打碎",雞肫,,88.9813,88.9813,80.44,16.635,1.99,0.6472,0.2942,,,57.37,,0.009,187.315,6.935,13.465,2.235,2.6
I0420601,肉類,雞胸骨湯,"前處理描述:560g雞胸骨以1L沸水燙洗2分鐘,再以2L沸水小火熬煮4小時,最後定量至2L.",雞高湯,,8.8239,8.8239,97.88,1.475,0.28,0.0812,0.211,,,24.35,,0.04,46.12,1.792,1.006,0.07,0.073
I0420701,肉類,雞睪丸,"樣品狀態:生,雞臟器; 前處理描述:混合均勻打碎","雞子,雞弗",,70.6519,70.6519,85.229,10.572,2.8281,1.2086,0.2333,,0.0,89.932,,0.067,275.633,7.537,19.567,0.889,1.206
I0420801,肉類,雞腳(肉雞),"樣品狀態:生,雞腳; 前處理描述:去骨,混合均勻打碎","雞爪,鳳爪",58.2,208.5494,208.5494,64.235,20.6625,13.3393,2.8742,1.2454,,0.0,101.79,,0.0435,64.225,23.635,6.81,0.795,0.995
I0420901,肉類,雞膝軟骨(肉雞),"樣品狀態:生,雞臟器; 前處理描述:混合均勻打碎",雞軟骨,,107.0999,107.0999,75.5,20.404,2.2145,0.6922,0.4959,,0.0,196.703,,0.249,214.915,20.83,17.661,0.343,0.331
I0421001,肉類,雞皮(肉雞),"樣品狀態:生,雞臟器; 前處理描述:混合均勻打碎",,0.0,441.7161,441.7161,46.182,11.668,43.4472,11.242,0.0,0.0,0.0,40.08,0.0085,0.0,146.49,4.25,9.41,0.57,0.57
I0500101,肉類,太空鴨,"樣品狀態:生,全鴨肉; 前處理描述:去尾巴,去骨,混合均勻打碎",,20.9,319.2313,319.2313,57.26,15.973,27.83,9.1239,0.0,,,41.03,,0.33,240.17,10.39,17.44,2.9,2.65
I0500201,肉類,番鴨,"樣品狀態:生,全鴨肉; 前處理描述:去頭腳,去骨及內臟,混合均勻打碎","麝番鴨,紅面鴨,紅面(正)番鴨",49.6,228.7584,228.7584,65.53,18.23,16.7313,5.4127,0.0,,0.231,51.25,,0.3672,255.25,4.18,21.61,3.01,1.939
I0500301,肉類,太空鴨(去皮),"樣品狀態:生,全鴨肉; 前處理描述:去皮,去頭尾,去翅腳,去骨,混合均勻打碎",,51.5,101.8751,101.8751,78.561,20.075,1.791,0.6192,0.0,,0.0,64.399,,0.571,275.814,11.101,24.719,2.405,1.734
I0500401,肉類,土番鴨,"樣品狀態:生,全鴨肉; 前處理描述:去皮,去頭腳,去骨及內臟,混合均勻打碎",,61.0,110.891,110.891,75.6,20.9,2.4,0.743,0.0,,,70.0,,0.381,317.0,4.0,27.0,3.8,1.9
I0502101,肉類,櫻桃鴨胸肉片,"樣品狀態:生,鴨胸部位; 前處理描述:去骨,混合均勻打碎",,,226.5303,226.5303,60.449,16.701,17.2081,4.4689,4.6863,,0.942,37.386,,0.371,269.287,5.06,20.762,3.022,1.241
I0504101,肉類,鴨腿,"樣品狀態:生,鴨腿部位; 前處理描述:去骨,混合均勻打碎",,18.9,282.1871,282.1871,57.14,14.353,24.49,7.6824,3.3766,,,47.8,,0.26,242.52,6.34,16.24,2.34,3.2
I0520101,肉類,鴨血,樣品狀態:生; 前處理描述:混合均勻打碎,,,28.79,28.79,93.704,6.006,0.3486,0.1459,0.0,,0.0,130.9003,,0.5983,8.512,5.3543,1.951,15.565,0.336
I0520201,肉類,鴨胗,"樣品狀態:生,鴨臟器; 前處理描述:混合均勻打碎",鴨肫,8.0,97.2723,97.2723,77.15,20.499,1.08,0.3876,0.3138,,,78.53,,0.044,323.98,3.41,17.43,5.192,4.195
I0520301,肉類,去骨鴨掌,樣品狀態:生; 前處理描述:混合均勻打碎,,0.0,113.4891,113.4891,81.441,12.589,6.6224,1.4937,0.0,,0.0,77.83,0.1205,0.0,1.57,145.77,6.25,0.51,0.0
I0520401,肉類,鴨腸,"樣品狀態:生,鴨臟器; 前處理描述:混合均勻打碎",,,93.6642,93.6642,82.832,13.787,3.8574,1.4605,0.0,,0.0,52.965,,0.033,2.926,26.653,9.131,1.484,1.543
I0520601,肉類,鴨翅,"樣品狀態:生; 前處理描述:去骨,混合均勻打碎",,57.2,170.289,170.289,71.66,22.751,8.1089,2.3779,0.0,0.0,0.0,67.45,0.0133,0.1513,140.86,13.95,12.16,1.82,2.77
I0520701,肉類,鴨頭,"樣品狀態:生; 前處理描述:去骨,取可食部分(包含腦隨)混合均勻打碎",,75.6,199.043,199.043,72.76,16.497,14.2573,4.1907,0.0,0.0,0.0,73.62,0.0278,0.0905,150.02,20.13,12.55,2.39,1.39
I0520801,肉類,鴨舌,"樣品狀態:生; 前處理描述:去骨,混合均勻打碎",,8.3,187.1688,187.1688,69.42,16.006,13.1733,2.7622,0.0,0.0,0.0,57.07,0.0454,0.0402,67.4,623.36,17.07,1.86,1.15
I0600101,肉類,鵝肉,"樣品狀態:生,全鵝肉; 前處理描述:含皮,去頭腳,去骨及內臟,混合均勻打碎",,59.0,187.48,187.48,66.8,15.6,13.4,3.484,2.4,,,54.0,,0.22,234.0,11.0,15.0,1.9,1.5
I0602101,肉類,鵝胸肉,"樣品狀態:生,鵝胸部位; 前處理描述:去皮,混合均勻打碎",,,120.3312,120.3312,72.991,23.46,2.2347,0.6774,0.2075,,0.0,50.673,,0.655,349.397,8.096,24.538,3.068,1.399
I0604101,肉類,鵝腿肉,"樣品狀態:生,鵝腿部位; 前處理描述:去皮,去骨,混合均勻打碎",,,130.4105,130.4105,75.581,21.692,4.1891,1.1064,0.0,,0.0,75.144,,0.478,276.194,8.326,22.239,0.839,3.32
I0620101,肉類,鵝心,"樣品狀態:生,鵝臟器; 前處理描述:混合均勻打碎",,,241.374,241.374,64.684,14.512,19.89,5.0546,0.0,,0.0,71.807,,0.266,207.022,7.81,17.513,6.135,2.814
I0620201,肉類,鵝肝,"樣品狀態:生,鵝臟器; 前處理描述:混合均勻打碎",,,122.993,122.993,73.473,20.487,3.9372,1.822,0.6418,,0.0,391.934,,1.498,1236.545,7.096,20.194,44.577,5.41
I0620301,肉類,鵝胗,"樣品狀態:生,鵝臟器; 前處理描述:混合均勻打碎",鵝肫,,95.2911,95.2911,76.571,17.359,2.3468,0.752,2.8204,,0.0,76.592,,0.301,292.191,7.04,16.007,3.379,3.244
I0620401,肉類,鵝腸,"樣品狀態:生,鵝臟器; 前處理描述:混合均勻打碎",,,62.9221,62.9221,86.9615,9.2195,2.6114,0.8644,0.7315,,0.0,109.989,,0.0135,3.871,42.235,12.9725,2.234,1.3875
I0700101,肉類,火雞肉,"樣品狀態:生,全火雞; 前處理描述:含皮,去頭腳,去骨及內臟,混合均勻打碎","七面鳥,吐綬雞",43.0,140.609,140.609,72.3,21.1,5.6,2.0793,0.0,,,51.0,,0.162,362.0,3.0,25.0,1.0,1.7
I0802101,肉類,鴕鳥菲力肉排,"樣品狀態:生,鴕鳥上肉部位,冷凍產品; 前處理描述:混合均勻打碎","鴕鳥腓力,鴕鳥里肌肉",,105.059,105.059,74.4135,22.8285,0.8405,0.2576,0.7987,,0.18,59.2235,,0.6265,330.9881,8.0828,23.7631,3.225,2.7692
I0804101,肉類,鴕鳥沙朗肉排,"樣品狀態:生,鴕鳥上肉部位,冷凍產品; 前處理描述:混合均勻打碎",,,96.6667,96.6667,70.921,20.899,0.8235,0.2805,6.0579,,0.263,54.883,,0.602,374.772,4.235,27.581,3.683,4.222
I0810101,肉類,鴕腱肉,"樣品狀態:生,鴕鳥其他肉部位,冷凍產品; 前處理描述:混合均勻打碎","屈肌,伸肌",,107.4703,107.4703,77.017,18.714,3.0556,1.0296,0.2231,,0.0,75.023,,0.571,308.549,4.87,21.751,2.885,4.581
I0810201,肉類,鴕腩肉,"樣品狀態:生,鴕鳥其他肉部位,冷凍產品; 前處理描述:混合均勻打碎",,,143.5977,143.5977,71.32,21.166,5.9001,2.0402,0.6619,,0.0,85.927,,0.433,279.099,6.467,18.438,1.751,3.877
I1000101,肉類,山豬肉片,"樣品狀態:生,冷凍包裝; 前處理描述:混合均勻打碎",山豬肉,0.0,465.5617,465.5617,42.61,11.881,45.99,10.1912,0.0,0.0,0.0,30.36,0.006,0.3036,195.9,6.505,12.53,0.89,1.26
I9900101,肉類,虎皮蛙,"樣品狀態:生,人工養殖; 前處理描述:去頭,去皮,去骨及內臟,混合均勻打碎","虎斑蛙,虎紋蛙,水雞,田雞,台灣青蛙",81.0,93.705,93.705,76.8,21.1,0.4,0.1212,0.6,,,70.0,,0.318,249.0,16.0,27.0,0.7,1.2
I9900201,肉類,蛇肉,"樣品狀態:生; 前處理描述:含皮,去頭,去骨及內臟,混合均勻打碎",,58.0,84.738,84.738,79.5,19.0,0.4,0.1285,0.0,,,29.0,,0.032,77.0,157.0,17.0,2.1,4.9
J0200201,魚貝類,雙髻鯊,"樣品狀態:生; 前處理描述:去鱗,含皮,去頭尾,去內臟及骨刺,混合均勻打碎","丫髻鯊(鮫),犛頭沙,雙髻鯊,雙過仔",62.2,117.3257,117.3257,73.633,27.35,0.06,0.0234,0.0,,,82.76,,0.5235,492.35,3.5,31.52,0.8,0.59
J0200202,魚貝類,雙髻鯊腹肉,"樣品狀態:生; 前處理描述:取腹部附近魚身一段,去皮,去骨刺及筋,混合均勻打碎","丫髻鯊(鮫),犛頭沙,雙髻鯊,雙過仔",22.0,110.166,110.166,77.6,25.8,0.0,,0.0,,,142.0,,0.776,334.0,5.0,28.0,0.5,0.4
J0200301,魚貝類,鯊魚切片,樣品狀態:生; 前處理描述:混合均勻打碎,沙魚,,105.9827,105.9827,74.953,24.7865,0.016,0.0061,0.0,,,61.5837,,0.3675,219.1068,5.3489,29.9499,0.682,1.0553
J0400101,魚貝類,魟魚,"樣品狀態:生; 前處理描述:去鱗,含皮,去頭尾,去內臟及骨刺,混合均勻打碎",,65.8,106.3566,106.3566,76.2,24.76,0.07,0.006,0.0,,,167.63,,0.4617,323.5,4.19,27.042,0.79,0.38
J0400201,魚貝類,日本鰻鱺魚片(生),樣品狀態:生; 前處理描述:混合均勻打碎,"白鰻,日本鰻,正鰻,白鱔,鰻鱺,土鰻(澎湖),淡水鰻(澎湖)",,253.6951,253.6951,65.245,18.091,19.5617,5.6723,0.0,,0.0,46.97,,0.212,198.919,113.277,16.788,0.371,1.477
J0400401,魚貝類,灰海鰻,"樣品狀態:生; 前處理描述:去鱗,去皮,去頭尾,去內臟及硬骨,混合均勻打碎(有軟刺未完全去除)","虎鰻,海鰻,錢鰻(臺東)",49.0,96.555,96.555,77.7,20.5,1.0,0.4239,0.0,,,83.0,,0.131,377.0,62.0,31.0,0.3,0.7
J0400501,魚貝類,魩仔魚,樣品狀態:生; 前處理描述:混合均勻打碎,魩仔,,55.617,55.617,85.9625,11.0715,0.9248,0.3769,0.0,,0.0,455.745,,0.158,91.506,157.0935,70.3155,0.1,0.965
J04006,魚貝類,魩仔魚平均值(加工),"樣品狀態:熟,水煮; 前處理描述:混合均勻打碎",魩仔,,123.8314,123.8314,64.622,26.213,1.3195,0.3268,0.9992,,,1840.572,,0.0237,290.9962,358.455,173.9057,0.5082,2.0377
J0400601,魚貝類,"魩仔魚(加工,大)","樣品狀態:熟,水煮; 前處理描述:混合均勻打碎",魩仔,,96.9106,96.9106,74.205,20.672,0.958,0.1995,1.0598,,,851.3407,,0.0,49.9166,259.235,189.9985,0.0,1.4296
J0400602,魚貝類,"魩仔魚(加工,小)","樣品狀態:熟,水煮; 前處理描述:混合均勻打碎",魩仔,,150.7522,150.7522,55.039,31.754,1.681,0.4826,0.9386,,,2829.8033,,0.0473,532.0758,457.6749,157.8129,1.0164,2.6457
J0400603,魚貝類,魩仔魚(加工),"樣品狀態:熟,水煮; 前處理描述:混合均勻打碎",,0.0,105.2438,105.2438,71.47,23.03,0.7656,0.3813,0.0,0.0,0.0,1447.54,0.2164,0.0,125.96,438.66,135.12,1.2,2.27
J0400801,魚貝類,鱙仔魚(加工),"樣品狀態:熟,水煮; 前處理描述:混合均勻打碎","針魩仔,鱙仔,寮仔魚",,101.4841,101.4841,73.686,20.986,1.3164,0.1722,0.0,,0.0,705.482,,0.131,,531.865,54.033,1.083,1.787
J0400901,魚貝類,日本銀帶鯡(加工),"樣品狀態:熟,水煮; 前處理描述:混合均勻打碎","針嘴鰮,丁香魚,魩仔,丁香,鱙仔,灰海荷鰮",,111.2389,111.2389,70.424,21.54,2.1356,1.0731,1.1599,,0.132,735.962,,0.217,194.874,713.545,106.698,2.837,2.583
J0400902,魚貝類,日本銀帶鯡魚干(丁香魚脯),樣品狀態:乾貨; 前處理描述:混合均勻打碎,"針嘴鰮,丁香魚,魩仔,丁香,鱙仔,灰海荷鰮",0.0,274.7603,274.7603,30.085,51.766,5.9556,3.3482,1.7404,,0.075,1276.2148,,0.3524,855.7016,1722.9454,183.3372,5.6524,5.8873
J04010,魚貝類,虱目魚平均值(去皮),"樣品狀態:生; 前處理描述:去鱗,去皮,去頭尾,去內臟及骨刺,混合均勻打碎","麻虱目仔,麻虱(蝨)目,蝨(遮/塞)目魚,虱麻魚,海草魚,安平魚,國姓(聖)魚",55.5,178.8512,178.8512,67.3948,21.84,9.4894,3.2798,0.1554,,,41.3935,,0.5683,350.2679,16.4415,32.8935,0.6027,0.7829
J0401001,魚貝類,虱目魚(2月),"樣品狀態:生; 前處理描述:去鱗,去皮,去頭尾,去內臟及骨刺,混合均勻打碎","海草魚,遮目魚,殺目魚,安平魚,國姓魚,麻虱目仔,虱目/麻虱目(澎湖)",40.8,179.895,179.895,67.25,19.787,10.577,4.115,1.3422,,,43.979,,0.6206,310.633,20.926,30.567,0.646,1.2653
J0401002,魚貝類,虱目魚(5月),"樣品狀態:生; 前處理描述:去鱗,去皮,去頭尾,去內臟及骨刺,混合均勻打碎","海草魚,遮目魚,殺目魚,安平魚,國姓魚,麻虱目仔,虱目/麻虱目(澎湖)",60.5,189.4054,189.4054,66.631,22.329,10.428,3.031,0.0,,,26.9028,,0.519,367.8074,9.0323,35.511,1.2565,0.6551
J0401003,魚貝類,虱目魚(8月),"樣品狀態:生; 前處理描述:去鱗,去皮,去頭尾,去內臟及骨刺,混合均勻打碎","海草魚,遮目魚,殺目魚,安平魚,國姓魚,麻虱目仔,虱目/麻虱目(澎湖)",61.0,124.3504,124.3504,72.053,23.731,2.552,0.8088,0.4842,,,41.8856,,0.637,354.219,13.4791,33.5294,0.5708,0.5442
J0401004,魚貝類,虱目魚(9月),"樣品狀態:生; 前處理描述:去鱗,去皮,去頭尾,去內臟及骨刺,混合均勻打碎","海草魚,遮目魚,殺目魚,安平魚,國姓魚,麻虱目仔,虱目/麻虱目(澎湖)",65.0,208.2709,208.2709,64.89,21.99,12.68,4.6209,0.0,,,40.83,,0.495,366.19,11.98,33.02,0.102,0.708
J0401005,魚貝類,虱目魚(12月),"樣品狀態:生; 前處理描述:去鱗,去皮,去頭尾,去內臟及骨刺,混合均勻打碎","海草魚,遮目魚,殺目魚,安平魚,國姓魚,麻虱目仔,虱目/麻虱目(澎湖)",50.0,192.3342,192.3342,66.15,21.363,11.21,4.1148,0.0824,,,53.37,,0.57,352.49,26.79,31.84,0.438,0.742
J0401101,魚貝類,虱目魚(含皮),"樣品狀態:生; 前處理描述:去鱗,含皮,去頭尾,去內臟及骨刺,混合均勻打碎","海草魚,遮目魚,殺目魚,安平魚,國姓魚,麻虱目仔,虱目/麻虱目(澎湖)",33.0,200.424,200.424,66.0,21.8,11.9,4.7124,0.0,,,96.0,,0.305,213.0,16.0,36.0,0.7,0.9
J0401102,魚貝類,虱目魚(2022年取樣),"樣品狀態:生; 前處理描述:去鱗,含皮,去頭尾,去內臟及骨刺,混合均勻打碎","海草魚,遮目魚,殺目魚,安平魚,國姓魚,麻虱目仔,虱目/麻虱目(澎湖)",37.9,242.5397,242.5397,60.13,20.073,17.3867,5.8978,1.4442,0.0,0.0,46.21,0.0105,0.31,254.91,20.97,27.41,0.52,0.9
J0401201,魚貝類,虱目魚腹肉(虱目魚肚),"樣品狀態:生,冷凍包裝; 前處理描述:去皮及骨刺,混合均勻打碎",,29.9,341.8283,341.8283,56.33,17.431,29.645,8.9724,0.0,,0.683,47.046,,0.497,280.614,6.252,22.248,1.076,0.693
J0401301,魚貝類,草魚切片,"樣品狀態:生; 前處理描述:去皮及骨刺,混合均勻打碎","鯇,鯤,池魚,草根魚,草鰱(高屏地區)",15.8,166.4064,166.4064,67.244,21.381,8.327,1.9885,2.0674,,0.022,52.816,,0.155,334.809,10.476,28.54,0.459,0.49
J0401401,魚貝類,草魚(含皮),"樣品狀態:生; 前處理描述:去鱗,含皮,去頭尾,去內臟及骨刺,混合均勻打碎","鯇,鯤,池魚,草根魚,草鰱(高屏地區)",56.0,91.484,91.484,78.8,17.2,2.0,0.5418,0.8,,,37.0,,0.173,376.0,63.0,24.0,0.7,0.7
J0401501,魚貝類,鯉,"樣品狀態:生; 前處理描述:去鱗,含皮,去頭尾,去內臟及骨刺,混合均勻打碎","鮘仔,在來鯉,財神魚",66.0,90.779,90.779,79.1,14.5,3.2,0.7251,2.1,,,38.0,,0.203,333.0,21.0,22.0,1.2,0.7
J0401601,魚貝類,鱅,"樣品狀態:生; 前處理描述:去鱗,含皮,去頭尾,去內臟及骨刺,混合均勻打碎","黑鰱,大頭鰱(魚),花鰱,胖頭鰱",55.0,144.793,144.793,74.2,18.7,7.2,1.7712,0.0,,,24.0,,0.15,345.0,37.0,25.0,0.6,0.5
J0401701,魚貝類,鬍鯰,"樣品狀態:生; 前處理描述:去鱗,含皮,去頭尾,去內臟及骨刺,混合均勻打碎","鬍子鯰,土殺,本土土虱,塘虱魚",54.0,194.077,194.077,68.9,16.3,13.8,5.3213,0.0,,,37.0,,0.196,380.0,4.0,27.0,1.1,0.8
J0401801,魚貝類,斑海鯰,"樣品狀態:生; 前處理描述:去鱗,含皮,去頭尾,去內臟及骨刺,混合均勻打碎","成仔魚,成仔丁,銀成,白肉成,臭臊成,生仔魚,鰻鯰,賓士魚",73.1,86.0051,86.0051,79.56,19.17,0.46,0.1726,0.0,,,114.95,,0.3077,321.77,5.33,30.481,1.33,0.84
J0401901,魚貝類,長體油胡瓜魚,"樣品狀態:生; 前處理描述:去頭,含魚卵,混合均勻打碎",柳葉魚,14.6,103.7925,103.7925,79.789,15.002,4.4051,0.8965,0.0,,0.0,104.468,,0.108,174.603,246.31,27.816,0.0,2.054
J0402001,魚貝類,香魚,"樣品狀態:生; 前處理描述:去鱗,去皮,去頭尾,去內臟及骨刺,混合均勻打碎","桀(加魚邊)魚,Ayu,年魚",63.0,146.8377,146.8377,75.05,18.524,7.51,2.7438,0.0,,,52.56,,0.2719,310.89,27.47,23.76,0.634,0.922
J0402101,魚貝類,銀魚,樣品狀態:生; 前處理描述:混合均勻打碎,"水晶魚,小銀魚",,69.3265,69.3265,82.731,14.343,0.896,0.1968,0.8935,,,56.0616,,0.0705,84.9406,273.7961,288.6669,0.0,1.0726
J0402201,魚貝類,白肉鮭魚切片,"樣品狀態:生; 前處理描述:去皮及骨刺,混合均勻打碎",,20.7,151.2298,151.2298,69.711,22.563,6.0849,1.6648,0.2913,,,53.0993,,0.548,409.746,38.263,23.4782,0.7298,0.7307
J0402301,魚貝類,紅肉鮭魚切片,"樣品狀態:生; 前處理描述:去皮及骨刺,混合均勻打碎",,10.6,157.8501,157.8501,69.583,24.331,5.9819,3.0668,0.0,,,71.9615,,0.776,439.6955,8.1145,33.7604,0.0,1.1071
J04024,魚貝類,大西洋鮭魚平均值(去皮),"樣品狀態:生; 前處理描述:去鱗,去皮,去頭尾,去內臟及骨刺,混合均勻打碎",,24.8,220.6336,220.6336,66.0596,20.1954,14.9001,4.0489,0.0,,0.0733,44.6452,,0.6225,334.9811,6.3944,25.892,0.05,0.6955
J0402401,魚貝類,大西洋鮭魚(台灣養殖),"樣品狀態:生; 前處理描述:去鱗,去皮,去頭尾,去內臟及骨刺,混合均勻打碎",,55.8,154.92,154.92,71.856,23.63,5.9889,1.6689,0.0,,0.3667,45.403,,0.527,389.592,8.9148,27.102,0.0,0.768
J0402402,魚貝類,大西洋鮭魚切片(中段),"樣品狀態:生; 前處理描述:去皮及骨刺,混合均勻打碎",,22.0,173.6711,173.6711,69.965,20.697,9.4562,2.5864,0.0,,0.0,39.459,,0.816,356.322,5.6294,25.538,0.0,0.657
J0402403,魚貝類,大西洋鮭魚切片(尾段),"樣品狀態:生; 前處理描述:去皮及骨刺,混合均勻打碎",,17.1,203.5478,203.5478,67.7475,20.6735,12.7796,3.6626,0.0,,0.0,60.953,,0.654,352.691,6.9703,27.7568,0.0,0.6305
J0402404,魚貝類,大西洋鮭魚生魚片,樣品狀態:生; 前處理描述:混合均勻打碎,,,221.8494,221.8494,67.278,19.623,15.3059,4.0766,0.0,,0.0,35.626,,0.788,392.834,6.2783,27.4315,0.0,0.767
J0402405,魚貝類,大西洋鮭魚腹肉,"樣品狀態:生,腹部肉; 前處理描述:去皮及骨刺,混合均勻打碎",,18.4,349.1797,349.1797,53.4515,16.3535,30.9701,7.8526,0.0,,0.0,41.785,,0.3275,183.4665,4.1792,21.6315,0.25,0.655
J0402501,魚貝類,麥奇鈎吻鮭(去皮),"樣品狀態:生; 前處理描述:去鱗,去皮,去頭尾,去內臟及骨刺,混合均勻打碎","鱒魚,虹鱒,麥奇鉤吻鱒",50.6,159.8384,159.8384,71.136,20.861,7.845,2.3896,0.0,,,48.4935,,0.414,405.1287,6.6086,20.1112,0.8719,1.2625
J0402601,魚貝類,麥奇鈎吻鮭(含皮),"樣品狀態:生; 前處理描述:去鱗,含皮,去頭尾,去內臟及骨刺,混合均勻打碎","鱒魚,虹鱒,麥奇鉤吻鱒",45.0,147.163,147.163,71.3,20.1,6.8,2.1882,0.4,,,23.0,,0.569,387.0,44.0,30.0,0.4,0.6
J0402701,魚貝類,姬魚,"樣品狀態:生; 前處理描述:去鱗,含皮,去頭尾,去內臟及骨刺,混合均勻打碎","仙女魚,狗母,汕狗母",65.2,104.4879,104.4879,76.69,24.09,0.18,0.0205,0.0,,,88.43,,0.2897,352.71,87.33,37.68,1.0,0.44
J0402801,魚貝類,印度鐮齒魚,"樣品狀態:生; 前處理描述:去鱗,含皮,去頭尾,去內臟及骨刺,混合均勻打碎","水狗母,粉粘,那哥,那個魚",48.9,48.6261,48.6261,87.79,10.395,0.47,0.1333,0.375,,,192.24,,0.0135,160.38,15.16,109.58,0.66,0.365
J0402901,魚貝類,狗母魚(蛇鯔),"樣品狀態:生; 前處理描述:去鱗,含皮,去頭尾,去內臟及骨刺,混合均勻打碎","狗母梭,狗母",56.1,103.1055,103.1055,76.12,20.83,1.57,0.5897,0.14,,,59.65,,0.2713,450.76,5.39,32.66,0.34,0.45
J0403001,魚貝類,鮟鱇,"樣品狀態:生; 前處理描述:去鱗,去皮,去頭尾,去內臟及骨刺,混合均勻打碎",,70.7,67.6823,67.6823,83.006,14.876,0.4614,0.1602,0.5815,,0.002,117.032,,0.155,301.655,8.477,26.057,0.401,0.519
J04031,魚貝類,鯔平均值(去皮),"樣品狀態:生(不含魚卵); 前處理描述:去鱗,去皮,去頭尾,去內臟及骨刺,混合均勻打碎","烏(鯔/信/聖)魚,青頭仔(幼魚),奇目仔(成魚),正(大)烏,正(回)頭烏,日本鯔",51.0,152.4141,152.4141,70.9271,20.6176,7.1371,2.3339,0.2659,,0.0,50.2403,,0.3236,376.9477,9.3025,29.1589,1.273,0.5339
J0403101,魚貝類,鯔(2月),"樣品狀態:生(不含魚卵); 前處理描述:去鱗,去皮,去頭尾,去內臟及骨刺,混合均勻打碎","青頭仔(幼魚),奇目仔(成魚),信魚,正烏,烏魚,正頭烏,回頭烏,大烏(澎湖)",57.0,137.0555,137.0555,71.41,20.403,5.536,2.0577,1.6031,,,42.414,,0.3542,351.858,13.052,31.069,0.9255,1.1857
J0403102,魚貝類,鯔(4月),"樣品狀態:生(不含魚卵); 前處理描述:去鱗,去皮,去頭尾,去內臟及骨刺,混合均勻打碎","青頭仔(幼魚),奇目仔(成魚),信魚,正烏,烏魚,正頭烏,回頭烏,大烏(澎湖)",56.0,132.5066,132.5066,72.56,20.415,5.026,1.5797,0.9421,,,43.4522,,0.3385,351.3942,7.6799,24.6676,1.1164,0.3799
J0403103,魚貝類,鯔(8月),"樣品狀態:生(已去鱗及內臟,不含魚卵); 前處理描述:去皮,去頭尾及骨刺,混合均勻打碎","青頭仔(幼魚),奇目仔(成魚),信魚,正烏,烏魚,正頭烏,回頭烏,大烏(澎湖)",33.2,223.9311,223.9311,65.433,17.267,16.652,5.8365,0.0,,,73.1235,,0.3,298.2135,14.3598,25.8053,0.4055,0.8976
J0403104,魚貝類,"鯔(11月,雄魚)","樣品狀態:生(不含魚精囊); 前處理描述:去鱗,去皮,去頭尾,去內臟及骨刺,混合均勻打碎","青頭仔(幼魚),奇目仔(成魚),信魚,正烏,烏魚,正頭烏,回頭烏,大烏(澎湖)",62.0,129.0752,129.0752,73.78,21.314,4.22,1.3766,0.0,,,63.21,,0.369,445.56,8.17,34.77,1.02,0.037
J0403105,魚貝類,"鯔(11月,雌魚)","樣品狀態:生(不含魚卵); 前處理描述:去鱗,去皮,去頭尾,去內臟及骨刺,混合均勻打碎","青頭仔(幼魚),奇目仔(成魚),信魚,正烏,烏魚,正頭烏,回頭烏,大烏(澎湖)",53.0,140.9218,140.9218,72.88,21.469,5.46,1.8143,0.0,,,56.59,,0.308,417.83,6.55,31.43,0.811,0.352
J0403106,魚貝類,"鯔(12月,雄魚)","樣品狀態:生(不含魚精囊); 前處理描述:去鱗,去皮,去頭尾,去內臟及骨刺,混合均勻打碎","青頭仔(幼魚),奇目仔(成魚),信魚,正烏,烏魚,正頭烏,回頭烏,大烏(澎湖)",55.0,137.0795,137.0795,71.62,21.055,5.23,1.8918,0.9479,,,59.138,,0.33,359.853,9.221,28.463,2.4233,0.4811
J0403107,魚貝類,"鯔(12月,雌魚)","樣品狀態:生(不含魚卵); 前處理描述:去鱗,去皮,去頭尾,去內臟及骨刺,混合均勻打碎","青頭仔(幼魚),奇目仔(成魚),信魚,正烏,烏魚,正頭烏,回頭烏,大烏(澎湖)",41.0,149.1434,149.1434,70.55,21.789,6.22,1.7594,0.2489,,,36.988,,0.27,397.762,7.305,27.08,2.4833,0.5418
J0403108,魚貝類,鯔切片,"樣品狀態:生,冷凍包裝; 前處理描述:去皮,混合均勻打碎","青頭仔(幼魚),奇目仔(成魚),信魚,正烏,烏魚,正頭烏,回頭烏,大烏(澎湖)",,169.5999,169.5999,69.184,21.229,8.753,2.4198,0.0244,,0.0,27.007,,0.319,393.111,8.082,29.986,0.999,0.396
J0403201,魚貝類,鯔(含皮),"樣品狀態:生; 前處理描述:去鱗,含皮,去頭尾,去內臟及骨刺,混合均勻打碎","青頭仔(幼魚),奇目仔(成魚),信魚,正烏,烏魚,正頭烏,回頭烏,大烏(澎湖)",59.8,154.851,154.851,71.5567,20.64,7.3967,2.629,0.0,,,49.4533,,0.3635,393.8833,6.5367,29.553,1.17,0.6267
J0403301,魚貝類,斑鰭飛魚,"樣品狀態:生; 前處理描述:去鱗,含皮,去頭尾,去內臟及骨刺,混合均勻打碎","小烏,飛烏,花烏(澎湖)",40.2,94.486,94.486,76.52,21.98,0.07,0.0285,0.19,,,53.81,,0.309,429.01,12.13,35.54,0.68,0.667
J0403401,魚貝類,斑鱵,"樣品狀態:生; 前處理描述:去鱗,含皮,去頭尾,去內臟及骨刺,混合均勻打碎","補網師,水針,莎優莉,簪針(澎湖),七星針(南部)",48.2,90.9765,90.9765,77.66,20.63,0.32,0.1442,0.3121,,,78.84,,0.5115,276.21,30.86,32.301,0.41,1.22
J0403501,魚貝類,鱷形叉尾鶴鱵,"樣品狀態:生; 前處理描述:去鱗,含皮,去頭尾,去內臟及骨刺,混合均勻打碎","青旗,學仔,白天青旗,圓學(澎湖)",47.0,97.6895,97.6895,75.85,22.35,0.25,0.0876,0.15,,,63.5,,0.5445,457.0,303.5,36.0,0.55,1.25
J0403601,魚貝類,金鱗魚,"樣品狀態:生; 前處理描述:去鱗,含皮,去頭尾,去內臟及骨刺,混合均勻打碎",,55.6,84.6607,84.6607,78.03,19.51,0.15,0.0594,1.26,,,60.89,,0.2495,336.84,6.55,30.62,0.49,0.78
J0403701,魚貝類,鱗馬鞭魚,"樣品狀態:生; 前處理描述:去鱗,去皮,去頭尾,去內臟及骨刺,混合均勻打碎","馬鞭魚,馬戍,槍管,火管,剃仔,土管(臺東)",72.4,83.8395,83.8395,81.26,18.512,0.5314,0.2038,0.0,,0.034,120.609,,0.342,209.57,11.075,26.011,0.184,0.368
J0403801,魚貝類,黃鱔,"樣品狀態:生; 前處理描述:去頭及腸管內臟,混合均勻打碎","鱔魚,田鱔,田鰻,長魚,血魚,羅魚,無鱗公子",23.8,88.1099,88.1099,78.683,17.616,1.429,0.4429,0.9618,,0.0,54.763,,0.165,272.775,39.295,21.421,4.038,1.868
J0403901,魚貝類,石狗公,"樣品狀態:生; 前處理描述:去鱗,含皮,去頭尾,去內臟及骨刺,混合均勻打碎","石頭魚,獅甕(澎湖),紅鱠仔",70.0,80.04,80.04,81.06,18.28,0.22,0.0254,0.0,,,67.3,,0.1284,330.38,25.88,29.7,0.24,0.36
J0404001,魚貝類,環紋簑鮋,"樣品狀態:生; 前處理描述:去鱗,含皮,去頭尾,去內臟及骨刺,混合均勻打碎","龍鬚簑鮋,獅子魚,長獅,魔鬼,國公,石狗敢,虎魚,雞公,紅虎,火烘,石頭魚",66.0,79.47,79.47,80.8,18.4,0.1,0.0354,0.0,,,145.0,,0.159,324.0,13.0,37.0,0.2,0.4
J0404101,魚貝類,深海鱗角魚,"樣品狀態:生; 前處理描述:去鱗,含皮,去頭尾,去內臟及骨刺,混合均勻打碎","深海角魚,雞角,角仔魚",77.5,80.0463,80.0463,80.95,17.69,0.5,0.1682,0.0,,,104.99,,0.3818,399.14,7.07,27.72,0.59,0.53
J0404201,魚貝類,尖嘴鱸(去皮),"樣品狀態:生(已去鱗及內臟); 前處理描述:去皮,去頭尾及骨刺,混合均勻打碎","金目鱸,盲槽,扁紅目鱸",46.8,98.2869,98.2869,76.908,20.571,1.1584,0.3379,0.1486,,,48.2306,,0.355,435.0482,11.6848,28.192,0.6767,0.4794
J0404301,魚貝類,尖嘴鱸(含皮),"樣品狀態:生; 前處理描述:去鱗,含皮,去頭尾,去內臟及骨刺,混合均勻打碎","金目鱸,盲槽,扁紅目鱸",50.0,107.144,107.144,77.6,19.6,2.6,1.0429,0.0,,,51.0,,0.155,442.0,19.0,24.0,0.3,0.5
J04044,魚貝類,日本花鱸平均值,"樣品狀態:生; 前處理描述:去鱗,去皮,去頭尾,去內臟及骨刺,混合均勻打碎","七星鱸,花鱸,青鱸,鱸魚,日本真鱸",60.2,97.9124,97.9124,76.6742,19.8504,1.458,0.4228,0.8831,,,61.5287,,0.1953,377.1414,16.5808,31.0227,0.3691,0.5947
J0404401,魚貝類,日本花鱸(2月),"樣品狀態:生; 前處理描述:去鱗,去皮,去頭尾,去內臟及骨刺,混合均勻打碎","七星鱸,花鱸,青鱸,鱸魚,日本真鱸",63.0,94.8013,94.8013,75.85,20.14,0.976,0.2658,1.9139,,,44.115,,0.24,349.852,13.666,33.095,0.4666,0.8754
J0404402,魚貝類,日本花鱸((3月),"樣品狀態:生; 前處理描述:去鱗,去皮,去頭尾,去內臟及骨刺,混合均勻打碎","七星鱸,花鱸,青鱸,鱸魚,日本真鱸",58.3,99.7437,99.7437,76.803,19.992,1.594,0.4547,0.5122,,,64.9345,,0.2286,366.3161,9.5524,25.7049,0.3212,0.5842
J0404403,魚貝類,日本花鱸((8月),"樣品狀態:生; 前處理描述:去鱗,去皮,去頭尾,去內臟及骨刺,混合均勻打碎","七星鱸,花鱸,青鱸,鱸魚,日本真鱸",63.0,95.3352,95.3352,76.858,18.968,1.59,0.4942,1.4975,,,56.924,,0.28,360.859,7.1658,28.7838,0.3697,0.4567
J0404404,魚貝類,日本花鱸((11月),"樣品狀態:生; 前處理描述:去鱗,去皮,去頭尾,去內臟及骨刺,混合均勻打碎","七星鱸,花鱸,青鱸,鱸魚,日本真鱸",60.0,99.1356,99.1356,76.99,20.534,1.27,0.3712,0.0894,,,63.74,,0.108,394.64,27.34,34.91,0.268,0.462
J0404405,魚貝類,日本花鱸((12月),"樣品狀態:生; 前處理描述:去鱗,去皮,去頭尾,去內臟及骨刺,混合均勻打碎","七星鱸,花鱸,青鱸,鱸魚,日本真鱸",56.5,100.5461,100.5461,76.87,19.618,1.86,0.5379,0.4023,,,77.93,,0.12,414.04,25.18,32.62,0.42,0.595
J0404501,魚貝類,日本花鱸(含皮),"樣品狀態:生; 前處理描述:去鱗,含皮,去頭尾,去內臟及骨刺,混合均勻打碎","七星鱸,花鱸,青鱸,鱸魚,日本真鱸",50.4,111.1384,111.1384,75.8,19.2,3.2322,1.0537,0.7678,,0.0,55.0,,0.107,396.0,3.0,23.0,0.3,0.4
J0404601,魚貝類,白鱸,"樣品狀態:生; 前處理描述:去鱗,含皮,去頭尾,去內臟及骨刺,混合均勻打碎",,63.0,76.481,76.481,79.8,17.7,0.1,0.035,1.0,,,55.0,,0.404,432.0,4.0,27.0,0.6,0.4
J0404701,魚貝類,條紋狼鱸,"樣品狀態:生,已去鱗及內臟; 前處理描述:去皮,去頭尾及骨刺,混合均勻打碎",,52.0,146.8154,146.8154,73.556,21.3585,6.1657,1.5854,0.0,,0.2493,68.6124,,0.216,295.0001,16.9232,23.5322,1.3374,0.8764
J0404801,魚貝類,鱖,"樣品狀態:生; 前處理描述:去鱗,去皮,去頭尾,去內臟及骨刺,混合均勻打碎",,64.4,89.3019,89.3019,80.315,17.678,1.5318,0.5467,0.0,,0.0,46.565,,0.221,264.844,15.714,23.709,0.0,0.593
J0404901,魚貝類,白緣星鱠,"樣品狀態:生; 前處理描述:去鱗,去皮,去頭尾,去內臟及骨刺,混合均勻打碎","闊嘴格仔,鱠,過魚,石斑,紅朱鱠(臺東),粉條(澎湖)",50.5,101.0135,101.0135,78.191,19.933,1.7627,0.823,0.0,,0.0,70.279,,0.125,369.703,13.094,27.243,0.151,0.349
J04050,魚貝類,青星九刺鮨平均值,"樣品狀態:生; 前處理描述:去鱗,含皮,去頭尾,去內臟及骨刺,混合不同部位","紅鱠(條/格),七星斑,紅格仔,過(鯌/髻/郭)魚,石斑,條舅,青星九棘鱸,仔石斑,夕鱠",62.0,93.5025,93.5025,77.971,20.927,0.4595,0.2062,0.0,,0.0,45.8065,,0.2155,471.1035,5.565,32.2355,0.15,0.355
J0405001,魚貝類,青星九刺鮨,"樣品狀態:生; 前處理描述:去鱗,含皮,去頭尾,去內臟及骨刺,混合均勻打碎","紅鱠,紅格仔,過魚,石斑,條舅,紅條,鱠仔(臺東)",62.0,83.313,83.313,78.8,19.3,0.1,0.038,0.5,,,47.0,,0.212,515.0,4.0,34.0,0.3,0.4
J0405002,魚貝類,青星九刺鮨魚片,樣品狀態:生; 前處理描述:混合均勻打碎,"紅鱠,紅格仔,過魚,石斑,條舅,紅條,鱠仔(臺東)",,103.6921,103.6921,77.142,22.554,0.8189,0.4236,0.0,,0.0,44.613,,0.219,427.207,7.13,30.471,0.0,0.31
J0405101,魚貝類,斑帶石斑魚,"樣品狀態:生,已去鱗及內臟; 前處理描述:去頭尾,骨刺及魚皮,混合均勻打碎","石斑,過魚,罔仔,竹節鱠,擬青石斑魚",63.5,90.4736,90.4736,79.567,20.181,0.4768,0.22,0.0,,0.0,90.984,,0.144,308.571,18.514,25.331,0.0,0.496
J0405102,魚貝類,龍虎石斑魚,"樣品狀態:生; 前處理描述:去鱗,含皮,去頭尾,去內臟及骨刺,混合均勻打碎","龍虎斑,巴龍膽,珍珠龍膽,虎膽",63.0,121.7781,121.7781,73.289,20.573,3.7618,0.982,1.1661,0.0,0.119,68.94,0.0148,0.1515,430.41,24.153,31.75,0.0,0.63
J0405201,魚貝類,斑點九刺鮨(去皮),"樣品狀態:生,已去鱗片及內臟; 前處理描述:去皮,去頭尾及骨刺,混合均勻打碎","眼斑鱠,過魚,石斑,油鱠,青貓,黑鱠僅,黑鱠仔(澎湖)",59.4,81.6928,81.6928,78.871,18.801,0.1566,,0.9202,,0.0,156.803,,0.085,395.93,16.817,32.266,0.0,0.573
J0405301,魚貝類,斑點九刺鮨(含皮),"樣品狀態:生; 前處理描述:去鱗,含皮,去頭尾,去內臟及骨刺,混合均勻打碎","眼斑鱠,過魚,石斑,油鱠,青貓,黑鱠僅,黑鱠仔(澎湖)",68.8,83.7875,83.7875,79.85,19.39,0.11,0.0597,0.0,,,58.97,,0.087,370.72,5.5,29.088,0.46,0.4
J0405401,魚貝類,棕點石斑魚,"樣品狀態:生,已去鱗片及內臟; 前處理描述:去皮,去頭尾及骨刺,混合均勻打碎","老虎斑,過魚",60.0,115.2697,115.2697,76.926,19.083,3.7456,1.4416,0.0,,0.0,78.821,,0.165,409.37,12.85,29.436,0.943,0.026
J0405501,魚貝類,鞍帶石斑魚片,樣品狀態:生; 前處理描述:混合均勻打碎,"龍膽石斑,過魚,槍頭石斑魚,倒吞鱟,鴛鴦鱠,龍躉(香港)",,155.3576,155.3576,71.365,19.112,8.1762,2.8506,0.2161,,0.0,118.325,,0.169,292.005,11.058,24.826,0.257,1.352
J0405601,魚貝類,駝背鱸,"樣品狀態:生; 前處理描述:去鱗,含皮,去頭尾,去內臟及骨刺,混合均勻打碎","老鼠斑,鰵魚,烏丸稅,尖嘴鱠仔,觀音鱠,斟鰻鱠(澎湖)",59.0,82.699,82.699,80.1,18.1,0.6,0.2618,0.0,,,93.0,,0.098,375.0,24.0,30.0,0.2,0.6
J0405701,魚貝類,橫紋九刺鮨,"樣品狀態:生,已去鱗及內臟; 前處理描述:去皮,去頭尾及骨刺,混合均勻打碎","橫帶鱠,過魚,石斑,黑貓仔,黑絲貓,竹鱠仔,黑青貓仔(澎湖),烏絲(香港)",62.7,85.3076,85.3076,80.123,19.25,0.3448,0.1499,0.0,,0.0,80.918,,0.105,294.819,20.102,26.504,0.0,0.358
J0405801,魚貝類,大口黑鱸,"樣品狀態:生,已去鱗及內臟; 前處理描述:去鱗,去皮,去頭尾,去內臟及骨刺,混合均勻打碎","黑鱸,加州鱸,淡水鱸",47.4,129.9823,129.9823,75.446,20.684,4.6188,1.1772,0.0,,,101.0996,,0.174,361.6961,16.8606,29.9099,1.2328,0.7621
J0405901,魚貝類,日本紅目大眼鯛,"樣品狀態:生; 前處理描述:去鱗,含皮,去頭尾,內臟及骨刺,混合均勻打碎","紅目鰱,嚴公仔,大目仔(臺東),紅目孔(澎湖),嚴公舅(澎湖)",60.0,97.222,97.222,79.3,19.6,1.5,0.498,0.0,,,63.0,,0.207,369.0,12.0,31.0,0.4,0.3
J0406001,魚貝類,血斑異大眼鯛,"樣品狀態:生; 前處理描述:去鱗,去皮,去頭尾,去內臟及骨刺,混合均勻打碎","紅目鰱,嚴公仔",66.0,93.374,93.374,77.7,20.6,0.6,0.2436,0.0,,,119.0,,0.142,326.0,7.0,29.0,0.3,0.3
J0406101,魚貝類,多鱗沙鮻,"樣品狀態:生; 前處理描述:去鱗,含皮,去頭尾,去內臟及骨刺,混合均勻打碎","沙腸仔,kiss 魚",46.0,90.246,90.246,78.2,18.6,1.2,0.4698,0.6,,,96.0,,0.112,291.0,54.0,33.0,0.3,0.6
J0406201,魚貝類,日本馬頭魚,"樣品狀態:生; 前處理描述:去鱗,含皮,去頭尾,去內臟及骨刺,混合均勻打碎","馬頭,方頭魚,吧唄,紅尾,吧口弄,紅馬頭,紅甘鯛",59.9,85.071,85.071,79.56,18.74,0.56,0.2093,0.0,,,85.88,,0.073,393.85,9.27,30.89,0.34,0.45
J0406301,魚貝類,白馬頭魚,"樣品狀態:生; 前處理描述:去鱗,含皮,去頭尾,去內臟及骨刺,混合均勻打碎","馬頭,方頭魚,馬頭,方頭魚,白馬頭,拉崙(澎湖),白甘鯛",68.0,91.004,91.004,78.4,19.2,1.0,0.4084,0.1,,,63.0,,0.132,431.0,9.0,34.0,0.3,0.4
J0406401,魚貝類,鬼頭刀魚片,樣品狀態:生; 前處理描述:混合均勻打碎,"鱰魚,萬魚,飛烏虎,鬼頭刀(臺東),鱰,萬引,扁頭刀(澎湖),九萬仔(澎湖)",,77.7927,77.7927,81.336,17.237,0.4646,0.1608,0.0378,,0.029,177.842,,0.327,126.898,13.004,24.949,0.711,0.393
J0406501,魚貝類,鬼頭刀,"樣品狀態:生; 前處理描述:去鱗,含皮,去頭尾,去內臟及骨刺,混合均勻打碎","鱰魚,萬魚,飛烏虎,鬼頭刀(臺東),鱰,萬引,扁頭刀(澎湖),九萬仔(澎湖)",55.0,106.616,106.616,76.0,21.8,1.5,0.4713,0.0,,,55.0,,0.211,474.0,6.0,29.0,0.7,0.3
J0406601,魚貝類,海鱺,"樣品狀態:生; 前處理描述:去鱗,去皮,去頭尾,去內臟及骨刺,混合均勻打碎","海麗仔,軍曹魚,海龍魚,黑魽,海麗(臺東),海魚戾魚,錫臘白,海鱺/鱺魚/紅目鱺(澎湖)",54.0,106.05,106.05,77.4,20.4,2.1,1.0681,0.0,,,131.0,,0.092,323.0,6.0,31.0,0.3,0.5
J0406602,魚貝類,海鱺魚片,"樣品狀態:生; 前處理描述:去皮及骨刺,混合均勻打碎","海麗仔,軍曹魚,海龍魚,黑魽,海麗(臺東),海魚戾魚,錫臘白,海鱺/鱺魚/紅目鱺(澎湖)",34.8,264.0129,264.0129,61.153,19.317,20.1252,7.2429,0.0,,0.051,49.952,,0.453,376.797,6.587,26.744,0.0,0.371
J0406701,魚貝類,大口逆鈎鰺,"樣品狀態:生; 前處理描述:去鱗,含皮,去頭尾,去內臟及骨刺,混合均勻打碎","七星仔,棘蔥仔,鬼平,龜濱,龜柄,油面仔(臺東),歸秉/龜秉/肥柄(澎湖)",53.0,103.008,103.008,75.5,21.8,1.1,0.4577,0.1,,,54.0,,0.433,596.0,2.0,35.0,0.8,0.4
J0406801,魚貝類,大甲鰺,"樣品狀態:生; 前處理描述:去鱗,含皮,去頭尾,去內臟及骨刺,混合均勻打碎","鐵甲,扁甲,大目巴攏,大甲鰺",55.0,104.956,104.956,74.8,21.2,1.6,0.6584,0.4,,,90.0,,0.274,365.0,136.0,37.0,2.0,0.9
J0406901,魚貝類,日本竹筴魚,"樣品狀態:生; 前處理描述:去鱗,去皮,去頭尾,去內臟及骨刺,混合均勻打碎","巴攏,竹莢魚,瓜仔魚,真鰺,巴蘭,瓜魚,巴弄/硬尾(澎湖),黑尾",51.6,116.3594,116.3594,74.497,23.01,2.0074,0.7125,0.0,,0.0,88.103,,0.687,388.443,72.868,46.486,1.429,0.533
J0407001,魚貝類,布氏鯧鰺(去皮),"樣品狀態:生; 前處理描述:去鱗,去皮,去頭尾,去內臟及骨刺,混合均勻打碎","金槍,金鯧,紅杉,紅沙瓜仔,長鰭黃臘鰺,甘仔魚(臺東),紅紗(澎湖)",56.4,191.8116,191.8116,67.249,20.271,11.669,4.0077,0.0,,0.0,49.435,,0.445,324.946,21.088,25.413,0.603,1.197
J0407101,魚貝類,布氏鯧鰺(含皮),"樣品狀態:生; 前處理描述:去鱗,含皮,去頭尾,去內臟及骨刺,混合均勻打碎","金槍,金鯧,紅杉,紅沙瓜仔,長鰭黃臘鰺,甘仔魚(臺東),紅紗(澎湖)",38.0,190.181,190.181,69.6,17.5,12.8,5.4835,0.0,,,36.0,,0.232,305.0,20.0,24.0,0.8,0.7
J0407201,魚貝類,杜氏鰤,"樣品狀態:生; 前處理描述:去鱗,含皮,去頭尾,去內臟及骨刺,混合均勻打碎","紅甘,紅甘鰺,竹午,汕午,紅頭午",41.5,115.0281,115.0281,74.135,21.89,2.39,0.9234,0.23,,,40.94,,0.4611,451.865,7.0,33.605,0.785,0.53
J0407202,魚貝類,長鰭鰤魚,"樣品狀態:生; 前處理描述:去鱗,含皮,去頭尾,去內臟及骨刺,混合均勻打碎,","油甘,黃尾鰺,甘仔,扁午,扁甘,柴魽",55.7,114.4082,114.4082,71.09,22.763,1.908,0.9024,2.668,0.0,0.084,87.23,0.0221,0.3729,446.05,102.56,38.99,1.54,1.73
J0407301,魚貝類,范氏副葉鰺,"樣品狀態:生,已去鱗及內臟; 前處理描述:去皮,去頭尾,去骨刺,混合均勻打碎",甘仔魚,51.6,108.333,108.333,73.375,20.941,2.097,1.0235,2.0759,,0.0,61.731,,0.464,436.233,8.794,33.641,0.0,0.52
J0407401,魚貝類,泰勃圓鰺,"樣品狀態:生; 前處理描述:去鱗,含皮,去頭尾,去內臟及骨刺,混合均勻打碎",硬尾,57.1,112.5619,112.5619,72.83,22.77,1.7,0.5592,1.36,,,61.64,,0.5945,385.12,5.34,31.35,2.89,0.77
J0407501,魚貝類,烏鯧,"樣品狀態:生; 前處理描述:去鱗,含皮,去頭尾,去內臟及骨刺,混合均勻打碎","烏昌,三角昌,昌鼠魚,黑鯧,暗鯧,黑鰭,燕尾鯧",40.6,94.1662,94.1662,78.0,20.4,0.7825,0.3716,0.0,,0.055,114.0,,0.176,608.0,8.0,31.0,0.6,0.6
J0407601,魚貝類,無斑圓鰺,"樣品狀態:生; 前處理描述:去鱗,去皮,去頭尾,去內臟及骨刺,混合均勻打碎","紅瓜魚,巴攏,紅扁鰺,赤尾仔(臺東),赤尾,馬尾冬,紅瓜鰺,紅尾巴弄(澎湖)",56.0,119.191,119.191,73.5,23.9,1.9,0.7463,0.0,,,130.0,,0.511,177.0,7.0,35.0,1.0,0.6
J0407701,魚貝類,藍圓鰺,"樣品狀態:生; 前處理描述:去鱗,含皮,去頭尾,去內臟及骨刺,混合均勻打碎","硬尾,廣仔,甘廣,四破,巴攏,金鼓,吧弄,巴弄/孔仔(澎湖)",49.0,114.097,114.097,73.283,24.0125,1.282,0.5228,0.0,,0.804,57.2585,,0.4718,389.9985,11.502,36.3175,1.2975,0.961
J0407801,魚貝類,雙帶鰺,"樣品狀態:生; 前處理描述:去鱗,含皮,去頭尾,去內臟及骨刺,混合均勻打碎","海草,拉侖,拉崙/柴魚/青甘(澎湖)",39.0,118.15,118.15,74.4,22.6,2.4,0.9792,0.0,,,43.0,,0.332,500.0,864.0,31.0,1.0,0.8
J0407901,魚貝類,眼眶魚,"樣品狀態:生; 前處理描述:去鱗,含皮,去頭尾,去內臟及骨刺,混合均勻打碎","皮刀,眼眶魚,庖刀魚,皮鞋刀,菜刀魚,剃頭刀(澎湖)",57.0,112.6255,112.6255,75.55,20.25,2.9,1.2663,0.2,,,108.0,,0.2845,261.0,8.5,30.5,1.65,1.0
J0408001,魚貝類,斯氏長鰭烏魴,"樣品狀態:生; 前處理描述:去鱗,含皮,去頭尾,去內臟及骨刺,混合均勻打碎","深海三角仔,黑飛刀,黑皮刀,三角仔(臺東),大鱗烏鯧(澎湖)",60.0,96.55,96.55,76.0,22.4,0.1,0.0323,0.0,,,40.0,,0.824,439.0,2.0,32.0,0.8,0.3
J0408101,魚貝類,史氏紅諧魚,"樣品狀態:生,已去鱗及內臟; 前處理描述:去皮,去頭尾,骨刺,混合均勻打碎","紅鰱魚,紅肉欉仔,紅嘴唇仔,紅唇仔,紅魚仔,白肉蒜,紅肉蒜",49.5,96.6845,96.6845,77.471,21.133,0.7147,0.2498,0.0,,0.0,74.605,,0.618,392.339,11.293,30.692,0.0,0.498
J0408201,魚貝類,希氏姬鯛,"樣品狀態:生; 前處理描述:去鱗,含皮,去頭尾,去內臟及骨刺,混合均勻打碎","鎖吾,散午,紅魚仔,紅臭魚仔,紅臭魚(臺東),白肉蒜",52.3,90.9136,90.9136,77.04,21.08,0.1,0.0313,0.48,,,56.57,,0.391,433.37,3.37,31.05,2.01,0.42
J0408301,魚貝類,赤鰭笛鯛,"樣品狀態:生; 前處理描述:去鱗,含皮,去頭尾,去內臟及骨刺,混合均勻打碎","紅雞仔,赤海雞,赤筆仔(臺東),赤筆,赤海,紅魚,紅鰭赤海/鐵汕婆(澎湖)",55.0,88.01,88.01,78.8,20.4,0.1,,0.0,,,91.0,,0.311,404.0,12.0,32.0,0.4,0.4
J0408401,魚貝類,孟加拉笛鯛,"樣品狀態:生; 前處理描述:去鱗,含皮,去頭尾,去內臟及骨刺,混合均勻打碎","赤筆仔,黃雞母(澎湖)",65.4,87.2509,87.2509,78.7,19.842,0.28,0.116,0.038,,,62.44,,0.1964,344.75,29.93,223.11,1.01,0.5
J0408501,魚貝類,前鱗笛鯛,"樣品狀態:生,已去鱗及內臟; 前處理描述:去皮,去頭尾,去骨刺,混合均勻打碎",赤筆仔,50.9,101.2821,101.2821,74.915,21.997,0.8154,0.4309,0.9059,,0.0,60.374,,0.322,396.775,16.88,32.908,0.0,0.462
J0408601,魚貝類,馬拉巴笛鯛,"樣品狀態:生; 前處理描述:去鱗,含皮,去頭尾,去內臟及骨刺,混合均勻打碎","赤海,赤筆仔",68.4,86.2967,86.2967,79.17,20.21,0.0,0.0,0.0,,,95.5,,0.631,436.08,5.3,32.21,0.72,0.44
J0408701,魚貝類,單斑笛鯛,"樣品狀態:生; 前處理描述:去鱗,含皮,去頭尾,去內臟及骨刺,混合均勻打碎","點記,黑點仔,黃翅,赤筆仔,點誌仔,龍王(臺東)",59.0,105.527,105.527,76.8,20.7,1.9,0.8094,0.0,,,45.0,,0.338,416.0,4.0,33.0,0.5,0.4
J0408801,魚貝類,黃擬烏尾鮗,"樣品狀態:生; 前處理描述:去鱗,含皮,去頭尾,去內臟及骨刺,混合均勻打碎","黃雞仔,包公雞,貢仔,黃腳佳仔,黃加甲(臺東),烏尾冬/青雞仔(澎湖)",58.7,80.3427,80.3427,79.57,18.71,0.05,0.0181,0.27,,,81.68,,0.1214,457.04,8.89,37.18,0.46,0.42
J0408901,魚貝類,葉唇笛鯛,"樣品狀態:生; 前處理描述:去鱗,去皮,去頭尾,去內臟及骨刺,混合均勻打碎","厚唇仔,紅魚",64.1,118.11,118.11,77.073,19.944,3.6529,1.6671,0.0,,0.0,75.185,,0.17,302.259,90.915,29.707,0.217,0.509
J0409001,魚貝類,松鯛,"樣品狀態:生; 前處理描述:去鱗,含皮,去頭尾,去內臟及骨刺,混合均勻打碎","打鐵婆,枯葉,石鯽,睡魚,庫羅黛,睏魚,海南洋仔,南洋鱸魚,海吳郭,流魚/柴魚/打鐵鱸(澎湖)",47.0,98.46,98.46,78.2,18.2,2.3,1.0095,0.1,,,76.0,,0.136,401.0,5.0,27.0,0.5,0.5
J0409101,魚貝類,三線磯鱸,"樣品狀態:生; 前處理描述:去鱗,含皮,去頭尾,去內臟及骨刺,混合均勻打碎","三線雞魚,黃雞仔,雞仔魚,番仔加誌,黃公仔魚,黃雞魚,三爪仔,雞魚(澎湖),青筆",51.0,129.838,129.838,73.7,19.0,5.4,2.3279,0.6,,,58.0,,0.188,372.0,7.0,30.0,0.6,0.4
J0409201,魚貝類,星雞魚,"樣品狀態:生; 前處理描述:去鱗,含皮,去頭尾,去內臟及骨刺,混合均勻打碎","雞仔魚,石鱸,厚鱸,頭額/金龍/刣額(澎湖)",60.0,98.5202,98.5202,76.703,20.58,1.18,0.5374,0.387,,,73.27,,0.3555,427.71,5.64,28.69,0.72,0.454
J0409301,魚貝類,密點少棘胡椒鯛,"樣品狀態:生; 前處理描述:去鱗,含皮,去頭尾,去內臟及骨刺,混合均勻打碎","雞仔魚,加志,少棘石鱸,圭誌/烏嘉誌(澎湖)",61.0,94.089,94.089,78.4,19.5,1.2,0.5123,0.0,,,74.0,,1.302,426.0,4.0,28.0,0.4,0.5
J0409401,魚貝類,金線魚,"樣品狀態:生; 前處理描述:去鱗,去皮,去頭尾,去內臟及骨刺,混合均勻打碎","金線鰱,黃線,紅杉",57.0,119.009,119.009,76.3,20.9,3.3,1.4517,0.0,,,103.0,,0.182,329.0,21.0,31.0,0.2,0.3
J0409501,魚貝類,青嘴龍占魚,"樣品狀態:生,已去鱗片及內臟; 前處理描述:去皮,去頭尾及骨刺,混合均勻打碎","龍尖,龍占,青嘴仔,青嘴/尖嘴仔(澎湖)",53.5,127.8757,127.8757,73.336,22.689,3.4361,1.2097,0.0,,0.0,86.697,,0.685,480.778,311.322,36.768,0.967,0.923
J0409601,魚貝類,網紋龍占魚,"樣品狀態:生; 前處理描述:去鱗,含皮,去頭尾,去內臟及骨刺,混合均勻打碎","龍尖,龍占(臺東)",51.0,101.228,101.228,77.05,21.7,0.95,0.3777,0.0,,,89.5,,0.204,416.5,30.0,32.5,0.35,0.5
J0409701,魚貝類,平鯛,"樣品狀態:生(養殖),已去鱗片及內臟; 前處理描述:去頭尾及骨刺,混合均勻打碎","黃錫鯛,枋頭,邦頭/枋頭/白嘉鱲(澎湖)",51.2,158.3373,158.3373,69.64,21.027,7.6,1.9063,0.5007,0.0,0.0,31.65,0.0156,0.35,498.21,12.87,30.13,0.56,0.84
J0409801,魚貝類,阿部牙鯛,"樣品狀態:生; 前處理描述:去鱗,去皮,去頭尾,去內臟及骨刺,混合均勻打碎","赤鯮,阿部赤鯮",68.4,123.7062,123.7062,75.112,18.861,4.786,1.9101,0.0051,,,64.505,,0.334,405.3335,12.0992,38.4927,0.1751,0.6928
J04099,魚貝類,真鯛平均值(去皮),"樣品狀態:生; 前處理描述:去鱗,去皮,去頭尾,去內臟及骨刺,混合均勻打碎","嘉鱲魚,正鯛,加臘,加蚋,加魶,真鯛,加幾魚,銅盆魚,棘鬣魚",61.7,110.0982,110.0982,75.5115,20.5763,2.4653,0.9273,0.1747,,,59.7487,,0.3539,426.7606,9.1447,31.3515,0.4626,0.5169
J0409901,魚貝類,真鯛(1月),"樣品狀態:生; 前處理描述:去鱗,去皮,去頭尾,去內臟及骨刺,混合均勻打碎","嘉鱲魚,正鯛,加臘,加蚋,加魶,真鯛,加幾魚,銅盆魚,棘鬣魚",64.0,100.0216,100.0216,76.34,20.112,1.568,0.5688,0.7276,,,54.228,,0.1334,380.0497,11.148,31.635,0.5603,1.1753
J0409902,魚貝類,真鯛(3月),"樣品狀態:生; 前處理描述:去鱗,去皮,去頭尾,去內臟及骨刺,混合均勻打碎","嘉鱲魚,正鯛,加臘,加蚋,加魶,真鯛,加幾魚,銅盆魚,棘鬣魚",66.0,100.6184,100.6184,75.961,20.801,1.308,0.4603,0.7257,,,63.6329,,0.3452,405.9457,9.465,24.2727,0.4348,0.4221
J0409903,魚貝類,真鯛(5月),"樣品狀態:生; 前處理描述:去鱗,去皮,去頭尾,去內臟及骨刺,混合均勻打碎","嘉鱲魚,正鯛,加臘,加蚋,加魶,真鯛,加幾魚,銅盆魚,棘鬣魚",61.0,86.7392,86.7392,78.85,20.02,0.139,0.0534,0.0,,,64.0466,,0.273,441.5395,9.9369,34.2864,0.8456,0.36
J0409904,魚貝類,真鯛(8月),"樣品狀態:生; 前處理描述:去鱗,去皮,去頭尾,去內臟及骨刺,混合均勻打碎","嘉鱲魚,正鯛,加臘,加蚋,加魶,真鯛,加幾魚,銅盆魚,棘鬣魚",60.4,175.992,175.992,66.728,20.584,9.767,3.9681,1.672,,,50.8249,,0.397,451.0284,8.4285,31.4751,0.363,0.484
J0409905,魚貝類,真鯛(9月),"樣品狀態:生; 前處理描述:去鱗,去皮,去頭尾,去內臟及骨刺,混合均勻打碎","嘉鱲魚,正鯛,加臘,加蚋,加魶,真鯛,加幾魚,銅盆魚,棘鬣魚",55.0,92.232,92.232,78.1,21.6,0.0,,0.0,,,60.0,,0.667,425.0,7.0,33.0,0.2,0.3
J0409906,魚貝類,真鯛(11月),"樣品狀態:生; 前處理描述:去鱗,去皮,去頭尾,去內臟及骨刺,混合均勻打碎","嘉鱲魚,正鯛,加臘,加蚋,加魶,真鯛,加幾魚,銅盆魚,棘鬣魚",64.0,104.9863,104.9863,77.09,20.341,2.01,0.7544,0.0,,,65.76,,0.308,457.0,8.89,33.44,0.372,0.36
J0410001,魚貝類,黃鰭棘鯛,"樣品狀態:生; 前處理描述:去鱗,去皮,去頭尾,去內臟及骨刺,混合均勻打碎","黃鰭鯛,黃鰭,赤翅仔,赤翅,花身,鏡鯛",61.0,136.2839,136.2839,73.04,19.221,6.01,1.8579,0.5923,,,70.23,,0.2158,379.3,27.62,30.26,0.472,0.678
J0410101,魚貝類,黑棘鯛(去皮),"樣品狀態:生; 前處理描述:去鱗,去皮,去頭尾,去內臟及骨刺,混合均勻打碎","黑鯛,烏格,黑格,厚唇,烏毛,烏鱠,黑頰(澎湖)",59.6,136.2896,136.2896,72.377,20.287,5.506,1.5654,0.5781,,,45.8414,,0.261,465.8648,8.921,25.3384,0.9684,0.8974
J0410201,魚貝類,黑棘鯛(含皮),"樣品狀態:生; 前處理描述:去鱗,含皮,去頭尾,去內臟及骨刺,混合均勻打碎","黑鯛,烏格,黑格,厚唇,烏毛,烏鱠,黑頰(澎湖)",50.5,164.5605,164.5605,70.7,19.5,9.0128,2.5301,0.0,,0.054,66.0,,0.22,367.0,7.0,9.0,0.9,0.8
J0410301,魚貝類,多鱗四指馬鮁,"樣品狀態:生; 前處理描述:去鱗,含皮,去頭尾,去內臟及骨刺,混合均勻打碎","四絲馬鮁,四指馬鮁,竹午,大午,午仔,鬚午仔/發鬚午仔(澎湖)",46.5,145.905,145.905,72.805,18.9695,7.1957,2.5905,0.0,,,69.0846,,0.166,373.0308,18.7453,31.9746,0.6042,0.727
J0410401,魚貝類,大黃魚,"樣品狀態:生; 前處理描述:去鱗,去皮,去頭尾,去內臟及骨刺,混合均勻打碎","黃魚,黃瓜,黃花魚,黃口,火口,大黃花",65.0,142.1148,142.1148,74.336,16.78,7.812,2.9288,0.1612,,,39.8452,,0.1529,280.4912,7.7638,20.0652,0.3215,0.5575
J0410501,魚貝類,小黃魚(去皮),"樣品狀態:生; 前處理描述:去鱗,去皮,去頭尾,去內臟及骨刺,混合均勻打碎","黃魚,小黃瓜,厚鱗仔,黃口,黃順,黃瓜,紅瓜",57.0,99.832,99.832,77.7,20.0,1.6,0.6336,0.0,,,92.0,,0.501,257.0,11.0,11.0,0.2,0.5
J0410601,魚貝類,小黃魚(含皮),"樣品狀態:生; 前處理描述:去鱗,含皮,去頭尾,去內臟及骨刺,混合均勻打碎","黃魚,小黃瓜,厚鱗仔,黃口,黃順,黃瓜,紅瓜",58.9,100.0758,100.0758,77.67,19.36,1.93,0.6079,0.0,,,76.37,,0.2352,317.28,6.41,30.125,0.51,0.38
J0410701,魚貝類,白姑魚,"樣品狀態:生; 前處理描述:去鱗,含皮,去頭尾,去內臟及骨刺,混合均勻打碎","白口,帕頭,黃順,加網(澎湖)",47.0,96.512,96.512,78.2,18.8,1.8,0.8451,0.0,,,85.0,,0.117,332.0,33.0,33.0,0.5,0.7
J0410801,魚貝類,眼斑擬石首魚,"樣品狀態:生,已去鱗及內臟; 前處理描述:去皮,去頭尾及骨刺,混合均勻打碎",紅鼓魚,53.2,94.5811,94.5811,77.025,19.701,1.1594,0.3576,0.8861,,,70.9798,,0.391,427.5529,12.5956,27.0212,0.8377,0.6317
J0410901,魚貝類,黃姑魚,"樣品狀態:生; 前處理描述:去鱗,含皮,去頭尾,去內臟及骨刺,混合均勻打碎","春子,假黃魚,黃婆,紅花(臺南安平)",69.7,88.9668,88.9668,79.76,19.42,0.67,0.2425,0.0,,,71.18,,0.184,375.38,55.41,33.63,0.46,0.49
J0411001,魚貝類,黑䱛,"樣品狀態:生; 前處理描述:去鱗,含皮,去頭尾,去內臟及骨刺,混合均勻打碎","黑口,烏喉,黑喉(臺東),加正,烏加網,黑喉,臭魚",52.9,149.0819,149.0819,71.42,17.93,8.04,3.1359,1.24,,,55.8,,0.2562,360.21,21.8,214.89,1.05,0.452
J0411101,魚貝類,鮸,"樣品狀態:生; 前處理描述:去鱗,去皮,去頭尾,去內臟及骨刺,混合均勻打碎","鮸仔,敏魚,米魚,水鮸仔",57.3,103.6202,103.6202,76.671,23.312,0.4521,0.1583,0.0,,0.0,51.898,,0.351,405.776,10.947,31.314,0.0,0.747
J0411201,魚貝類,鱗鰭叫姑魚,"樣品狀態:生; 前處理描述:去鱗,含皮,去頭尾,去內臟及骨刺,混合均勻打碎","春子,油口/臭肚仔/金線加網(澎湖)",48.0,99.314,99.314,77.4,18.4,2.3,1.1748,0.3,,,78.0,,0.052,341.0,80.0,33.0,0.6,0.5
J0411301,魚貝類,黑斑海緋鯉,"樣品狀態:生; 前處理描述:去鱗,含皮,去頭尾,去內臟及骨刺,混合均勻打碎","秋姑,鬚哥,黑點秋哥/外海秋哥(澎湖)",55.0,96.512,96.512,79.1,18.8,1.8,0.805,0.0,,,55.0,,0.19,447.0,4.0,32.0,0.6,0.3
J0411401,魚貝類,斑點雞籠鯧,"樣品狀態:生; 前處理描述:去鱗,含皮,去頭尾,去內臟及骨刺,混合均勻打碎","銅盤仔,鏡鯧,金鏡,定盤,咬破埔,金鐘(澎湖)",56.5,96.8622,96.8622,79.01,21.945,0.35,0.1443,0.0,,,71.15,,0.3856,400.74,8.56,227.39,1.63,0.912
J0411501,魚貝類,花身鯻,"樣品狀態:生; 前處理描述:去鱗,含皮,去頭尾,去內臟及骨刺,混合均勻打碎","花身仔,斑吾,雞仔魚,三抓仔,花身鯻,邦五/斑午/兵舅仔/斑龜仔(澎湖)",62.0,157.229,157.229,72.0,19.5,8.2,2.8101,0.0,,,60.0,,0.409,389.0,36.0,29.0,0.5,0.8
J0411601,魚貝類,花尾唇指翁(翁加魚邊),"樣品狀態:生; 前處理描述:去鱗,含皮,去頭尾,去內臟及骨刺,混合均勻打碎","咬破布,三康,金花,萬年瘦,瘦仔/蝨鬢(澎湖)",64.3,115.5321,115.5321,74.68,19.79,3.44,1.3443,0.63,,,71.04,,0.1346,389.4,4.97,33.7,0.61,0.51
J0411701,魚貝類,尼羅口孵非鯽(去皮),"樣品狀態:生; 前處理描述:去鱗,去皮,去頭尾,去內臟及骨刺,混合均勻打碎","南洋鯽仔,尼羅吳郭魚",57.7,112.9338,112.9338,76.298,20.356,2.884,0.8358,0.0,,,62.2255,,0.2753,372.1595,67.5139,34.9208,0.6504,0.9399
J0411801,魚貝類,尼羅口孵非鯽(含皮),"樣品狀態:生; 前處理描述:去鱗,含皮,去頭尾,去內臟及骨刺,混合均勻打碎","南洋鯽仔,尼羅吳郭魚",64.1,124.978,124.978,75.015,19.425,4.66,1.5157,0.0,,,41.645,,0.2032,450.595,6.785,29.9215,0.48,0.59
J0411802,魚貝類,尼羅口孵非鯽(含皮)(2022年取樣),"樣品狀態:生; 前處理描述:去鱗,含皮,去頭尾,去內臟及骨刺,混合均勻打碎","南洋鯽仔,尼羅吳郭魚",61.5,121.8411,121.8411,71.7,20.386,3.8573,1.0447,2.9732,0.0,0.0,61.66,0.015,0.08,347.42,16.94,29.93,0.0,0.7
J0411901,魚貝類,花身副麗魚,"樣品狀態:生; 前處理描述:去鱗,去皮,去頭尾,去內臟及骨刺,混合均勻打碎","珍珠石斑,淡水石斑,馬拉麗體魚",62.1,112.4657,112.4657,76.057,17.665,4.106,1.4428,1.0753,,,49.1328,,0.12,335.6766,13.5513,31.9021,0.4362,1.2739
J0412001,魚貝類,紅色吳郭魚,"樣品狀態:生,去鱗及內臟; 前處理描述:去皮,去頭尾及骨刺,混合均勻打碎","尼羅魚;台灣鯛,紅色尼羅魚,姬鯛,紅吳郭魚,濱鯛",60.7,107.8461,107.8461,76.088,18.268,3.3084,1.0894,1.2726,,,67.7792,,0.306,309.8291,10.3663,25.6031,0.0,0.5588
J0412002,魚貝類,台灣鯛魚片(生),"樣品狀態:生,冷凍包裝; 前處理描述:混合均勻打碎",,,109.8465,109.8465,74.7685,18.1545,3.5839,1.0402,2.5148,,,46.0712,,0.247,340.5441,14.335,27.4463,0.1904,0.9384
J0412003,魚貝類,台灣鯛魚片(生)(2021年),"樣品狀態:生,冷凍包裝; 前處理描述:混合均勻打碎",,0.0,109.3707,109.3707,75.974,17.884,3.6592,1.3234,1.549,0.0,0.11,30.96,0.0166,0.1619,269.5,7.26,25.21,0.0,0.56
J0412101,魚貝類,台灣鯛魚片(水煮),"前處理描述:魚片解凍後,切小塊放入1000mL之水中以中小火煮15分鐘,撈出魚塊瀝乾均質",,,129.939,129.939,71.079,23.4255,3.3162,1.0721,1.3238,,,33.9652,,0.229,271.1589,10.4371,27.0165,0.1739,0.9723
J0412102,魚貝類,台灣鯛魚片(油煎),"前處理描述:魚片解凍後,以已熱油不沾鍋(加1大匙葵花油),每片約煎7~8分鐘,兩面煎熟,取出放冷均質",,,161.8736,161.8736,66.7945,23.1,6.8564,1.3424,1.9415,,,67.3044,,0.2525,434.8978,31.1009,34.8424,0.2323,1.0846
J0412103,魚貝類,"台灣鯛魚片(烤,190℃,10分鐘)","前處理描述:魚片解凍後,切小塊,烤箱預熱20分鐘,以190℃烤10分鐘,待冷卻連同湯汁一起均質",,,111.0746,111.0746,74.4495,19.6635,3.0057,0.9179,1.773,,,47.7656,,0.259,365.0641,9.54,27.9222,0.3511,0.8957
J0412104,魚貝類,"台灣鯛魚片(烤,190℃,20分鐘)","前處理描述:魚片解凍後,切小塊,烤箱預熱20分鐘,以190℃烤20分鐘,待冷卻連同湯汁一起均質",,,134.1891,134.1891,69.759,22.958,4.0087,1.2481,2.0858,,,53.8324,,0.262,410.8941,15.371,32.6256,0.2626,0.9757
J0412105,魚貝類,"台灣鯛魚片(烤,230℃,10分鐘)","前處理描述:魚片解凍後,切小塊,烤箱預熱20分鐘,以230℃烤10分鐘,待冷卻連同湯汁一起均質",,,126.6487,126.6487,72.088,21.277,3.9685,1.2053,1.4974,,,49.5878,,0.264,396.2753,10.8511,30.4551,0.4639,0.8747
J0412106,魚貝類,"台灣鯛魚片(烤,230℃,20分鐘)","前處理描述:魚片解凍後,切小塊,烤箱預熱20分鐘,以230℃烤20分鐘,待冷卻連同湯汁一起均質",,,142.1796,142.1796,67.4095,24.583,4.1253,1.2795,2.5167,,,65.4641,,0.25,454.0917,11.7415,34.4285,0.3019,0.927
J0412107,魚貝類,台灣鯛魚片(清蒸),"前處理描述:魚片解凍後,以鋁箔紙包裹放入電鍋中,外鍋加水,加熱35分鐘,待冷卻連同湯汁一起均質",,,112.0396,112.0396,74.2035,19.2995,3.285,1.0107,2.1751,,,58.8712,,0.23,357.1761,9.1969,27.6715,0.4404,0.9944
J0412108,魚貝類,台灣鯛魚片(微波),"前處理描述:魚片解凍後,置於微波盒中,每片加水10mL,以強微波加熱6分鐘,待冷卻連同湯汁一起均質",,,139.9448,139.9448,68.561,24.871,3.7412,1.1402,1.3955,,,85.3654,,0.256,457.9098,12.3329,34.9447,0.358,0.9335
J0412201,魚貝類,台灣鯛魚湯(水煮),"前處理描述:魚片解凍後,切小塊放入1000mL水中,以中小火煮15分鐘,瀝取魚湯汁並補水至850mL",,,5.4858,5.4858,98.638,0.9085,0.1781,0.0551,0.0368,,,12.514,,0.0195,88.0647,0.7784,2.9649,0.0338,0.2335
J0412301,魚貝類,莫三比克口孵非鯽,"樣品狀態:生; 前處理描述:去鱗,去皮,去頭尾,去內臟及骨刺,混合均勻打碎","非洲仔,南洋鯽仔,在來吳郭魚,吳郭魚/鹹水吳郭(澎湖)",62.1,111.8194,111.8194,77.274,19.512,3.16,1.0011,0.0,,,91.3932,,0.174,344.1672,30.7455,31.1768,0.2452,1.2434
J0412401,魚貝類,薔薇項鰭魚(去皮),"樣品狀態:生; 前處理描述:去鱗,去皮,去頭尾,去內臟及骨刺,混合均勻打碎","薔薇連鰭唇魚,扁礫仔,紅姑娘仔,紅新娘,豎停仔,胭脂冷,角龍,平倍良,薔薇楔鯛,薔薇離鰭鯛,薔薇虹彩",62.0,95.8916,95.8916,79.93,17.345,2.42,1.1701,0.0,,,138.04,,0.1199,137.44,39.84,32.29,0.275,0.507
J0412501,魚貝類,薔薇項鰭魚(含皮),"樣品狀態:生; 前處理描述:去鱗,含皮,去頭尾,去內臟及骨刺,混合均勻打碎","薔薇連鰭唇魚,扁礫仔,紅姑娘仔,紅新娘,豎停仔,胭脂冷,角龍,平倍良,薔薇楔鯛,薔薇離鰭鯛,薔薇虹彩",40.0,92.669,92.669,78.6,17.9,1.8,0.9005,0.0,,,126.0,,0.088,183.0,260.0,52.0,1.1,0.5
J0412601,魚貝類,藍豬齒魚,"樣品狀態:生; 前處理描述:去鱗,含皮,去頭尾,去內臟及骨刺,混合均勻打碎","石老,四齒仔,西齒,簾仔,寒鯛,鰱仔(澎湖)",69.0,80.799,80.799,79.7,18.5,0.2,0.0758,0.2,,,65.0,,0.188,457.0,5.0,35.0,0.2,0.4
J0412701,魚貝類,福氏鸚哥魚(去皮),"樣品狀態:生; 前處理描述:去鱗,去皮,去頭尾,去內臟及骨刺,混合均勻打碎","紅鸚哥,青鸚哥仔,青衣,青衫(雄),蠔魚(雌),紅海逮,紅咬齒,番仔魚(臺東)",54.0,84.1852,84.1852,78.82,19.631,0.04,0.0148,0.168,,,85.57,,0.2837,485.44,6.93,31.93,0.494,0.431
J0412801,魚貝類,橫紋鸚哥魚(含皮),"樣品狀態:生; 前處理描述:去鱗,含皮,去頭尾,去內臟及骨刺,混合均勻打碎",鸚哥,53.5,80.5797,80.5797,80.8,18.85,0.01,0.0031,0.0,,,89.0,,0.2625,398.5,5.5,29.5,0.3,0.4
J0412901,魚貝類,藍點鸚哥魚,"樣品狀態:生; 前處理描述:去鱗,去皮,去頭尾,去內臟及骨刺,混合均勻打碎","鸚哥,黃衣魚,青衫(雄),紅蠔魚(雌),紅衫,蠔魚(雌)(澎湖)",64.0,86.4787,86.4787,77.94,20.147,0.05,,0.5898,,,60.53,,0.3051,543.76,7.73,27.1,0.454,0.397
J0413001,魚貝類,金錢魚,"樣品狀態:生; 前處理描述:去鱗,含皮,去頭尾,去內臟及骨刺,混合均勻打碎","變身苦,遍身苦(澎湖),金鼓",55.6,196.0251,196.0251,66.72,19.27,12.61,4.8899,0.0,,,70.11,,0.397,398.16,266.86,289.72,1.26,1.1
J0413101,魚貝類,褐臭肚魚,"樣品狀態:生; 前處理描述:去鱗,含皮,去頭尾,去內臟及骨刺,混合均勻打碎","臭肚,象魚,樹魚,羊鍋,疏網,茄冬仔,象耳/臭肚仔/羊矮仔/盧矮仔(澎湖)",49.8,164.159,164.159,69.41,19.94,8.76,3.3749,0.63,,,52.18,,0.4685,434.42,18.84,258.93,1.0,0.725
J0413201,魚貝類,杜氏刺尾鯛,"樣品狀態:生; 前處理描述:去鱗,含皮,去頭尾,去內臟及骨刺,混合均勻打碎","眼紋倒吊,粗皮仔,倒吊(臺東)",53.4,137.2675,137.2675,72.86,19.05,6.2,2.805,0.61,,,38.17,,1.0464,451.06,2.61,32.78,0.31,0.45
J0413301,魚貝類,後刺尾鯛,"樣品狀態:生,已去鱗及內臟; 前處理描述:去皮,去頭尾及骨刺,混合均勻打碎","倒吊,粗皮仔,番倒吊(澎湖),半水吊",63.5,102.0777,102.0777,77.46,20.392,1.6634,0.8963,0.0,,0.0,93.542,,0.154,381.7,13.91,23.109,0.0,0.431
J0413401,魚貝類,鋸尾鯛,"樣品狀態:生; 前處理描述:去鱗,含皮,去頭尾,去內臟及骨刺,混合均勻打碎","黑豬哥,黑將軍,打鐵婆,剝皮仔,老娘(澎湖)",60.9,93.1362,93.1362,78.14,18.96,1.35,0.5297,0.2891,,,56.8,,0.3699,387.18,3.56,34.85,0.89,0.34
J0413501,魚貝類,大眼金梭魚,"樣品狀態:生; 前處理描述:去鱗,含皮,去頭尾,去內臟及骨刺,混合均勻打碎","針梭,竹梭,巴拉庫答",35.0,157.128,157.128,71.7,21.8,7.1,3.0104,0.0,,,71.0,,0.348,445.0,10.0,29.0,0.5,0.1
J0413601,魚貝類,鱗網帶鰆切片,"樣品狀態:生; 前處理描述:去皮及骨刺,混合均勻打碎","油魚,細鱗仔,玉梭魚,白玉豚",21.1,272.4528,272.4528,60.533,17.258,22.0356,0.5333,0.0,,,84.3982,,0.603,267.5486,5.3467,20.7802,0.7756,0.8472
J0413701,魚貝類,鱗網帶鰆(含皮),"樣品狀態:生; 前處理描述:去鱗,含皮,去頭尾,去內臟及骨刺,混合均勻打碎","油魚,細鱗仔,玉梭魚,白玉豚",39.9,263.4838,263.4838,62.45,18.0,20.69,8.6691,0.0,,,31.39,,0.4713,286.39,2.16,28.86,0.37,0.46
J0413801,魚貝類,白帶魚,"樣品狀態:生; 前處理描述:去鱗,含皮,去頭尾,去內臟及骨刺,混合均勻打碎","白魚,裙帶,肥帶,油帶,天竺帶魚,白帶魚,黃稜油帶(澎湖)",40.0,101.732,101.732,77.6,19.6,2.0,0.883,0.0,,,54.0,,0.033,291.0,5.0,16.0,0.2,0.4
J0413901,魚貝類,大目鮪,"樣品狀態:生; 前處理描述:去鱗,含皮,去頭尾,去內臟及骨刺,混合均勻打碎","大目仔,大眼鮪,大目串,短墩,串仔(澎湖),短鮪",62.7,103.4866,103.4866,74.51,23.94,0.14,0.021,0.0,,,41.31,,0.5485,441.03,3.01,41.9,2.35,0.48
J0414001,魚貝類,正鰹,"樣品狀態:生; 前處理描述:去鱗,含皮,去頭尾,去內臟及骨刺,混合均勻打碎","煙仔虎,煙仔,小串,柴魚,肥煙,鯤(臺東),煙仔魚,卓鮶/大煙(澎湖)",55.0,149.149,149.149,70.8,23.1,5.6,1.7024,0.0,,,50.0,,0.254,408.0,8.0,35.0,2.5,0.4
J0414101,魚貝類,花腹鯖,"樣品狀態:生; 前處理描述:去鱗,含皮,去頭尾,去內臟及骨刺,混合均勻打碎","花飛,青輝,飛威/青飛/胡麻鯖",45.6,138.0951,138.0951,70.5,23.9,3.9958,1.5469,0.1042,,0.0,36.0,,0.325,368.0,27.0,36.0,2.8,0.7
J0414201,魚貝類,高麗馬加鰆,"樣品狀態:生; 前處理描述:去鱗,含皮,去頭尾,去內臟及骨刺,混合均勻打碎","破北,闊北,闊腹仔,高麗鰆,破腹",53.2,118.6378,118.6378,75.02,19.44,3.95,1.6419,0.26,,,46.35,,0.269,447.5,5.5,40.89,0.82,1.626
J0414301,魚貝類,康氏馬加鰆切片(去皮),"樣品狀態:生; 前處理描述:去皮,去骨刺,混合均勻打碎","土魠,馬加,馬鮫,梭齒,頭魠,鰆,土托,康氏馬發,塗魠(澎湖)",25.1,192.7929,192.7929,70.2295,18.6645,12.5383,3.1143,0.0,,0.451,52.3427,,0.4045,311.6002,7.1538,30.2394,0.2155,0.8547
J0414401,魚貝類,康氏馬加鰆切片(含皮),"樣品狀態:生; 前處理描述:含皮,去骨刺,混合均勻打碎","土魠,馬加,馬鮫,梭齒,頭魠,鰆,土托,康氏馬發,塗魠(澎湖)",5.0,176.3471,176.3471,67.71,19.33,10.4,5.1467,1.52,,,54.4,,0.3525,319.26,4.27,32.54,0.32,0.523
J0414501,魚貝類,臺灣馬加鰆,"樣品狀態:生; 前處理描述:去鱗,含皮,去頭尾,去內臟及骨刺,混合均勻打碎","白北,白腹仔",22.0,180.062,180.062,68.5,20.2,10.4,4.6852,0.0,,,51.0,,0.275,471.0,4.0,37.0,0.8,0.5
J0414601,魚貝類,鮪魚生魚片,樣品狀態:生; 前處理描述:混合均勻打碎,,,100.393,100.393,76.1,23.3,0.1,0.0314,0.0,,,27.0,,0.627,511.0,4.0,39.0,0.9,0.4
J0414701,魚貝類,鯖魚(生),"樣品狀態:生; 前處理描述:去鱗,含皮,去頭尾,去內臟及骨刺,混合均勻打碎",,51.0,416.9758,416.9758,45.24,14.36,39.43,9.132,0.1804,,,55.53,,0.3161,307.53,6.56,23.7,1.36,1.01
J0414801,魚貝類,鯖魚(炒),"前處理描述:去鱗,含皮,去骨刺及內臟,以5g沙拉油炒5分鐘",,,410.1904,410.1904,44.52,16.7,37.57,8.5246,0.0845,,,67.63,,0.3303,331.87,1.94,27.05,1.85,0.999
J0414802,魚貝類,鯖魚(炸),"前處理描述:去鱗,含皮,去骨刺及內臟,以100g沙拉油在180℃炸3分鐘",,,555.2118,555.2118,28.33,17.16,53.43,11.8027,0.0708,,,75.42,,0.2273,301.05,7.77,27.29,1.66,1.05
J0414803,魚貝類,"鯖魚(烤,150度,10分)","前處理描述:去鱗,含皮,去骨刺及內臟,以150℃烤10分鐘",,,411.6293,411.6293,45.84,16.53,37.81,8.3598,0.0,,,57.9,,0.2757,333.16,5.19,27.39,1.65,1.066
J0414804,魚貝類,"鯖魚(烤,150度,20分)","前處理描述:去鱗,含皮,去骨刺及內臟,以150℃烤20分鐘",,,395.5101,395.5101,45.73,19.05,34.83,8.1293,0.0,,,82.11,,0.3044,369.93,5.19,30.93,1.97,1.255
J0414805,魚貝類,"鯖魚(烤,150度,30分)","前處理描述:去鱗,含皮,去骨刺及內臟,以150℃烤30分鐘",,,535.9826,535.9826,32.35,19.86,50.02,11.4646,0.0,,,78.73,,0.3262,359.27,15.01,30.43,1.92,1.363
J0414806,魚貝類,"鯖魚(烤,180度,10分)","前處理描述:去鱗,含皮,去骨刺及內臟,以180℃烤10分鐘",,,373.0521,373.0521,47.297,20.17,31.81,7.3608,0.0,,,82.18,,0.3232,394.53,7.54,32.25,2.58,1.083
J0414807,魚貝類,"鯖魚(烤,210度,10分)","前處理描述:去鱗,含皮,去骨刺及內臟,以210℃烤10分鐘",,,472.4603,472.4603,38.97,19.01,43.38,10.0208,0.0,,,74.18,,0.3768,357.74,6.61,30.53,1.73,0.76
J0414808,魚貝類,鯖魚(煮),"前處理描述:去鱗,含皮,去骨刺及內臟,以100℃煮10分鐘",,,374.813,374.813,49.33,14.9,34.5,8.5008,0.4381,,,51.23,,0.3072,211.49,6.1,20.05,1.75,0.989
J0414809,魚貝類,鯖魚(煎),"前處理描述:去鱗,含皮,去骨刺及內臟,以10g沙拉油煎6分鐘",,,403.3312,403.3312,42.92,20.01,35.94,8.622,0.0,,,86.19,,0.3179,424.29,17.25,35.66,2.1,1.56
J0414810,魚貝類,鯖魚(蒸),"前處理描述:去鱗,含皮,去骨刺及內臟,以100℃蒸10分鐘",,,391.7428,391.7428,47.11,14.64,36.5,8.7819,0.7209,,,52.36,,0.2353,234.77,4.62,21.96,1.53,0.903
J0414901,魚貝類,旗魚切片,樣品狀態:生; 前處理描述:混合均勻打碎,"翹翅仔,白肉旗魚,闊胸仔,立翅旗魚,白皮丁挽,白皮旗魚",,110.9004,110.9004,71.811,25.972,0.0,0.0,0.8241,,,36.4887,,0.6545,333.4386,7.9528,31.9005,1.0944,0.7412
J0414902,魚貝類,旗魚腹肉,"樣品狀態:生; 前處理描述:去皮,混合均勻打碎","翹翅仔,白肉旗魚,闊胸仔,立翅旗魚,白皮丁挽,白皮旗魚",5.7,104.677,104.677,76.988,22.197,1.0971,0.4468,0.0,,0.0,130.653,,0.552,262.061,7.76,28.525,0.287,0.773
J0415001,魚貝類,刺鯧(去皮),"樣品狀態:生; 前處理描述:去鱗,去皮,去頭尾,去內臟及骨刺,混合均勻打碎","肉魚,肉鯽仔,土肉,肉鯽,瓜仔鯧,刺鯧",54.4,94.5503,94.5503,78.168,18.837,1.565,0.6205,0.102,,,161.7892,,0.255,331.2758,16.6422,39.1442,0.1948,0.9126
J0415101,魚貝類,刺鯧(含皮),"樣品狀態:生; 前處理描述:去鱗,含皮,去頭尾,去內臟及骨刺,混合均勻打碎","肉魚,肉鯽仔,土肉,肉鯽,瓜仔鯧,刺鯧",49.0,154.5256,154.5256,72.515,17.779,8.715,3.5537,0.0,,,178.6,,0.1401,234.49,12.665,108.905,0.51,0.3785
J0415201,魚貝類,星斑真鯧,"樣品狀態:生,已去鱗片及內臟; 前處理描述:去皮,去頭尾及骨刺,混合均勻打碎","(市售稱""花鯧"")",35.7,213.6229,213.6229,68.987,15.55,16.322,4.4445,0.0,,0.02,60.008,,0.108,325.143,8.319,28.537,0.376,0.87
J04153,魚貝類,銀鯧平均值(去皮),"樣品狀態:生; 前處理描述:去鱗,去皮,去頭尾,去內臟及骨刺,混合均勻打碎","白(正/暗)鯧,白鯧魚,鯧仔魚,黑鰭,車片魚",53.1,114.9871,114.9871,76.4134,17.7126,4.363,2.0445,0.1991,,,248.4389,,0.163,302.1826,11.4175,29.911,0.9433,0.5549
J0415301,魚貝類,銀鯧(2月),"樣品狀態:生; 前處理描述:去鱗,去皮,去頭尾,去內臟及骨刺,混合均勻打碎","白鯧,正鯧,銀鯧,支子",41.0,122.5975,122.5975,76.76,17.862,5.136,1.487,0.0,,,92.621,,0.1443,348.356,12.164,31.85,2.7683,1.0494
J0415302,魚貝類,銀鯧(3月),"樣品狀態:生; 前處理描述:去鱗,去皮,去頭尾,去內臟及骨刺,混合均勻打碎","白鯧,正鯧,銀鯧,支子",55.0,119.6677,119.6677,75.789,17.554,4.957,2.3093,0.7332,,,64.8165,,0.1595,301.6065,8.4426,24.8692,0.2843,0.4347
J0415303,魚貝類,銀鯧(5月),"樣品狀態:生; 前處理描述:去鱗,去皮,去頭尾,去內臟及骨刺,混合均勻打碎","白鯧,正鯧,銀鯧,支子",60.0,105.1714,105.1714,78.7,16.375,3.908,1.9668,0.0,,,344.6811,,0.128,333.7566,12.4588,34.6078,0.7163,0.4178
J0415304,魚貝類,銀鯧(8月),"樣品狀態:生; 前處理描述:去鱗,去皮,去頭尾,去內臟及骨刺,混合均勻打碎","白鯧,正鯧,銀鯧,支子",57.3,101.3781,101.3781,75.908,17.692,2.864,1.607,1.558,,,646.9127,,0.213,226.5329,9.805,25.2318,0.0,0.4155
J0415305,魚貝類,銀鯧(12月),"樣品狀態:生; 前處理描述:去鱗,去皮,去頭尾,去內臟及骨刺,混合均勻打碎","白鯧,正鯧,銀鯧,支子",52.0,126.1206,126.1206,74.91,19.08,4.95,2.5897,0.1866,,,93.163,,0.17,300.661,14.217,32.996,0.9478,0.4571
J0415401,魚貝類,銀鯧(含皮),"樣品狀態:生; 前處理描述:去鱗,含皮,去頭尾,去內臟及骨刺,混合均勻打碎","白鯧,正鯧,銀鯧,支子",45.2,124.0168,124.0168,75.2,16.8,5.7961,2.8041,1.1039,,0.0,315.0,,0.074,183.0,8.0,35.0,0.3,0.6
J0415501,魚貝類,斑鱧,"樣品狀態:生; 前處理描述:去鱗,含皮,去頭尾,去內臟及骨刺,混合均勻打碎","鮕鮘,雷魚,南鱧,臺灣雷魚,臺灣魚虎",61.0,118.731,118.731,76.3,18.3,4.5,1.1966,0.0,,,54.0,,0.209,363.0,8.0,27.0,0.7,0.6
J0415601,魚貝類,大口鰜切片(含皮),"樣品狀態:生; 前處理描述:去鱗,含皮,去頭尾,去內臟及骨刺,混合均勻打碎","咬龍狗,左口,扁魚,皇帝魚,比目魚,咬網狗/肉瞇仔(澎湖)",39.0,166.499,166.499,74.1,14.7,11.5,2.3863,0.0,,,93.0,,0.052,328.0,7.0,26.0,0.2,0.3
J0415701,魚貝類,鰈魚切片,"樣品狀態:生; 前處理描述:去皮及骨刺,混合均勻打碎",大比目魚(扁鱈),27.0,201.1875,201.1875,70.19,13.203,16.0544,3.4794,0.0,,0.0,80.3894,,0.0915,285.7359,17.3447,23.8559,0.3653,0.5268
J0415801,魚貝類,雙線鬚鰨,"樣品狀態:生; 前處理描述:去鱗,含皮,去頭尾,去內臟及骨刺,混合均勻打碎","牛舌,龍舌,扁魚,皇帝魚,比目魚",48.0,92.189,92.189,77.7,19.9,0.8,0.3355,0.3,,,63.0,,0.227,384.0,24.0,30.0,0.3,0.4
J0415901,魚貝類,單角革單棘魨(去皮),"樣品狀態:生,已去頭尾,內臟及粗皮; 前處理描述:去鱗,骨刺,混合均勻打碎","白達仔,一角剝,薄葉剝,光復魚,剝皮魚,狄仔魚(興達),掃帚",37.3,78.6532,78.6532,81.917,17.158,0.5974,0.2149,0.0,,0.142,181.179,,0.422,138.151,11.194,20.824,1.106,0.461
J0416001,魚貝類,單角革單棘魨(含皮),"樣品狀態:生; 前處理描述:去鱗,含皮,去頭尾,去內臟及骨刺,混合均勻打碎","白達仔,一角剝,薄葉剝,光復魚,剝皮魚,狄仔魚(興達),掃帚",57.0,76.433,76.433,81.3,17.9,0.0,0.0,0.0,,,87.0,,0.186,306.0,4.0,22.0,0.5,0.3
J0416101,魚貝類,克氏兔頭魨,"樣品狀態:生; 前處理描述:去鱗,含皮,去頭尾,去內臟及骨刺,混合均勻打碎","鯖河魨,煙仔規,黃魚規,烏魚規,青皮魚規,金紙規,規仔,金規(澎湖)",70.0,76.908,76.908,80.8,17.8,0.1,0.0318,0.0,,,134.0,,0.854,354.0,6.0,29.0,0.5,1.2
J0416201,魚貝類,翻車魨腹肉,樣品狀態:生; 前處理描述:混合均勻打碎,"翻車魚,蜇魴,蜇魚,海蟲(澎湖),曼波(成功)",,47.4541,47.4541,88.539,10.208,0.4286,0.2654,0.692,,0.0,52.385,,0.006,0.69,20.933,6.665,0.237,0.985
J0416301,魚貝類,犬牙南極魚切片,"樣品狀態:生; 前處理描述:去皮及骨刺,混合均勻打碎","南極鱈,美露鱈,黑狗鱈,智利海鱸(圓鱈)",19.9,281.8263,281.8263,63.6665,12.1075,25.513,6.1897,0.0,,0.0,79.0315,,0.0595,249.022,5.341,19.0015,0.0,0.491
J0416401,魚貝類,低眼無齒芒魚片(芒加魚邊),"樣品狀態:生,冷凍產品; 前處理描述:混合均勻打碎",,,75.6232,75.6232,83.4,14.171,1.6755,0.7628,0.0,,0.0,285.2563,,0.1227,200.7043,8.3753,18.969,0.063,0.4303
J0416501,魚貝類,秋刀魚,"樣品狀態:生; 前處理描述:去鱗,去皮,去頭尾,去內臟及骨刺,混合均勻打碎","竹刀魚,山瑪魚",43.9,276.6396,276.6396,54.3,18.8,21.7698,5.6251,4.1302,,0.111,55.0,,0.261,236.0,11.0,23.0,0.9,0.4
J0416601,魚貝類,毛鱗魚,"樣品狀態:生,冷凍袋裝,含卵; 前處理描述:混合均勻打碎","喜相逢,多春魚,樺太柳葉魚（日文）",0.0,145.1344,145.1344,74.03,14.098,9.4164,1.9086,0.4135,0.0,0.074,309.7,0.0558,0.34,176.64,317.33,44.52,1.38,2.08
J0600101,魚貝類,圓鱈魚鰓肉,"樣品狀態:生,冷凍產品; 前處理描述:混合均勻打碎",,,84.0575,84.0575,78.149,14.503,2.4534,0.673,3.9245,,0.031,224.82,,0.051,110.487,6.584,14.472,0.117,0.531
J0600201,魚貝類,鯛魚下巴,"樣品狀態:生,冷凍產品; 前處理描述:去皮及骨刺,混合均勻打碎",鯛魚喉,57.4,245.0598,245.0598,65.474,16.052,19.5696,5.2599,0.0,,0.0,38.419,,0.144,223.961,62.022,21.78,0.231,0.633
J0600301,魚貝類,鯊魚翅,"樣品狀態:生; 前處理描述:經復水處理,混合均勻打碎",魚翅,,185.745,185.745,60.2,43.5,0.0,,0.0,,,7.0,,0.009,2.0,46.0,26.0,1.5,1.2
J0600401,魚貝類,魚翅唇,"樣品狀態:生,冷凍產品; 前處理描述:混合均勻打碎",,,47.466,47.466,91.172,9.933,0.5601,0.1686,0.0,,0.0,34.73,,0.047,3.749,48.695,11.173,0.0,0.482
J0600501,魚貝類,翻車魨魚皮,"樣品狀態:生,切片(進口); 前處理描述:混合均勻打碎","曼波魚皮,翻車魚皮",0.0,27.6696,27.6696,92.94,6.48,0.0,0.0,0.01,0.0,0.0,205.46,0.0056,0.0,9.65,8.95,2.26,0.07,0.06
J0600601,魚貝類,鯊魚皮,樣品狀態:生; 前處理描述:混合均勻打碎,,,54.416,54.416,88.943,12.402,0.1618,,0.0,,0.0,47.255,,0.0,2.285,15.317,4.606,0.768,0.6
J0600701,魚貝類,魚漿(旗魚),樣品狀態:生; 前處理描述:混合均質,,0.0,110.1006,104.812,71.606,16.838,1.2622,0.4803,7.8472,2.6443,3.905,754.69,0.0167,0.3428,245.19,12.08,19.87,0.0,0.0
J0700301,魚貝類,鮸魚卵(加工),樣品狀態:熟; 前處理描述:混合均勻打碎,,,184.0934,184.0934,61.632,21.856,10.063,2.3739,3.6045,,,150.4896,,0.2452,221.4831,40.5541,13.195,1.4953,2.8932
J0700401,魚貝類,鯔魚卵,樣品狀態:生(烏魚卵); 前處理描述:混合均勻打碎,烏魚卵,,256.0665,256.0665,53.14,26.318,15.93,2.5908,3.1944,,,72.954,,0.3,158.979,5.1883,10.4968,4.1115,4.7073
J0700601,魚貝類,鰆魚卵,樣品狀態:生; 前處理描述:混合均勻打碎,土魠魚卵,,192.5105,192.5105,64.535,23.496,10.2198,2.9494,0.245,,0.0,89.001,,0.232,254.245,6.38,15.635,1.393,6.36
J0700701,魚貝類,鰹魚卵,樣品狀態:生; 前處理描述:混合均勻打碎,,,183.6889,183.6889,66.16,21.493,10.19,2.9467,0.6398,,,128.81,,0.196,258.56,8.48,14.24,1.837,4.177
J0702101,魚貝類,鯔魚精囊,樣品狀態:生; 前處理描述:混合均勻打碎,鯔(烏)魚鰾(膘),,88.8234,88.8234,81.78,17.274,1.67,0.5631,0.0,,,60.916,,1.28,201.664,3.584,14.0014,1.2776,0.6521
J0705101,魚貝類,鮟鱇魚肝,樣品狀態:生; 前處理描述:取魚肝; 混合均勻打碎,,,135.8266,135.8266,74.798,13.617,8.6122,3.1521,1.9139,,0.858,188.375,,0.103,168.568,13.388,24.102,1.821,3.041
J0707101,魚貝類,旗魚肚,樣品狀態:生; 前處理描述:混合均勻打碎,,,99.4642,99.4642,73.76,22.491,0.38,,2.894,,,291.62,,0.0637,230.17,35.59,52.21,3.01,2.534
J0707201,魚貝類,鮪魚肚,樣品狀態:生; 前處理描述:混合均勻打碎,,,105.788,105.788,75.823,23.352,0.6735,0.2781,0.0,,0.0,35.4693,,0.0095,17.6636,23.4939,19.3217,4.7694,3.6759
J0800101,魚貝類,小魚干,樣品狀態:乾貨; 前處理描述:混合均勻打碎,,,335.172,335.172,16.1,69.2,4.4,2.0504,0.0,,,1753.0,,0.029,738.0,2213.0,209.0,6.8,6.4
J0800201,魚貝類,扁魚干,樣品狀態:乾貨; 前處理描述:混合均勻打碎,,,354.2749,354.2749,18.389,66.2917,7.8946,3.2137,1.0648,,,406.2059,,0.597,1011.3307,2803.8397,230.2837,2.7944,5.1819
J0800401,魚貝類,柴魚片,樣品狀態:乾貨; 前處理描述:混合均勻打碎,,,382.579,382.579,10.9,76.5,6.2,2.7943,2.6,,,433.0,,0.26,1022.0,44.0,105.0,15.3,2.6
J2100101,魚貝類,羅氏沼蝦,"樣品狀態:生; 前處理描述:去殼,去頭尾及腸泥,混合均勻打碎","泰國蝦,泰國長臂大蝦,淡水長臂大蝦",66.4,88.034,88.034,78.1,20.3,0.15,0.0734,0.2115,,,103.6,,0.3135,327.97,26.57,33.963,0.46,1.38
J2100201,魚貝類,北方長額蝦(加工),"樣品狀態:熟; 前處理描述:去殼,去頭尾,混合均勻打碎","北極蝦,北極甜蝦,冷水蝦",51.2,121.9806,121.9806,70.942,19.94,4.0839,0.8604,2.662,,,562.3734,,0.182,169.1679,72.0441,56.4152,1.0325,2.3218
J2100301,魚貝類,東方異腕蝦,"樣品狀態:生; 前處理描述:去殼,去頭尾及腸泥,混合均勻打碎","米諾蝦,鐵甲蝦,蝦母,大頭蝦",69.0,78.4606,78.4606,82.3,17.72,0.31,0.0776,0.0,,,456.74,,0.0757,123.56,45.18,42.94,1.05,5.942
J2100401,魚貝類,胭脂蝦,"樣品狀態:生; 前處理描述:去頭尾及外殼,混合均勻打碎","文蝦(""葉狀擬鬚蝦或雄壯鬚蝦"")",47.8,114.385,114.385,77.243,13.832,6.1333,1.223,0.7144,,0.18,461.583,,0.122,176.28,57.031,52.211,1.107,1.752
J2100501,魚貝類,日本玻璃蝦,"樣品狀態:熟,冷凍包裝; 前處理描述:混合均勻打碎","水晶蝦,白丁",,82.5617,82.5617,76.315,16.248,1.4615,0.4299,1.9755,,0.54,565.916,,0.071,137.402,744.617,109.472,0.47,1.158
J2100601,魚貝類,相模後海螯蝦,"樣品狀態:生; 前處理描述:去殼,去頭尾及腸泥,混合均勻打碎","相模角蝦,小龍蝦,鐵甲蝦,角蝦,蝦猴",64.1,79.1294,79.1294,81.6,17.94,0.28,0.024,0.0,,,316.94,,0.1224,307.65,81.46,46.18,5.27,1.35
J2100701,魚貝類,中國對蝦,"樣品狀態:生; 前處理描述:去殼,去頭尾及腸泥,混合均勻打碎",對蝦;明蝦;大蝦;黃蝦;青蝦;大正蝦,50.0,84.215,84.215,77.9,19.3,0.2,0.0622,1.0,,,196.0,,0.198,306.0,20.0,39.0,0.5,1.7
J21008,魚貝類,日本對蝦平均值,"樣品狀態:生; 前處理描述:去殼,去頭尾及腸泥,混合均勻打碎","斑節蝦,雷公蝦,明蝦,九節蝦",41.1,96.7925,96.7925,75.7228,21.2825,0.6559,0.1852,0.3962,,0.0,286.9648,,0.2654,351.8838,77.2883,57.1435,0.7173,2.1285
J2100801,魚貝類,日本對蝦(大),"樣品狀態:生; 前處理描述:去殼,去頭尾及腸泥,混合均勻打碎","斑節蝦,雷公蝦,明蝦,九節蝦",44.4,97.2737,97.2737,76.9845,21.632,0.5438,0.1436,0.0,,0.0,254.7485,,0.2358,377.6945,62.2045,53.991,1.4345,1.832
J2100802,魚貝類,日本對蝦(小),"樣品狀態:生; 前處理描述:去殼,去頭尾及腸泥,混合均勻打碎","斑節蝦,雷公蝦,明蝦,九節蝦",34.4,96.3113,96.3113,74.461,20.933,0.768,0.231,1.8173,,0.0,319.181,,0.295,326.073,92.372,60.296,0.0,2.425
J21009,魚貝類,白對蝦平均值,"樣品狀態:生; 前處理描述:去殼,去頭尾及腸泥,混合均勻打碎","南美白蝦,美洲白蝦,南美白對蝦,白蝦",41.5,99.354,99.354,76.149,21.3463,0.9097,0.3492,0.0,0.0,0.136,209.5208,0.3223,0.1065,302.1683,84.812,44.2168,2.3808,1.4537
J2100901,魚貝類,白對蝦(大),"樣品狀態:生,冷凍包裝; 前處理描述:去殼,去頭尾及腸泥,混合均勻打碎","南美白蝦,美洲白蝦,南美白對蝦,白蝦",29.8,109.2375,109.2375,74.791,22.325,1.5421,0.4705,0.0,,0.0,305.688,,0.007,306.415,128.327,51.881,3.303,1.571
J2100902,魚貝類,白對蝦(小),"樣品狀態:生; 前處理描述:去殼,去頭尾及腸泥,混合均勻打碎","南美白蝦,美洲白蝦,南美白對蝦,白蝦",46.3,96.1628,96.1628,77.356,21.39,0.5352,0.1908,0.0,,0.0,177.6445,,0.1925,286.85,68.659,41.6795,1.3295,1.34
J2100903,魚貝類,白對蝦(小)(2022年取樣),"樣品狀態:生,冷凍包裝; 前處理描述:去殼,去頭尾及腸泥,混合均勻打碎","南美白蝦,美洲白蝦,南美白對蝦,白蝦",43.5,92.6618,92.6618,76.3,20.324,0.6517,0.3193,1.3149,0.0,0.408,145.23,0.3223,0.12,313.24,57.45,39.09,2.51,1.45
J2101001,魚貝類,哈氏彷對蝦,"樣品狀態:生; 前處理描述:去殼,去頭尾及腸泥,混合均勻打碎","長角仿對蝦,劍蝦,紅(正)劍,硬槍蝦",52.7,81.9359,81.9359,78.41,18.724,0.22,0.0719,0.566,,,293.5,,0.1081,260.6,110.19,184.61,3.8,1.53
J2101101,魚貝類,草對蝦,"樣品狀態:生; 前處理描述:去殼,去頭尾及腸泥,混合均勻打碎",草蝦;烏斑節仔,45.5,100.208,100.208,75.3,22.0,0.6949,0.2706,1.0051,,0.282,150.0,,0.068,87.0,5.0,16.0,0.3,1.7
J2101201,魚貝類,藍對蝦,"樣品狀態:生; 前處理描述:去殼,去頭尾及腸泥,混合均勻打碎",藍蝦,44.3,95.204,95.204,77.171,20.924,0.6495,0.1855,0.0,,0.0,135.318,,0.154,310.054,54.017,38.181,0.141,1.502
J2101301,魚貝類,鬚赤蝦,"樣品狀態:生; 前處理描述:去殼,去頭尾及腸泥,混合均勻打碎","鬚赤對蝦,厚殼蝦(仔),火燒蝦,狗蝦,大厚殼",55.6,92.0872,92.0872,76.04,20.7,0.41,0.1204,0.58,,,341.13,,0.2761,338.24,105.57,282.27,5.86,1.419
J2101401,魚貝類,大管鞭蝦,"樣品狀態:生; 前處理描述:去殼,去頭尾及腸泥,混合均勻打碎","憂鬱管鞭蝦,大頭紅蝦,大頭蝦,紅中蝦,蔥頭蝦",59.7,87.6555,87.6555,77.39,19.81,0.34,0.0993,0.62,,,270.16,,0.0448,353.68,37.05,47.03,3.91,1.64
J2101501,魚貝類,隆脊管鞭蝦,"樣品狀態:生; 前處理描述:去殼,去頭尾及腸泥,混合均勻打碎","大頭紅蝦,大頭蝦,紅蝦,蔥頭蝦",49.0,96.171,96.171,75.3,22.1,0.2,0.0649,0.6,,,207.0,,0.216,381.0,25.0,53.0,0.9,1.5
J2101601,魚貝類,螳螂蝦,"樣品狀態:生; 前處理描述:去殼,去頭尾及腸泥,混合均勻打碎","蝦蛄,蝦猴,蝦姑仔,攋尿蝦(常誤寫為瀨或賴)",67.6,66.828,66.828,84.03,14.7,0.45,0.1625,0.0,,,343.54,,0.0944,232.43,68.96,49.88,0.6,2.43
J2101701,魚貝類,日本龍蝦,"樣品狀態:生; 前處理描述:去殼,去頭尾及腸泥,混合均勻打碎",龍蝦;台灣龍蝦;紅腳蝦;紅殼仔;正龍蝦;紅龍蝦,72.0,92.707,92.707,75.7,21.5,0.1,0.0219,1.0,,,234.0,,0.156,446.0,12.0,33.0,0.3,2.4
J2101801,魚貝類,正櫻蝦(生),"樣品狀態:生; 前處理描述:帶殼,混合均勻打碎","櫻花蝦,花殼仔,櫻桃蝦,玫瑰蝦,火焰蝦",,88.4371,88.4371,79.347,17.895,1.3332,0.4159,0.0,,0.0,386.162,,0.091,246.154,759.936,80.361,0.977,1.297
J2101901,魚貝類,正櫻蝦(熟),"樣品狀態:熟; 前處理描述:帶殼,混合均勻打碎","櫻花蝦,花殼仔,櫻桃蝦,玫瑰蝦,火焰蝦",,96.6951,96.6951,76.03,19.642,1.4217,0.437,0.0,,0.0,503.585,,0.141,208.882,613.744,85.468,0.745,1.415
J2102001,魚貝類,正櫻蝦乾,樣品狀態:乾貨; 前處理描述:混合均勻打碎,"櫻花蝦,花殼仔,櫻桃蝦,玫瑰蝦,火焰蝦",,252.6889,252.6889,20.055,52.557,3.1342,0.4598,13.429,,,1345.2207,,0.529,832.0136,2858.6132,346.3047,6.5419,4.6375
J2200101,魚貝類,大頭蝦仁,"樣品狀態:生,冷凍包裝; 前處理描述:混合均勻打碎",,,39.9111,39.9111,89.186,8.842,0.239,0.0923,0.0,,,764.7397,,0.0688,43.2074,53.0134,24.0453,3.0731,1.3525
J2200201,魚貝類,明蝦仁,樣品狀態:生; 前處理描述:混合均勻打碎,,,51.6975,51.6975,87.967,11.879,0.108,0.0381,0.0,,,251.5914,,0.043,18.824,38.1535,10.0323,1.3818,1.414
J2200301,魚貝類,紅蝦仁,"樣品狀態:生,冷凍包裝; 前處理描述:混合均勻打碎",,,43.3707,43.3707,86.3805,9.464,0.3281,0.1072,1.543,,0.0,596.3866,,0.0584,42.7987,57.9163,26.7629,1.4865,1.0956
J2200401,魚貝類,海鱸蝦仁,樣品狀態:生; 前處理描述:混合均勻打碎,,,73.4793,73.4793,80.95,16.275,0.4418,0.1427,1.2765,,0.0,225.136,,0.1,106.978,42.099,34.694,0.412,1.067
J2200501,魚貝類,草蝦仁,樣品狀態:生; 前處理描述:混合均勻打碎,,,43.9958,43.9958,88.0249,9.682,0.2942,0.1236,0.8956,,0.0,430.6451,,0.1745,18.6691,20.0763,7.1596,0.4094,0.7404
J2200601,魚貝類,鳳尾蝦仁,"樣品狀態:生,冷凍包裝; 前處理描述:去尾殼,混合均勻打碎",,8.3,64.4543,64.4543,84.391,13.368,0.8174,0.3,0.3063,,0.0,356.956,,0.103,31.971,47.604,17.213,0.745,0.952
J2200701,魚貝類,鬚赤蝦仁,樣品狀態:生; 前處理描述:混合均勻打碎,火燒蝦仁,,79.563,79.563,81.435,17.103,0.7243,0.2936,0.0,,0.355,279.129,,0.074,149.868,39.383,36.596,0.866,2.049
J2300101,魚貝類,蝦皮,樣品狀態:乾貨; 前處理描述:混合均勻打碎,,,155.198,155.198,45.3,33.6,1.3,0.5398,2.7,,,4273.0,,0.165,468.0,1381.0,283.0,6.3,1.7
J2300201,魚貝類,蝦米,樣品狀態:乾貨; 前處理描述:混合均勻打碎,,0.0,263.6998,263.6998,28.7,57.1,2.2043,0.8175,0.0,,0.0,3186.0,,0.03,708.0,1075.0,250.0,4.9,0.6
J2300301,魚貝類,金鉤蝦乾,樣品狀態:乾貨; 前處理描述:混合均勻打碎,"海米,扁米,開洋",,256.7368,256.7368,33.863,54.64,2.5969,1.0856,0.0,,1.262,2553.322,,0.103,530.054,716.568,171.732,9.035,2.651
J2500101,魚貝類,紅蟳,"樣品狀態:生; 前處理描述:取可食部位,混合均勻打碎","青蟳(蟹)(交配後卵巢成熟雌蟹),菜蟳",66.0,121.715,121.715,67.1,20.9,3.6,1.7568,6.5,,,309.0,,0.178,255.0,79.0,57.0,2.6,10.3
J2500201,魚貝類,蛙形蟹,"樣品狀態:生; 前處理描述:取可食部位,混合均勻打碎","旭蟹,蝦姑頭,候貝切,紅面猴,海臭蟲,西姑麻",72.0,71.8315,71.8315,78.19,16.59,0.11,0.0192,2.76,,,342.96,,0.2121,302.71,177.76,73.69,0.93,1.558
J2600101,魚貝類,蟹腳肉,樣品狀態:生; 前處理描述:混合均勻打碎,,0.0,52.6282,52.6282,84.155,11.643,0.3229,0.1201,1.1756,,0.0,591.4295,,1.817,70.8983,319.3587,84.4242,0.6277,3.3618
J3100101,魚貝類,竹蟶(冷凍),"樣品狀態:生,冷凍包裝; 前處理描述:去殼,混合均勻打碎","竹蛤,竹蚶,蟶仔,竹節蟶",30.0,41.5107,41.5107,87.175,8.991,0.3458,0.1635,1.1801,,0.0,498.502,,0.058,179.59,32.582,74.822,6.787,1.01
J31002,魚貝類,真牡蠣平均值,"樣品狀態:生; 前處理描述:去殼,混合均勻打碎","正(大/長/鑄大)牡蠣,正(青)蚵,蚵仔,蚵,蠔",85.0,54.28,54.28,82.9935,9.3878,1.5737,0.6228,4.2387,,0.352,148.3435,,0.0962,202.3978,84.2003,49.701,5.198,10.5645
J3100201,魚貝類,真牡蠣,樣品狀態:生; 前處理描述:混合均勻打碎,"正(大/長/鑄大)牡蠣,正(青)蚵,蚵仔,蚵,蠔",,49.3481,49.3481,86.807,8.9855,1.2173,0.4909,1.7674,,0.352,193.817,,0.041,135.1655,19.6105,34.582,5.396,5.649
J3100202,魚貝類,帶殼真牡蠣(生蠔),"樣品狀態:生; 前處理描述:去殼,混合均勻打碎","正(大/長/鑄大)牡蠣,正(青)蚵,蚵仔,蚵,蠔",85.0,59.2119,59.2119,79.18,9.79,1.93,0.7494,6.71,,,102.87,,0.1513,269.63,148.79,64.82,5.0,15.48
J3100301,魚貝類,黑齒牡蠣,"樣品狀態:生; 前處理描述:去殼,混合均勻打碎",石蚵,,55.4267,55.4267,83.828,9.739,1.5345,0.613,3.105,,2.151,748.512,,0.064,211.537,70.773,57.725,10.129,12.816
J3100401,魚貝類,蝦夷海扇蛤,樣品狀態:生; 前處理描述:混合均勻打碎,"扇貝,立帆蛤,帆立貝",,69.612,69.612,81.1235,13.7155,1.2247,0.4212,2.3343,,0.0,283.234,,0.4355,209.1535,36.604,54.9675,2.5565,2.619
J3100501,魚貝類,綠殼菜蛤,"樣品狀態:生; 前處理描述:去殼,混合均勻打碎","孔雀蛤,淡菜,翡翠貽貝",50.0,95.55,95.55,75.8,17.772,2.18,0.6749,2.6441,,,300.67,,0.0363,142.97,39.58,58.86,4.184,1.492
J3100601,魚貝類,綠殼菜蛤干,樣品狀態:乾貨; 前處理描述:混合均勻打碎,"孔雀蛤干,淡菜干,翡翠貽貝干",,263.1049,263.1049,19.905,43.651,8.505,3.5993,23.929,,,865.3704,,0.0885,331.5566,121.695,124.365,7.3516,6.2504
J3100701,魚貝類,西施舌,"樣品狀態:生; 前處理描述:去殼,混合均勻打碎","紫貝,西肚舌,西刀舌(蚶),紫晃肉,雙線血蚶,獅刀舌,西施貝",39.5,52.8599,52.8599,83.23,8.915,1.64,0.6562,5.365,,,35.69,,0.0567,91.02,14.12,123.5,25.72,1.19
J3100801,魚貝類,台灣蜆,"樣品狀態:生; 前處理描述:去殼,混合均勻打碎","蜆(蜊/拉)仔,河蜆",75.0,51.1626,51.1626,79.07,8.94,1.44,0.6293,9.7723,,,20.19,,0.0972,57.01,57.83,14.03,2.35,1.52
J3100901,魚貝類,大文蛤,"樣品狀態:生; 前處理描述:去殼,混合均勻打碎","文蛤,普通文蛤",58.1,20.5066,20.5066,91.01,4.38,0.2,,1.5142,,,773.79,,0.0765,124.18,48.29,91.075,3.8,0.75
J3101001,魚貝類,文蛤,"樣品狀態:生; 前處理描述:去殼,混合均勻打碎","粉蟯,蚶仔,麗文蛤,普通文蛤",75.5,36.9374,36.9374,87.324,7.6105,0.4923,0.1957,2.7132,,0.0,446.244,,0.049,104.472,106.029,47.4985,8.233,1.0725
J3101101,魚貝類,波紋橫簾蛤,"樣品狀態:生; 前處理描述:去外殼,混合均勻打碎","波紋巴非蛤,山瓜仔(子),海瓜仔(子)",57.7,48.3223,48.3223,83.153,9.184,1.0096,0.4083,4.6406,,1.495,377.027,,0.233,236.553,84.839,55.752,1.98,0.637
J3101201,魚貝類,菲律賓簾蛤,"樣品狀態:生; 前處理描述:去外殼,混合均勻打碎","菲律賓蛤仔,海瓜子(仔)蛤,花蛤",55.6,36.8107,36.8107,85.8,7.52,0.5211,0.2121,4.0743,,1.424,441.684,,0.065,201.153,130.012,62.318,2.735,1.037
J3101301,魚貝類,環文蛤,"樣品狀態:生; 前處理描述:去外殼,混合均勻打碎","赤嘴蛤,赤嘴仔,青蛤,海蜆,公代",73.4,45.9777,45.9777,83.963,8.738,0.9608,0.4476,3.677,,1.362,760.042,,0.23,154.292,165.008,41.603,5.947,5.266
J3200101,魚貝類,干貝(冷凍),樣品狀態:冷凍包裝; 前處理描述:混合均勻打碎,"元貝,瑤柱",,57.4595,57.4595,82.299,12.668,0.3733,0.0846,1.676,,0.0,948.628,,1.189,50.893,6.433,11.321,0.348,0.461
J32002,魚貝類,干貝(乾)平均值,樣品狀態:乾貨; 前處理描述:混合均勻打碎,,,242.2435,242.2435,24.2055,53.7005,1.4349,0.5723,10.8178,,0.0,2751.212,,0.263,907.1695,55.009,146.7195,2.106,4.9875
J3200201,魚貝類,干貝(乾),樣品狀態:乾貨; 前處理描述:混合均勻打碎,"元貝,瑤柱",,256.109,256.109,16.5,58.5,0.7,,15.5,,,2424.0,,0.028,913.0,71.0,185.0,1.5,5.3
J3200202,魚貝類,珠貝(乾),樣品狀態:乾貨; 前處理描述:混合均勻打碎,珍珠干貝,,228.378,228.378,31.911,48.901,2.1697,0.8653,6.1355,,0.0,3078.424,,0.498,901.339,39.018,108.439,2.712,4.675
J3300101,魚貝類,牡蠣干,樣品狀態:乾貨; 前處理描述:混合均勻打碎,蚵干,,242.72,242.72,19.3,41.0,7.5,3.225,26.2,,,1316.0,,0.016,526.0,108.0,227.0,20.1,31.1
J35001,魚貝類,真烏賊平均值,"樣品狀態:生; 前處理描述:去皮膜,去內臟,去口器及眼睛,混合均勻打碎","花枝,墨魚,金烏賊,烏鰂,墨鬥魚",27.0,57.1921,57.1921,82.656,12.1775,0.5759,0.2273,3.6793,,0.0,68.0375,,0.053,81.4343,10.246,32.5755,0.1405,0.7178
J3500101,魚貝類,真烏賊(大),"樣品狀態:生; 前處理描述:去皮膜,去內臟,去口器及眼睛,混合均勻打碎","花枝,墨魚,金烏賊,烏鰂,墨鬥魚",27.0,61.3945,61.3945,83.6,13.85,0.25,0.0849,0.75,,,106.0,,0.0755,161.0,8.5,54.0,0.15,0.8
J3500102,魚貝類,真烏賊(小),"樣品狀態:生; 前處理描述:去皮膜,去內臟,去口器及眼睛,混合均勻打碎","花枝,墨魚,金烏賊,烏鰂,墨鬥魚",,52.9897,52.9897,81.712,10.505,0.9017,0.4053,6.6085,,0.0,30.075,,0.0305,1.8685,11.992,11.151,0.131,0.6355
J3500201,魚貝類,章魚,"樣品狀態:生,小型; 前處理描述:混合均勻打碎","厚嘴仔,石居,八爪魚,坐蛸,石吸,望潮,死牛",,60.922,60.922,84.6,13.0,0.6,,0.9,,,230.0,,0.033,55.0,14.0,44.0,6.1,0.5
J3500301,魚貝類,阿根廷魷,"樣品狀態:生; 前處理描述:去外皮及骨刺,混合均勻打碎",阿根廷滑柔魚,27.3,70.7838,70.7838,84.759,12.439,1.9589,0.7199,0.3703,,0.0,57.039,,0.076,7.565,13.799,12.372,0.83,1.851
J3500401,魚貝類,泡魷魚,樣品狀態:生; 前處理描述:混合均勻打碎,,,50.253,50.253,84.582,11.283,0.23,0.0,2.9877,,,239.0766,,0.0,40.1778,30.841,33.8545,0.0,0.9149
J3500501,魚貝類,台灣鎖管,"樣品狀態:生; 前處理描述:去內臟,去口器及眼睛,混合均勻打碎","鎖管,小卷",16.0,71.928,71.928,80.8,16.0,0.4,0.153,1.6,,,249.0,,0.035,155.0,11.0,48.0,0.7,1.7
J3500601,魚貝類,尖鎖管,"樣品狀態:生; 前處理描述:去眼及口器,去內臟不可食部份,混合均勻打碎","尖仔鎖管,詩博加槍烏賊,尖仔,小卷(幼體)",14.8,100.0808,100.0808,74.254,20.2,1.5329,0.6579,2.3604,,0.0,211.401,,0.215,284.074,31.069,50.518,0.672,1.742
J3500701,魚貝類,軟翅仔,"樣品狀態:生; 前處理描述:去皮膜,去內臟,去口器及眼睛,混合均勻打碎","萊氏擬烏賊,軟翅鎖管,軟翅(薯/絲),泥障鰂,擬烏賊,柔魚",27.4,69.9598,69.9598,82.1625,14.681,0.8062,0.2891,0.8415,,0.0,399.6565,,0.0699,77.001,16.0955,41.5405,0.1,1.43
J3500801,魚貝類,香螺,"樣品狀態:生; 前處理描述:去殼,混合均勻打碎","小天狗剌螺,雪螺",82.7,86.0218,86.0218,78.9435,19.9365,0.099,0.0206,0.0,,,165.9947,,0.0899,113.1967,91.1236,235.3073,3.1385,1.5493
J3500901,魚貝類,象牙鳳螺,"樣品狀態:生; 前處理描述:去殼,混合均勻打碎","鳳(花/風/皇)螺,象牙螺",63.0,78.1302,78.1302,76.999,16.917,0.6535,0.2027,3.5796,,,372.0667,,0.3193,128.4479,61.7217,144.9623,1.8884,3.4994
J3501001,魚貝類,泥螺,"樣品狀態:生,冷凍包裝; 前處理描述:混合均勻打碎",黃泥螺,,94.5793,94.5793,76.918,21.535,0.291,0.0804,0.2805,,,166.1976,,0.079,93.7102,40.3195,75.395,1.3807,2.5916
J3501101,魚貝類,雪螺,樣品狀態:生; 前處理描述:混合均勻打碎,,,40.232,40.232,90.3296,8.877,0.258,0.0,0.0,,,57.6656,,0.0,3.2056,325.7562,55.5418,1.8682,0.6724
J3501201,魚貝類,九孔螺,"樣品狀態:生; 前處理描述:去殼,混合均勻打碎",九孔;雜色鮑;石決明,30.0,73.07,73.07,76.2,15.0,1.0,0.4487,5.8,,,327.0,,0.016,290.0,46.0,99.0,11.4,1.4
J3501301,魚貝類,鮑魚,樣品狀態:生; 前處理描述:混合均勻打碎,鰒魚;石決明;石決明貝,,68.6773,68.6773,73.06,15.7985,0.135,0.0401,9.5466,,,198.58,,0.0501,243.29,34.24,139.435,0.497,1.468
J3501501,魚貝類,蝸牛肉,樣品狀態:生; 前處理描述:混合均勻打碎,,,77.5601,77.5601,82.465,16.714,0.6864,0.2095,0.0,,0.0,72.329,,0.018,0.934,114.953,34.893,2.235,1.385
J3600101,魚貝類,烏賊精囊,樣品狀態:生; 前處理描述:混合均勻打碎,"烏賊鰾(膘),花枝鰾(膘)",,43.4905,43.4905,82.12,9.788,0.188,0.0,6.444,,,428.3986,,0.0814,118.4827,30.8006,21.9146,0.0,1.2392
J3700101,魚貝類,小卷干,樣品狀態:生; 前處理描述:混合均勻打碎,鎖管干(乾),,246.4023,246.4023,33.838,53.202,2.1319,0.7926,4.6951,,,1378.2428,,0.29,793.085,56.8952,169.2612,3.9342,3.9973
J4100101,魚貝類,白海參,"樣品狀態:生,已泡發; 前處理描述:去內臟,混合均勻打碎","海蚯蚓,沙糞",14.5,32.4037,32.4037,92.71,7.399,0.0898,0.0384,0.0,,0.0,50.926,,0.004,1.4905,64.7755,29.4055,0.569,0.46
J4100201,魚貝類,仿刺參,"樣品狀態:生,已泡發; 前處理描述:去內臟,混合均勻打碎",刺參,4.0,35.7906,35.7906,90.43,8.234,0.07,,0.8001,,,52.61,,0.0,0.0,68.71,48.47,0.024,0.877
J4100301,魚貝類,南美刺參,"樣品狀態:生,已泡發; 前處理描述:去內臟,混合均勻打碎",,22.3,51.5209,51.5209,89.838,11.961,0.0496,0.0178,0.0,,0.0,85.618,,0.049,1.19,68.273,7.785,0.454,0.268
J4100401,魚貝類,紅海參,"樣品狀態:生,已泡發; 前處理描述:去內臟,混合均勻打碎",,,32.7196,32.7196,91.91,7.462,0.095,0.0,0.0318,,,86.768,,0.0,2.609,62.7634,30.7209,0.9988,1.2517
J4100501,魚貝類,黑烏參,"樣品狀態:生,已泡發; 前處理描述:去內臟,混合均勻打碎",,21.2,28.7669,28.7669,93.147,6.497,0.1136,0.0425,0.0,,0.0,64.019,,0.005,1.374,62.63,23.162,0.233,0.0
J5100101,魚貝類,海蜇皮,"樣品狀態:生,已泡發; 前處理描述:混合均勻打碎","瑝魚,海蛇,紅(面)蜇,鮓魚",,18.7368,18.7368,69.96,4.388,0.0,,2.221,,,8126.86,,0.0,152.91,30.86,163.02,2.61,1.226
K01001,蛋類,雞蛋平均值,"樣品狀態:生; 前處理描述:去殼,混合均質",,13.0,135.4033,135.4033,75.9147,12.6727,8.8859,3.0753,1.633,0.0,0.2206,138.0311,0.0327,0.1141,135.3623,53.6314,11.3533,1.9246,1.3062
K0100101,蛋類,雞蛋(白殼),"樣品狀態:生; 前處理描述:去殼,混合均質",,13.1,138.9603,138.9603,75.7034,12.8837,9.1782,3.1725,1.2752,0.0,0.137,129.0854,0.0327,0.1237,130.6489,69.1664,11.2138,2.1056,1.5047
K0100102,蛋類,雞蛋(黃殼),"樣品狀態:生; 前處理描述:去殼,混合均質",,12.8,131.8464,131.8464,76.126,12.4617,8.5935,2.9778,1.9907,,0.3042,146.9768,,0.1044,140.0756,38.0963,11.4927,1.7436,1.1077
K0100201,蛋類,土雞蛋,"樣品狀態:生; 前處理描述:去殼,混合均質",,12.4,129.0928,129.0928,76.484,12.9475,8.0534,2.4963,1.6916,,0.436,140.419,,0.0781,125.9825,42.6965,11.842,1.8265,0.939
K0100202,蛋類,土雞蛋(2022年取樣),"樣品狀態:生; 前處理描述:去殼,混合均質",,12.2,137.0176,137.0176,75.81,12.164,9.3107,3.2988,1.8187,0.0,0.304,152.25,0.0304,0.07,135.12,52.42,14.14,2.38,1.65
K0100301,蛋類,烏骨雞蛋,"樣品狀態:生; 前處理描述:去殼,混合均質",,13.2,159.743,159.743,72.271,12.66,11.5904,3.9298,2.4437,,0.3397,119.599,,0.12,134.5095,53.5145,10.4195,2.5655,1.707
K0100401,蛋類,雞蛋(高DHA),"樣品狀態:生; 前處理描述:去殼,混合均質",,13.0,131.9447,131.9447,76.1415,12.537,8.568,3.031,1.8487,,,140.6338,,0.1243,148.9468,47.0202,11.4246,2.0002,1.1415
K0100501,蛋類,雞蛋(高次亞麻油酸),"樣品狀態:生; 前處理描述:去殼,混合均質",,11.1,139.0774,139.0774,74.5,12.431,9.41,3.0519,2.8026,,,137.11,,0.0684,142.77,13.48,12.029,1.63,1.22
K0100601,蛋類,雞蛋(高亞麻油酸),"樣品狀態:生; 前處理描述:去殼,混合均質",,11.3,132.6254,132.6254,76.87,13.02,8.41,2.3959,0.8307,,,161.16,,0.0606,142.0,8.6,10.403,1.29,0.87
K0100701,蛋類,初卵雞蛋,"樣品狀態:生,雞蛋(新生初產母雞1~6週生產之雞蛋); 前處理描述:去殼,混合均質",,13.8,136.0875,136.0875,76.345,12.279,9.152,3.2349,1.3608,,0.3186,114.745,,0.123,123.139,41.134,9.624,1.888,1.179
K0100801,蛋類,雞蛋(高維生素A&E),"樣品狀態:生; 前處理描述:去殼,混合均質",,12.6,134.0262,134.0262,79.85,12.1,9.01,2.8429,0.0,,,151.31,,0.1145,139.1,43.51,16.76,2.89,1.17
K0100901,蛋類,雞蛋(高維生素E),"樣品狀態:生; 前處理描述:去殼,混合均質",,12.8,143.1508,143.1508,75.26,12.786,9.69,3.0799,1.4127,,,139.48,,0.0734,133.51,20.92,11.62,2.11,1.091
K01061,蛋類,雞蛋白平均值,"樣品狀態:生; 前處理描述:去殼及蛋黃,混合均質",,32.0,50.0184,50.0184,87.5593,11.171,0.1456,0.1027,0.5265,,0.305,183.4866,,0.0068,145.5519,5.8139,12.1666,0.324,0.1307
K0106101,蛋類,雞蛋白(白殼),"樣品狀態:生; 前處理描述:去殼及蛋黃,混合均質",,32.0,47.5857,47.5857,88.6785,10.705,0.1011,0.0713,0.0,,0.305,153.5631,,0.0035,128.2038,4.6968,9.5032,0.298,0.2113
K0106102,蛋類,雞蛋白(黃殼),"樣品狀態:生; 前處理描述:去殼及蛋黃,混合均質",,,52.4511,52.4511,86.44,11.637,0.19,,1.1781,,,213.41,,0.01,162.9,6.931,14.83,0.35,0.05
K0106201,蛋類,烏骨雞蛋白,"樣品狀態:生; 前處理描述:去殼及蛋黃,混合均質",,,46.85,46.85,87.077,10.643,0.0495,0.0172,1.6638,,0.0,183.734,,0.006,162.596,3.3,10.947,0.067,0.056
K01081,蛋類,雞蛋黃平均值,"樣品狀態:生; 前處理描述:去殼及蛋白,混合均質",,68.0,307.9919,307.9919,52.8237,15.2217,26.7878,9.2118,3.5698,,0.0,56.3197,,0.3582,124.1846,157.9119,10.3422,5.4592,3.598
K0108101,蛋類,雞蛋黃(白殼),"樣品狀態:生; 前處理描述:去殼及蛋白,混合均質",,68.0,330.0584,330.0584,51.9073,15.9843,28.8655,9.9015,1.561,,0.0,52.4994,,0.3563,114.3592,128.4157,10.9443,5.6883,4.1659
K0108102,蛋類,雞蛋黃(黃殼),"樣品狀態:生; 前處理描述:去殼及蛋白,混合均質",,,285.9254,285.9254,53.74,14.459,24.71,8.5185,5.5786,,,60.14,,0.36,134.01,187.408,9.74,5.23,3.03
K0108201,蛋類,烏骨雞蛋黃,"樣品狀態:生; 前處理描述:去殼及蛋白,混合均質",,,343.6717,343.6717,50.818,15.51,30.604,10.8552,1.4401,,0.238,49.717,,0.269,100.129,136.742,11.633,5.863,3.635
K0108301,蛋類,雞蛋黃(高維生素E),"樣品狀態:生; 前處理描述:去殼及蛋白,混合均質",,74.0,314.329,314.329,49.66,16.236,27.0,9.0418,5.3503,,,57.07,,0.2476,119.55,149.18,13.02,6.15,3.73
K0110101,蛋類,溫泉蛋,"樣品狀態:熟,真空包裝(雞蛋,醬油,鹽,糖等); 前處理描述:去殼,混合均勻打碎",,10.4,137.4925,137.4925,73.642,12.945,7.8417,2.8294,3.7843,,0.584,493.758,,0.212,152.677,52.053,15.88,1.365,1.236
K0111101,蛋類,雞水煮蛋,"前處理描述:約7L一次水以大火煮25分鐘,水滾後續煮10分鐘,撈出瀝乾均質",,9.8,144.2187,144.2187,74.0284,14.001,9.2211,3.0802,1.7098,,,123.7653,,0.1181,129.1217,53.0497,12.863,2.26,1.595
K0111601,蛋類,雞水煮蛋白,"前處理描述:約7L一次水以大火煮25分鐘,水滾後續煮10分鐘,撈出瀝乾,取蛋白均質",,30.3,60.7781,60.7781,83.9895,13.557,0.1851,0.0906,1.5401,,,170.0407,,0.011,141.8679,7.4048,12.5513,0.0,0.4514
K0111801,蛋類,雞水煮蛋黃,"前處理描述:約7L一次水以大火煮25分鐘,水滾後續煮10分鐘,撈出瀝乾,取蛋黃均質",,69.7,342.5598,342.5598,49.199,15.544,30.4643,10.0924,2.9185,,,50.2446,,0.445,112.0903,143.4049,11.7069,6.5207,4.119
K01121,蛋類,茶葉蛋平均值,"樣品狀態:熟,雞蛋製品; 前處理描述:去殼,混合均勻打碎",,12.3,145.0465,145.0465,73.3343,13.6533,9.0607,3.1438,2.2218,,1.7515,443.9512,,0.1238,110.1666,49.8581,12.7119,2.5998,1.3619
K0112101,蛋類,茶葉蛋(市售),"樣品狀態:熟,雞蛋製品; 前處理描述:去殼,混合均勻打碎",,12.4,146.7182,146.7182,72.711,13.522,8.7314,3.1332,3.5119,,1.7515,429.5443,,0.118,112.4827,49.7307,13.7657,1.431,1.2443
K0112102,蛋類,茶葉蛋(浸泡隔夜),"前處理描述:以白煮蛋煮2小時後(水1.5L,鹽45g,烏龍茶葉40g),原液浸泡隔夜,撈出瀝乾均質",,12.1,143.3748,143.3748,73.9576,13.7846,9.39,3.1466,0.9316,,,458.358,,0.1295,107.8505,49.9855,11.658,3.7685,1.4795
K0112601,蛋類,茶葉蛋白(浸泡隔夜),"前處理描述:以白煮蛋煮2小時後(水1.5L,鹽45g,烏龍茶葉40g),原液浸泡隔夜,取蛋白均質",,38.9,54.4229,54.4229,84.777,12.932,0.1265,0.0448,0.3891,,,555.3522,,0.0455,116.8527,11.8313,10.6272,0.0,0.4818
K0112801,蛋類,茶葉蛋黃(浸泡隔夜),"前處理描述:以白煮蛋煮2小時後(水1.5L,鹽45g,烏龍茶葉40g),原液浸泡隔夜,取蛋黃均質",,72.0,344.1043,344.1043,49.5415,15.7065,30.2935,10.1492,2.1592,,,239.4033,,0.32,87.4917,136.0839,13.9802,5.7738,3.7307
K01131,蛋類,雞皮蛋平均值,"樣品狀態:雞蛋製品; 前處理描述:去殼,混合均勻打碎",,11.8,134.3368,134.3368,74.6713,12.496,8.0598,2.7276,2.9538,,0.0,599.1474,,0.0234,134.1601,45.2247,8.5778,1.5515,0.7863
K0113101,蛋類,雞皮蛋,"樣品狀態:雞蛋製品(雞蛋,食鹽,鹼液等); 前處理描述:去殼,混合均勻打碎",,11.9,141.8953,141.8953,73.4335,12.757,8.5105,2.6755,3.5682,,,615.5333,,0.0067,138.2532,49.9144,9.5521,1.1575,0.7171
K0113201,蛋類,土雞皮蛋,"樣品狀態:雞蛋製品(雞蛋,食鹽,鹼液等); 前處理描述:去殼,混合均勻打碎",,11.8,126.7782,126.7782,75.909,12.235,7.609,2.758,2.3393,,0.0,582.7615,,0.04,130.067,40.535,7.6035,1.9455,0.8555
K01201,蛋類,滷蛋平均值,"樣品狀態:熟,雞蛋製品; 前處理描述:混合均勻打碎",,,183.7698,183.7698,64.3085,16.4022,11.0762,3.8032,4.6187,,4.3393,1155.9177,,0.178,162.5673,51.7739,20.8833,2.6691,1.9733
K0120101,蛋類,雞滷蛋(市售),"樣品狀態:熟,雞蛋製品(雞蛋,醬油,調味料等); 前處理描述:混合均勻打碎",,,190.7914,190.7914,64.66,15.6803,11.4042,4.0536,6.3581,,4.3393,582.563,,0.1759,90.9173,60.5363,14.985,2.6883,2.1183
K0120102,蛋類,雞滷蛋(現煮),"前處理描述:將水煮蛋加醬油與一次水各2L,以小火煮約2小時,撈出瀝乾均質",,,178.4489,178.4489,65.0522,16.579,11.0665,3.7372,3.1336,,,1277.887,,0.187,195.0585,54.4905,21.3925,2.446,1.8995
K0120103,蛋類,雞滷蛋(浸泡隔夜),"前處理描述:將水煮蛋加醬油與一次水各2L,以小火煮約2小時,以原滷液浸泡隔夜,撈出瀝乾均質",,,182.0692,182.0692,63.2133,16.9473,10.758,3.6249,4.3645,,,1607.303,,0.171,201.726,40.295,26.2725,2.873,1.902
K01206,蛋類,滷蛋白平均值,"樣品狀態:熟,雞蛋製品; 前處理描述:去蛋黃,混合均勻打碎",,,86.7077,86.7077,73.4618,16.6855,0.1959,0.0749,4.5508,,,1794.3959,,0.1158,225.4378,13.5888,25.3147,0.9229,0.9258
K0120601,蛋類,雞滷蛋白(現煮),"前處理描述:將水煮蛋加醬油與一次水各2L,以小火煮約2小時,瀝乾,取蛋白均質",,,83.947,83.947,74.492,16.64,0.1962,0.076,3.9053,,,1623.1574,,0.1165,223.3618,13.0161,22.5079,0.6429,0.9676
K0120602,蛋類,雞滷蛋白(浸泡隔夜),"前處理描述:將白煮蛋加醬油與一次水各2L,以小火煮約2小時,原滷液浸泡隔夜,瀝乾,取蛋白均質",,,89.4683,89.4683,72.4315,16.731,0.1955,0.0737,5.1962,,,1965.6344,,0.115,227.5138,14.1614,28.1215,1.2028,0.884
K01208,蛋類,滷蛋黃平均值,"樣品狀態:熟,雞蛋製品; 前處理描述:混合均勻打碎",,,379.055,379.055,44.3093,17.0285,33.6838,11.361,1.9468,,,697.487,,0.3138,141.1248,118.8049,20.6918,6.5292,3.9861
K0120801,蛋類,雞滷蛋黃(現煮),"前處理描述:將水煮蛋加醬油與一次水各2L以小火煮約2小時後,瀝乾,取蛋黃均質",,,375.7408,375.7408,45.3485,16.6395,33.7644,11.4012,1.3258,,,562.8427,,0.3345,136.3059,141.0134,19.1035,6.5778,3.8506
K0120802,蛋類,雞滷蛋黃(浸泡隔夜),"前處理描述:將水煮蛋加醬油與一次水各2L,以小火煮約2小時,以原液浸泡隔夜,瀝乾,取蛋黃均質",,,382.3691,382.3691,43.27,17.4175,33.6031,11.3209,2.5678,,,832.1312,,0.293,145.9437,96.5963,22.2801,6.4806,4.1216
K0121101,蛋類,雞鐵蛋,"樣品狀態:熟,雞蛋製品; 前處理描述:混合均勻打碎",,,287.5,287.5,47.2,26.6,17.5,6.2458,5.9,,,766.0,,0.143,256.0,84.0,26.0,3.6,2.5
K0122101,蛋類,雞水波蛋,"樣品狀態:熟; 前處理描述:約3L一次水滾後打入蛋,改以小火煮2~3分鐘,撈出瀝乾均質",(不帶殼水煮蛋),17.7,146.9589,146.9589,75.884,11.584,10.6932,3.6141,0.8217,,,92.4088,,0.1405,109.05,50.4434,10.1091,3.8782,1.7359
K0123101,蛋類,荷包蛋(不加油),"前處理描述:不沾鍋中不加油,待鍋熱打入蛋,約1~2分鐘後翻面,每粒約煎2~3分鐘,取出放冷均質",,,161.9092,161.9092,72.2355,13.9765,11.1942,3.8014,1.4475,,,151.3373,,0.1325,139.3145,52.0376,11.3716,3.4447,1.6891
K0123201,蛋類,荷包蛋(加油1小匙),"前處理描述:不沾鍋中加入1小匙油,待油熱打入蛋,約1~2分鐘後翻面,每粒約煎2~3分鐘,取出放冷均質",,,192.2388,192.2388,69.3125,13.0145,14.8524,3.0916,1.6273,,,140.4024,,0.1325,142.1099,54.7774,12.5145,2.2851,1.7334
K0150101,蛋類,煎蛋(不加油),"前處理描述:雞蛋去殼打勻,小火加熱不沾鍋2~3分鐘,分五次倒入蛋液,兩面煎熟後,取出放冷均質",,,160.5316,160.5316,69.0225,13.506,11.2689,3.7829,4.8791,,,145.3315,,0.1245,134.5726,58.2273,12.6202,9.8088,1.7643
K0150201,蛋類,炒蛋(加油3大匙),"前處理描述:雞蛋去殼打勻,於不沾鍋中加入3大匙油,熱鍋2分鐘,倒入蛋液以小火快炒3分鐘,取出放冷均質",,,214.542,214.542,65.338,12.9025,16.0664,2.9616,4.5836,,,125.8635,,0.122,124.7366,51.1952,11.5725,2.5133,1.4335
K01503,蛋類,蒸蛋平均值,"樣品狀態:熟,雞蛋製品; 前處理描述:混合均勻打碎",,,64.4478,64.4478,87.2267,5.2615,4.6017,1.7143,2.1604,,,151.0777,,0.0422,52.8389,24.0122,5.6038,0.9146,0.7939
K0150301,蛋類,蒸蛋(市售),"樣品狀態:熟,雞蛋製品(不含調味包); 前處理描述:混合均勻打碎",芙蓉豆腐,,31.5742,31.5742,90.11,3.58,1.77,0.6461,3.373,,,326.56,,0.0225,33.96,20.24,5.43,0.9,0.476
K0150302,蛋類,蒸蛋(微波爐),"前處理描述:雞蛋去殼加入等重一次水打勻,倒入容器,蓋上保鮮膜,以強微波加熱7.5分鐘後,取出放冷均質",,,82.2243,82.2243,85.2805,6.3665,6.0384,2.4405,1.7743,,,65.0659,,0.0555,61.8452,25.27,5.4847,1.0328,0.9296
K0150303,蛋類,蒸蛋(電鍋),"前處理描述:雞蛋去殼加入等重一次水打勻,分裝70mL蛋液於鋼杯中,電鍋加熱25分鐘,放冷均質",,,79.5448,79.5448,86.2895,5.838,5.9968,2.0893,1.334,,,61.6071,,0.0485,62.7114,26.5266,5.8966,0.8109,0.976
K0200101,蛋類,鴨蛋,"樣品狀態:生,鴨全蛋; 前處理描述:去殼,混合均質",,12.5,187.0186,187.0186,71.232,13.147,14.3789,4.5885,0.211,,0.0,148.733,,0.208,156.119,67.282,13.715,2.821,1.688
K0200201,蛋類,紅面番鴨蛋,"樣品狀態:生; 前處理描述:去殼,混合均質",,13.0,198.0024,198.0024,70.92,13.14,15.6,4.8962,0.0,,,129.18,,0.2245,122.09,48.22,12.51,3.54,1.861
K0206101,蛋類,鴨蛋白,"樣品狀態:生; 前處理描述:去殼及蛋黃,混合均質",,,47.088,47.088,87.1,10.8,0.0,,1.4,,,163.0,,0.012,148.0,2.0,11.0,0.3,0.1
K0208101,蛋類,鴨蛋黃,"樣品狀態:生; 前處理描述:去殼及蛋白,混合均質",,,346.704,346.704,49.7,15.8,30.8,10.0008,2.0,,,50.0,,0.384,91.0,140.0,11.0,6.4,3.7
K0213101,蛋類,鴨皮蛋,"樣品狀態:鴨蛋製品(鴨蛋,鹼液,鹽,茶葉等); 前處理描述:去殼,混合均勻打碎",,10.8,163.9459,163.9459,71.4175,12.7715,11.3539,3.5617,2.6687,,0.0,590.06,,0.041,133.437,40.3715,6.872,3.3625,1.1125
K02141,蛋類,鴨鹹蛋平均值,"樣品狀態:鴨蛋製品; 前處理描述:去殼,混合均勻打碎",,13.2,184.6259,184.6259,66.6968,13.3108,14.1293,4.5755,1.0546,,0.103,1672.2265,,0.2035,134.5005,72.6288,13.3737,2.9837,1.6027
K0214101,蛋類,鴨生鹹蛋,"樣品狀態:生,鴨蛋製品; 前處理描述:去殼,混合均勻打碎",,14.0,177.716,177.716,69.14,12.492,14.71,4.5742,0.0,,,1681.36,,0.1285,143.57,31.7,15.29,3.25,1.344
K0214102,蛋類,鴨熟鹹蛋,"樣品狀態:熟,鴨蛋製品; 前處理描述:去殼,混合均勻打碎",,12.5,182.6193,182.6193,65.882,13.71,13.8417,4.548,0.801,,0.206,2068.0815,,0.2035,133.29,62.497,11.5095,2.8105,1.747
K0214103,蛋類,鴨熟鹹蛋(薄鹽),"樣品狀態:熟,鴨蛋製品; 前處理描述:去殼,混合均勻打碎",,13.7,193.5423,193.5423,65.0685,13.7305,13.8363,4.5933,3.5234,,0.0,1267.238,,0.2785,126.6415,123.6895,13.3215,2.8905,1.717
K0214801,蛋類,鴨鹹蛋黃,"樣品狀態:熟,鴨蛋製品; 前處理描述:混合均勻打碎",,,528.3239,528.3239,24.1925,23.62,47.6391,15.2729,1.273,,0.013,396.5015,,0.5583,117.655,185.377,18.5885,7.929,5.0075
K0300101,蛋類,鵪鶉蛋,"樣品狀態:生; 前處理描述:去殼,混合均質",鳥蛋,16.7,172.196,172.196,72.106,12.666,12.9681,4.757,1.1517,,0.395,142.193,,0.1263,167.394,51.1015,11.143,2.971,2.08
K0311101,蛋類,鵪鶉水煮蛋,"樣品狀態:熟,鵪鶉蛋製品; 前處理描述:混合均勻打碎",鳥蛋,,162.8068,162.8068,74.6877,12.301,12.1036,4.4863,0.0476,,0.013,89.1257,,0.0613,13.1677,57.5,9.529,2.6387,1.7653
K0313101,蛋類,鵪鶉皮蛋,"樣品狀態:鵪鶉蛋製品; 前處理描述:去殼,混合均勻打碎",鳥蛋,11.1,160.3566,160.3566,71.1815,13.8085,10.891,3.8766,1.7759,,0.0,790.655,,0.0179,146.8515,82.996,6.672,2.374,1.713
K0314101,蛋類,鵪鶉鹹蛋,"樣品狀態:熟,鵪鶉蛋製品(鵪鶉蛋,鹽,香辛料,自來水等); 前處理描述:去殼,混合均勻打碎",鳥蛋,12.4,173.2226,173.2226,66.927,13.73,12.2926,4.3971,1.9173,,0.224,1809.831,,0.15,151.593,56.404,12.11,2.802,2.077
K0320101,蛋類,鵪鶉滷蛋,"樣品狀態:熟,鵪鶉蛋製品,真空包裝(鵪鶉蛋,醬油,糖,鹽,調味料等); 前處理描述:混合均勻打碎",鳥蛋,,238.2325,238.2325,56.96,16.197,14.3321,5.4326,11.1139,,4.965,314.792,,0.142,91.944,78.387,12.526,3.12,2.472
K0321101,蛋類,鵪鶉鐵蛋,"樣品狀態:熟,鵪鶉蛋製品,真空包裝(鵪鶉蛋.蜂蜜.醬油等); 前處理描述:去殼,混合均勻打碎",鳥蛋,,439.13,439.13,20.39,28.82,26.93,9.8731,20.37,,,193.63,,1.0454,240.72,152.53,30.86,6.23,3.61
K0400101,蛋類,鴿蛋,"樣品狀態:生; 前處理描述:去殼,混合均質",鳥蛋,16.0,96.1596,96.1596,80.76,10.18,5.74,1.5309,2.535,,,142.99,,0.0893,127.11,24.72,9.18,3.19,1.303
K0500102,蛋類,鵝蛋,"樣品狀態:生; 前處理描述:去殼,混合均質",,14.0,178.8098,178.8098,70.23,10.0,14.99,5.4877,3.194,,,133.7,,0.2875,129.53,49.29,11.05,4.31,2.14
L0100101,乳品類,高脂鮮乳,樣品狀態:高脂(≧3.8%)鮮乳; 前處理描述:混合均勻,"牛乳,牛奶",,72.5358,72.5358,85.75,3.191,3.9956,2.7439,6.147,,4.99,38.82,,0.02,140.18,115.97,13.14,0.07,0.497
L01021,乳品類,全脂鮮乳平均值,樣品狀態:全脂(3.0-3.8%)鮮乳; 前處理描述:混合均勻,"牛乳,牛奶",0.0,63.1961,63.1961,87.8608,3.112,3.5829,2.4696,4.7582,0.0,4.4116,37.4138,0.0024,0.032,146.6358,104.1001,9.6406,0.083,0.4229
L0102101,乳品類,全脂鮮乳(1月取樣),樣品狀態:全脂(3.0-3.8%)鮮乳; 前處理描述:混合均勻,"牛乳,牛奶",,62.3801,62.3801,88.17,2.926,3.61,2.5154,4.691,,,39.77,,0.02,151.95,116.99,8.33,0.16,0.55
L0102102,乳品類,全脂鮮乳(4月取樣),樣品狀態:全脂(3.0-3.8%)鮮乳; 前處理描述:混合均勻,"牛乳,牛奶",,61.798,61.798,88.18,2.936,3.5582,2.54,4.6472,,4.881,34.59,,0.05,126.58,91.75,9.22,0.07,0.349
L0102103,乳品類,全脂鮮乳(6月取樣),樣品狀態:全脂(3.0-3.8%)鮮乳; 前處理描述:混合均勻,"牛乳,牛奶",,62.6849,62.6849,87.949,3.187,3.5687,2.471,4.5756,,3.986,35.976,,0.043,145.877,100.574,9.681,0.134,0.408
L0102104,乳品類,全脂鮮乳(9月取樣),樣品狀態:全脂(3.0-3.8%)鮮乳; 前處理描述:混合均勻,"牛乳,牛奶",,63.8406,63.8406,87.751,2.78,3.5816,2.4143,5.294,,4.2965,32.865,,0.036,129.319,88.684,8.839,0.0,0.4
L0102105,乳品類,全脂鮮乳(10月取樣),樣品狀態:全脂(3.0-3.8%)鮮乳; 前處理描述:混合均勻,"牛乳,牛奶",,64.0486,64.0486,87.6865,3.04,3.7049,2.5596,4.7808,,4.4513,35.7895,,0.053,168.055,97.423,8.7935,0.045,0.421
L0102106,乳品類,全脂鮮乳(11月取樣),樣品狀態:全脂(3.0-3.8%)鮮乳; 前處理描述:混合均勻,"牛乳,牛奶",,61.794,61.794,88.075,3.075,3.5,2.4421,4.625,,,46.75,,0.0145,162.5,109.5,13.25,0.1,0.45
L0102107,乳品類,全脂鮮乳(12月取樣),樣品狀態:全脂(3.0-3.8%)鮮乳; 前處理描述:混合均勻,"牛乳,牛奶",,64.2362,64.2362,87.405,3.225,3.435,2.3593,5.2382,,,41.7,,0.0395,147.245,94.46,9.6215,0.075,0.325
L0102108,乳品類,全脂鮮乳(7月取樣),樣品狀態:全脂(3.0-3.8%)鮮乳; 前處理描述:混合均勻,"牛乳,牛奶",0.0,64.786,64.786,87.67,3.727,3.7047,2.4508,4.2138,0.0,4.443,31.87,0.0024,0.0,141.56,133.42,9.39,0.08,0.48
L0104101,乳品類,中脂鮮乳,樣品狀態:中脂(1.5-3.0%)鮮乳; 前處理描述:混合均勻,"牛乳,牛奶",,48.4924,48.4924,89.3667,3.1333,1.8667,1.3002,4.8333,,,46.3333,,0.0113,156.6667,107.0,13.3333,0.1,0.4333
L0106101,乳品類,低脂鮮乳,樣品狀態:低脂(0.5-1.5%)鮮乳; 前處理描述:混合均勻,"牛乳,牛奶",0.0,42.611,42.611,89.96,3.284,1.0551,0.7356,4.9907,0.0,4.667,28.186,0.0027,0.04,146.939,95.927,7.944,0.0,0.684
L0110101,乳品類,高脂強化鮮乳(鈣強化),"樣品狀態:高脂強化鮮乳(生乳,異麥芽寡糖,鹿角菜膠,碳酸鈣,維生素D3等); 前處理描述:混合均勻","牛乳,牛奶",,68.0868,68.0868,86.94,3.156,3.9352,2.6706,5.1732,,4.6,36.113,,0.04,146.447,199.975,9.927,0.0,0.349
L0110201,乳品類,高脂強化鮮乳(寡醣強化),"樣品狀態:高脂強化鮮乳(生乳,寡醣等); 前處理描述:混合均勻","牛乳,牛奶",,69.1527,69.1527,86.94,3.2,4.08,2.8522,5.0712,,,43.78,,0.0568,164.96,70.68,10.147,0.23,0.35
L0114101,乳品類,中脂強化鮮乳(脂肪酸調整),樣品狀態:中脂強化鮮乳; 前處理描述:混合均勻,"牛乳,牛奶",,59.3384,59.3384,86.948,2.02,1.99,1.3875,8.5842,,,36.54,,0.047,87.01,61.46,5.824,0.08,0.22
L0116101,乳品類,低脂強化鮮乳(維生素E強化),樣品狀態:低脂強化鮮乳; 前處理描述:混合均勻,"牛乳,牛奶",,40.6785,40.6785,90.8,3.0,1.3381,0.966,4.1619,,4.974,43.0,,0.009,144.0,103.0,10.0,0.1,0.4
L0116201,乳品類,低脂強化鮮乳(寡醣強化),"樣品狀態:低脂強化鮮乳(生乳,寡糖等); 前處理描述:混合均勻","牛乳,牛奶",,46.1904,46.1904,89.387,3.138,1.3267,0.901,5.4598,,4.48,32.902,,0.039,151.366,111.908,10.115,0.101,0.407
L0118101,乳品類,脫脂強化鮮乳(鈣強化),樣品狀態:脫脂(<0.5%)強化鮮乳(脫脂生乳等); 前處理描述:混合均勻,"牛乳,牛奶",,42.1957,42.1957,89.03,3.53,0.33,0.2423,6.2589,,,49.21,,0.0261,181.97,150.36,11.23,0.0,0.304
L0118201,乳品類,脫脂強化鮮乳(寡醣強化),"樣品狀態:脫脂(<0.5%)強化鮮乳(生乳,寡醣等); 前處理描述:混合均勻","牛乳,牛奶",,36.4877,36.4877,90.6955,3.1145,0.3669,0.2301,5.1586,,4.6115,32.7025,,0.0495,133.871,101.413,9.0135,0.0,0.854
L0118301,乳品類,脫脂強化鮮乳(鐵強化),樣品狀態:脫脂(<0.5%)強化鮮乳; 前處理描述:混合均勻,"牛乳,牛奶",,40.8342,40.8342,89.26,4.15,0.17,0.11,5.5864,,,59.46,,0.041,159.44,119.19,11.599,0.7,0.67
L0124101,乳品類,中脂調味乳(巧克力),"樣品狀態:中脂調味乳(生乳,可可粉,水,砂糖,果糖,鹽,海藻酸鈉,鈣質等); 前處理描述:混合均勻","牛乳,牛奶",,62.5491,60.9691,86.288,1.941,1.9799,1.3598,9.2415,0.79,6.874,29.8,,0.022,132.295,60.184,11.083,0.429,0.291
L0124201,乳品類,中脂調味乳(多穀類),"樣品狀態:中脂調味乳(生乳,大麥,杏仁豆,白芝麻,燕麥,糙米等); 前處理描述:混合均勻","牛乳,牛奶",,67.4732,65.204,86.407,2.39,3.07,2.0532,7.5708,1.1346,,44.61,,0.036,103.75,51.87,9.127,0.11,0.29
L0124301,乳品類,中脂調味乳(果汁),樣品狀態:中脂(0.5-1.5%)調味乳; 前處理描述:混合均勻,"牛乳,牛奶",,54.2095,54.2095,88.0,1.6,1.5619,1.1714,8.4381,,9.863,39.0,,0.005,79.0,31.0,9.0,0.0,0.2
L0124401,乳品類,中脂調味乳(鈣強化),樣品狀態:中脂(≧1.5%)調味乳; 前處理描述:混合均勻,"牛乳,牛奶",,67.99,67.99,85.6,2.3,2.558,1.8439,8.942,,4.137,63.0,,0.039,134.0,79.0,9.0,0.1,0.3
L0124501,乳品類,中脂調味乳(維生素強化),樣品狀態:中脂(≧1.5%)調味乳; 前處理描述:混合均勻,"牛乳,牛奶",,59.6305,59.6305,86.9,2.0,1.9261,1.3465,8.5739,,7.091,30.0,,0.032,85.0,46.0,6.0,0.1,0.4
L0124601,乳品類,中脂調味乳(纖維&維生素E強化),樣品狀態:中脂(≧1.5%)調味乳; 前處理描述:混合均勻,"牛乳,牛奶",,65.7,65.1,85.5,2.4,2.1,1.4532,9.3,0.3,,50.0,,0.052,126.0,65.0,11.0,0.1,0.3
L0126101,乳品類,低脂調味乳(木瓜),樣品狀態:低脂(0.5-1.5%)調味乳; 前處理描述:混合均勻,"牛乳,牛奶",,60.9245,60.9245,85.9,1.8,1.3049,0.9254,10.4951,,9.484,58.0,,0.04,109.0,41.0,8.0,0.2,0.2
L0130101,乳品類,高脂保久乳,樣品狀態:高脂(≧3.8%)保久乳(生乳); 前處理描述:混合均勻,"牛乳,牛奶",,71.0198,71.0198,87.725,3.107,5.0787,3.4667,3.3879,,4.573,31.542,,0.036,146.82,103.905,9.698,0.075,0.382
L0132101,乳品類,全脂保久乳,樣品狀態:全脂(3.0-3.8%)保久乳; 前處理描述:混合均勻,"牛乳,牛奶",,61.9816,61.9816,87.65,2.954,3.3772,2.5599,5.0859,,4.454,54.795,,0.0322,166.37,94.76,10.845,0.065,0.446
L0134101,乳品類,中脂保久乳,樣品狀態:中脂(1.5-3.0%)保久乳; 前處理描述:混合均勻,"牛乳,牛奶",,48.4554,48.4554,89.27,3.2265,1.8185,1.4116,4.8304,,6.118,52.245,,0.0361,178.82,79.58,8.675,0.06,0.459
L0146101,乳品類,低脂強化保久乳(寡糖強化),"樣品狀態:低脂(0.5-1.5%)強化保久乳(生乳,寡糖等); 前處理描述:混合均勻","牛乳,牛奶",,45.945,45.945,89.061,3.204,1.0465,0.6953,5.96,,4.755,32.916,,0.036,147.525,110.336,9.909,0.063,0.407
L0154101,乳品類,中脂調味保久乳(巧克力),"樣品狀態:中脂調味保久乳(生乳,可可粉,砂糖,果糖,鹽,海藻酸鈉,鈣質等); 前處理描述:混合均勻","牛乳,牛奶",,60.3041,59.3359,86.591,1.897,1.7369,1.2596,9.271,0.4841,8.363,33.765,,0.02,114.42,58.118,9.244,0.247,0.337
L0154201,乳品類,中脂調味保久乳(布丁),樣品狀態:中脂調味保久乳; 前處理描述:混合均勻,"牛乳,牛奶",,60.9,60.9,86.4,1.6,1.7,1.3263,9.8,,,51.0,,0.286,69.0,37.0,6.0,0.1,0.2
L0200101,乳品類,全脂奶粉,樣品狀態:全脂(26-42%)奶粉; 前處理描述:混合均勻,乳粉,,504.1563,504.1563,2.751,26.379,28.2449,19.2866,37.0143,,36.408,336.565,,0.3535,1164.323,912.029,93.764,0.223,2.934
L0204101,乳品類,部份脫脂奶粉,樣品狀態:部份脫脂(1.5-26%)奶粉; 前處理描述:混合均勻,乳粉,,420.4767,420.4767,2.5,32.8,11.6101,7.9845,46.0899,,44.723,352.0,,0.404,1454.0,1261.0,115.0,0.4,4.0
L0204201,乳品類,部份脫脂奶粉(即溶),樣品狀態:部份脫脂(1.5-26%)奶粉; 前處理描述:混合均勻,乳粉,,445.2603,445.2603,2.81,23.664,16.43,12.4374,51.6267,,,303.38,,0.161,1243.46,959.33,79.82,0.15,2.614
L0204301,乳品類,部份脫脂低乳糖奶粉,"樣品狀態:部份脫脂(1.5-26%)低乳糖奶粉(低脂牛乳,大豆卵磷脂等); 前處理描述:混合均勻",乳粉,,415.8463,415.8463,2.14,34.63,10.39,7.6964,45.6455,,,401.45,,0.2296,1567.32,1246.31,108.658,0.45,2.89
L0207101,乳品類,脫脂奶粉,樣品狀態:脫脂(<1.5%)奶粉; 前處理描述:混合均勻,乳粉,,360.6573,360.6573,3.966,36.214,0.9139,0.3516,51.1603,,36.635,337.655,,0.487,1758.337,1406.487,114.699,0.167,3.996
L0207201,乳品類,脫脂奶粉(即溶),樣品狀態:脫脂(<1.5%)奶粉; 前處理描述:混合均勻,乳粉,,359.7235,359.7235,4.1,38.0,0.9629,0.6891,48.8371,,34.151,435.0,,0.071,1621.0,1411.0,133.0,0.4,2.2
L0211101,乳品類,全脂強化奶粉(纖維強化),樣品狀態:全脂(26-42%)強化奶粉; 前處理描述:混合均勻,乳粉,,499.507,493.523,2.6,25.6,27.0,20.9574,39.5,3.2,,313.0,,0.508,1008.0,984.0,82.0,3.1,2.9
L0214101,乳品類,部份脫脂強化奶粉(鈣強化),樣品狀態:部份脫脂(1.5-26%)強化奶粉; 前處理描述:混合均勻,乳粉,,407.9678,407.9678,4.411,25.036,11.7819,7.9408,51.0339,,44.483,331.421,,0.827,1464.59,1554.513,101.166,6.679,5.884
L0214201,乳品類,部份脫脂強化奶粉(纖維&DHA強化),"樣品狀態:部份脫脂強化奶粉(奶粉,卵磷脂,菊芋粉,啤酒酵母,DHA等); 前處理描述:混合均勻",乳粉,,475.935,465.9045,1.14,23.169,22.07,15.1492,47.2889,5.3639,,275.94,,0.44,1270.91,1283.33,99.65,0.7,3.723
L0214301,乳品類,部份脫脂強化奶粉(纖維&鈣強化),"樣品狀態:部份脫脂(1.5-26%)強化奶粉(部份脫脂奶粉,菊芋粉等); 前處理描述:混合均勻",乳粉,,375.0025,373.4496,2.89,35.923,3.6776,2.5922,48.9109,0.8304,30.168,412.32,,0.4504,1238.97,1707.16,119.598,3.4,3.5
L0214401,乳品類,部份脫脂強化奶粉(脂肪酸調整),樣品狀態:部份脫脂(1.5-26%)強化奶粉; 前處理描述:混合均勻,乳粉,,481.0641,481.0641,2.19,22.722,23.48,10.1991,45.9049,,,284.31,,0.6946,1291.18,968.65,74.77,9.28,5.441
L0217101,乳品類,脫脂強化奶粉(抗氧化),樣品狀態:脫脂(<1.5%)強化奶粉(脫脂奶粉); 前處理描述:混合均勻,乳粉,,365.9038,365.132,2.98,32.343,1.01,0.6729,56.5688,0.4127,,496.39,,0.1373,1291.44,1079.81,121.59,0.0,4.093
L0217201,乳品類,脫脂強化奶粉(鈣&維生素A強化),樣品狀態:脫脂(<1.5%)強化奶粉; 前處理描述:混合均勻,乳粉,,360.0329,360.0329,3.5,38.0,1.0258,0.7257,48.7742,,33.777,387.0,,0.366,1516.0,1743.0,124.0,0.4,5.2
L0217301,乳品類,"脫脂強化奶粉(鈣&維生素C,E強化)","樣品狀態:脫脂(<1.5%)強化奶粉(脫脂牛奶,碳酸鈣,維生素等); 前處理描述:混合均勻",乳粉,,360.2211,360.2211,0.836,32.781,0.6585,0.4612,55.4155,,17.506,417.029,,0.435,2019.671,2325.014,109.733,0.303,4.256
L0217401,乳品類,脫脂強化奶粉(鈣&鐵強化),"樣品狀態:脫脂(<1.5%)強化奶粉(脫脂奶粉,維生素,礦物質等); 前處理描述:混合均勻",乳粉,,360.238,360.238,2.44,35.6,0.6799,0.4713,52.2609,,33.235,415.9,,0.3113,1774.96,1893.97,123.662,7.79,3.97
L0224101,乳品類,部份脫脂調味奶粉(巧克力),"樣品狀態:部份脫脂調味奶粉(即溶全脂牛奶,即溶脫脂牛奶,蔗糖,葡萄糖等); 前處理描述:混合均勻",乳粉,,405.7988,390.6602,2.225,14.054,6.8704,4.878,71.9373,7.5693,49.295,139.077,,0.24,1029.884,982.763,91.48,3.804,2.435
L0224201,乳品類,部份脫脂調味奶粉(果汁),"樣品狀態:部份脫脂(1.5-26%)調味奶粉(奶粉,乳糖,果汁粉等); 前處理描述:混合均勻",乳粉,,435.2965,435.2965,2.3,19.8,12.2593,9.2307,61.4407,,56.943,208.0,,0.078,892.0,736.0,75.0,0.4,2.2
L0308101,乳品類,脫脂稀釋發酵乳,"樣品狀態:脫脂(<0.5%)稀釋發酵乳(生乳,乳酸菌等); 前處理描述:混合均勻",活菌乳酸飲料,,68.0919,68.0919,82.7488,1.0663,0.0535,0.0291,15.8363,,14.786,21.2265,,0.0135,59.4103,34.4791,4.4161,0.05,0.1693
L0308201,乳品類,脫脂稀釋發酵乳(鈣強化),"樣品狀態:脫脂稀釋發酵乳(生乳,脫脂乳粉,蔗糖,果糖,聚糊精,乳酸鈣等); 前處理描述:混合均勻",活菌乳酸飲料,,72.2203,72.2203,81.747,1.015,0.0711,0.0193,16.8801,,15.154,19.66,,0.059,58.862,51.8616,3.6544,0.0,0.122
L0312101,乳品類,全脂濃稠發酵乳,"樣品狀態:全脂(3.0-3.8%)濃稠發酵乳(生乳,特砂,乳製品,水等); 前處理描述:混合均勻",優酪乳,,90.1733,90.1733,80.563,4.06,3.1889,2.1059,11.3083,,11.183,52.261,,0.098,172.544,89.8877,11.3713,0.0,0.477
L0314101,乳品類,中脂濃稠發酵乳,"樣品狀態:中脂濃稠發酵乳(生乳,脫脂奶粉,蔗糖,果膠,乳製品等); 前處理描述:混合均勻",優酪乳,,82.2568,80.4898,81.641,2.873,2.2792,1.5957,12.563,0.8835,9.066,38.07,,0.039,137.799,87.368,9.191,0.107,0.294
L0314201,乳品類,中脂濃稠發酵乳(無糖&纖維強化),"樣品狀態:中脂(1.5-3.0%)濃稠發酵乳(生乳,膳食纖維,寡糖等); 前處理描述:混合均勻",優酪乳,,74.3746,73.1358,83.647,3.163,2.217,1.4918,10.4424,0.6194,3.233,36.601,,0.044,141.291,94.2018,9.888,0.0,0.563
L0314301,乳品類,中脂濃稠發酵乳(草莓),"樣品狀態:中脂濃稠發酵乳(生乳,砂糖,草莓果粒,草莓濃縮汁,果膠,香料等); 前處理描述:混合均勻",優酪乳,,88.5982,87.6262,80.496,3.129,2.687,1.7586,12.9748,0.486,10.828,45.628,,0.043,163.07,77.8986,9.4267,0.0,0.321
L0316101,乳品類,低脂濃稠發酵乳,"樣品狀態:低脂(0.5-1.5%)濃稠發酵乳(生乳,乳酸菌等); 前處理描述:混合均勻",優酪乳,,73.3448,73.3448,82.531,2.3403,1.07,0.6685,13.5884,,10.151,30.247,,0.0207,90.7283,59.1644,6.9697,0.0667,0.3713
L0318101,乳品類,脫脂濃稠發酵乳,"樣品狀態:脫脂濃稠發酵乳(生乳,脫脂乳粉,蔗糖,果糖,果膠,半乳糖寡糖等); 前處理描述:混合均勻",優酪乳,,63.6955,63.2447,83.894,2.988,0.3931,0.2864,12.0514,0.2254,10.1615,25.8445,,0.047,96.89,75.9377,7.206,0.0215,0.188
L0318201,乳品類,脫脂濃稠發酵乳(低熱量),"樣品狀態:脫脂濃稠發酵乳(生乳,脫脂乳粉,蔗糖,果糖,麥芽糖,寡糖,果膠等); 前處理描述:混合均勻",優酪乳,,36.967,36.967,90.497,2.041,0.119,0.0496,6.933,,5.274,30.653,,0.044,70.582,69.8006,6.2115,0.0,0.695
L0318301,乳品類,脫脂濃稠發酵乳(草莓),"樣品狀態:脫脂(<0.5%)濃稠發酵乳(生乳,乳酸菌等); 前處理描述:混合均勻",優酪乳,,67.938,67.938,83.0,2.3,0.3876,0.2893,13.8124,,10.427,49.0,,0.019,123.0,56.0,9.0,0.0,0.4
L0318401,乳品類,脫脂濃稠發酵乳(啤酒酵母),"樣品狀態:脫脂濃稠發酵乳(生乳,脫脂乳粉,蔗糖,麥芽糖,寡糖,果膠,香料等); 前處理描述:混合均勻",優酪乳,,34.4808,34.4808,90.945,2.113,0.0636,0.0443,6.3641,,4.068,27.659,,0.115,96.881,73.4167,7.2634,0.308,0.342
L0320101,乳品類,高脂凝態發酵乳(纖維強化),"樣品狀態:高脂凝態發酵乳(生乳,脫脂奶粉,糖,鮮奶油,乳清蛋白,果膠等); 前處理描述:混合均質",優格,,94.6955,91.2755,80.273,3.207,3.8007,2.5963,11.9153,1.71,10.401,42.134,,0.043,142.947,96.903,9.914,0.424,0.322
L0322101,乳品類,全脂凝態發酵乳,"樣品狀態:全脂(3.0-3.8%)凝態發酵乳(生乳,乳酸菌等); 前處理描述:混合均質",優格,,97.2045,97.2045,78.9865,3.148,3.3461,2.3119,13.6244,,12.212,68.8405,,0.033,174.148,103.1542,12.8888,0.05,0.6055
L0324101,乳品類,中脂凝態發酵乳(草莓),"樣品狀態:中脂(1.5-3.0%)凝態發酵乳(生乳,乳酸菌等); 前處理描述:混合均質",優格,,101.9675,101.9675,77.2,3.7,2.7135,1.9798,15.6865,,13.865,58.0,,0.008,141.0,83.0,11.0,0.1,0.3
L0324201,乳品類,中脂凝態發酵乳(蘆薈),"樣品狀態:中脂凝態發酵乳(生乳,奶粉,蘆薈,砂糖,澱粉,蜂蜜,果膠等); 前處理描述:混合均質",優格,,90.0091,89.1961,79.742,1.74,2.5227,1.685,15.0862,0.4065,13.37,37.624,,0.055,161.829,113.9693,11.3537,0.0,0.425
L0328101,乳品類,脫脂凝態發酵乳(纖維強化),"樣品狀態:脫脂凝態發酵乳(脫脂生乳,蔗糖,果糖,寒天紅藻,明膠等); 前處理描述:混合均質",優格,,84.0967,83.9053,78.554,4.056,0.4535,0.3326,15.9478,0.0957,10.911,51.488,,0.061,205.411,142.356,13.373,0.099,0.535
L0338101,乳品類,脫脂保久稀釋發酵乳,"樣品狀態:脫脂保久稀釋發酵乳(糖,脫脂奶粉,發酵乳,果膠,檸檬酸鈉等); 前處理描述:混合均勻",乳酸飲料,,45.7419,45.7419,88.52,0.137,0.1247,0.0,11.0179,,11.787,28.484,,0.005,8.458,10.4216,1.0127,0.0,0.436
L0348101,乳品類,脫脂保久濃稠發酵乳(草莓&蘋果),樣品狀態:脫脂(<0.5%)保久濃稠發酵乳(草莓+蘋果等); 前處理描述:混合均勻,保久優酪乳,,68.2,68.2,82.3,3.0,0.2,0.1416,13.6,,,57.0,,0.014,146.0,67.0,11.0,0.1,0.5
L0400101,乳品類,淡煉乳,"前處理描述:混合均質(乳脂肪,蛋白質,乳糖等)","蒸發乳,奶水",,137.1,137.1,74.5,6.5,8.3,5.8523,9.1,,,187.0,,0.012,310.0,225.0,30.0,0.2,0.9
L0400201,乳品類,加糖部份脫脂煉乳,"樣品狀態:部份脫脂(1~8%)(生乳,乳脂,蔗糖等); 前處理描述:混合均勻",,,325.2007,325.2007,26.688,7.506,7.7991,3.9475,56.2462,,52.373,88.375,,0.045,371.2665,267.158,28.2175,0.11,0.945
L0500101,乳品類,切片乾酪,"前處理描述:混合均勻打碎(鮮牛奶,凝乳酶等)","起司,芝士(市售亦稱""乳酪"")",,309.2576,309.2576,47.162,18.3195,23.6949,17.5141,5.8799,,1.739,1594.267,,0.033,70.428,605.734,25.194,0.997,2.7745
L0500201,乳品類,切片乾酪(低脂),前處理描述:混合均勻打碎,"起司,芝士(市售亦稱""乳酪"")",,240.6898,240.6898,50.92,21.678,12.9989,9.3761,8.7505,,3.461,1598.01,,0.0284,168.49,597.59,27.63,2.89,2.463
L0500301,乳品類,刨絲乾酪,前處理描述:混合均勻打碎,"起司,芝士(市售亦稱""乳酪"")",,323.0455,323.0455,44.37,25.143,22.584,15.7606,4.4371,,0.4,548.31,,0.12,75.17,940.36,28.29,0.08,3.89
L0500401,乳品類,乾酪粉,"前處理描述:混合均勻(牛乳,乾酪培養物,鹽,酵素等)","起司粉,芝士粉(市售亦稱""乳酪粉"")",,480.4887,480.4887,15.003,40.397,34.0383,24.2327,3.139,,0.0,1543.182,,0.052,82.001,1150.56,34.559,0.403,6.533
L1000101,乳品類,鮮奶可可,"樣品狀態:現調飲料(巧克力粉,牛奶等); 前處理描述:混合均勻","巧克力牛奶,阿華田拿鐵",,79.6755,77.3253,82.765,2.106,2.7451,1.8594,11.6364,1.1751,9.012,37.684,,0.058,161.71,104.868,22.0,1.463,0.416
L1000201,乳品類,木瓜牛奶,"樣品狀態:現調飲料(水,木瓜,牛奶,糖等); 前處理描述:混合均勻",,,42.4734,41.1636,89.89,1.653,0.5778,0.4013,7.6653,0.6549,6.412,9.287,,0.014,109.56,37.963,10.358,0.088,0.169
L1100101,乳品類,高脂鮮羊乳,樣品狀態:高脂(≧3.8%)鮮羊乳; 前處理描述:混合均勻,羊奶,,65.2527,65.2527,87.7325,3.37,3.9501,2.8734,4.1709,,4.031,37.2105,,0.062,182.899,110.43,13.88,0.094,0.3774
L1104101,乳品類,中脂鮮羊乳,樣品狀態:中脂(1.5-3.0%)鮮羊乳; 前處理描述:混合均勻,羊奶,,47.7281,47.7281,90.21,2.697,2.41,2.0738,3.8832,,,33.64,,0.02,101.8,63.15,9.475,0.07,0.21
L1132101,乳品類,保久羊乳,樣品狀態:保久羊乳(乳脂肪≧3%); 前處理描述:混合均勻,羊奶,,58.8631,58.8631,88.568,2.9535,3.2627,2.3755,4.5407,,2.971,46.3995,,0.0455,155.8335,104.604,11.9645,0.048,0.349
L1154101,乳品類,中脂調味保久羊乳(巧克力),"樣品狀態:中脂(≧1.5%)調味保久羊乳(水,羊奶粉,糖,巧克力香料等); 前處理描述:混合均勻",羊奶,,58.6278,58.6278,86.862,1.1,1.461,0.921,10.2697,,9.74,29.282,,0.02,58.296,32.931,5.231,1.098,0.388
L1154201,乳品類,中脂調味保久羊乳(果汁),"樣品狀態:中脂(≧1.5%)調味保久羊乳(羊奶,果汁等); 前處理描述:混合均勻",羊奶,,75.2946,75.2946,84.05,2.94,2.8338,2.058,9.5076,,6.654,40.98,,0.0217,154.01,102.09,9.49,0.0,0.283
L1200101,乳品類,全脂羊奶粉,樣品狀態:全脂(≧26%)羊奶粉; 前處理描述:混合均勻,羊乳粉,,510.4145,510.4145,2.3,26.7,29.7568,21.3892,34.8432,,28.822,232.0,,0.248,1523.0,1069.0,95.0,0.3,3.2
L1200201,乳品類,全脂羊奶粉(即溶),"樣品狀態:全脂(≧1.5%)羊奶粉(全脂羊奶粉,卵磷脂等); 前處理描述:混合均勻",羊乳粉,,517.3715,517.3715,1.866,25.901,30.8219,18.7992,35.1033,,29.69,225.03,,0.545,1503.887,849.204,114.956,0.204,2.77
M0100101,油脂類,牛油(未精煉),前處理描述:混合均勻,,,642.3349,642.3349,14.38,0.0,71.93,30.9986,4.2429,,,,,,,,,,
M0100201,油脂類,牛油(精煉),前處理描述:混合均勻(純牛油精煉),,,885.2764,885.2764,0.0845,0.043,99.1351,48.8597,0.5643,,,2.71,,,2.868,6.044,0.0,0.418,0.402
M0200101,油脂類,豬油,前處理描述:混合均勻(純豬油),,,889.9192,889.9192,0.3462,0.0,99.655,39.5786,0.0,,,,,,,,,,
M0200102,油脂類,豬油(2022年取樣),前處理描述:混合均勻(純豬油),,0.0,891.6605,891.6605,0.15,0.0,99.85,38.172,0.0,0.0,0.0,1.36,0.0,0.0,1.0,0.21,0.0,0.0,0.0
M0200201,油脂類,高油酸豬油,前處理描述:混合均勻(高油酸豬油),,,893.0,893.0,0.0,0.0,100.0,25.98,0.0,,,,,,,,,,
M0300101,油脂類,雞油,"前處理描述:取雞脂肪,以小火煎炸而得,混合均勻",,,890.8122,890.8122,0.3086,0.0,99.755,32.5097,0.0,,,,,,,,,,
M0900101,油脂類,"奶油(固態,不加鹽)","前處理描述:混合均質(乳脂,水,非脂乳固形物等)","動物性奶油(CNS命名""乳酪"")",,733.026,733.026,15.813,0.606,82.7195,57.3321,0.8615,,0.858,5.897,,0.01,20.765,19.264,1.599,0.377,0.321
M0900201,油脂類,"奶油(固態,加鹽)","前處理描述:混合均質(乳脂,鹽分,凝乳等)","動物性奶油(CNS命名""乳酪"")",,698.8765,698.8765,16.338,0.6715,77.5336,55.2369,3.7439,,0.0,624.2275,,0.0045,14.765,21.0335,2.3345,0.206,0.2385
M0900301,油脂類,奶油(液態),"前處理描述:混合均勻(乳脂,非乳脂固形物,食品添加物等)","動物性奶油,鮮奶油(CNS命名""乳油"")",,339.9749,339.9749,61.688,1.998,39.1051,27.0764,0.0,,3.225,24.413,,0.029,98.364,70.679,7.046,0.416,0.436
M1000101,油脂類,人造奶油(維生素強化),"樣品狀態:全脂(60~80%)人造奶油(植物油,鹽,維生素E,胡蘿蔔素等); 前處理描述:混合均質",植物性奶油,,725.0683,725.0683,15.902,0.084,82.0213,52.8168,0.0,,0.0,804.418,,0.0,10.601,1.146,0.0,4.788,0.0
M1000102,油脂類,人造奶油(2021年取樣),"樣品狀態:食用油脂(棕櫚油,無水奶油,大豆油,硬質棕油),食鹽等; 前處理描述:混合均質",乳瑪琳,0.0,722.1175,722.1175,15.16,0.086,81.6875,43.3987,1.6846,0.0,0.158,552.8,0.0017,0.27,11.97,1.648,0.97,0.0,0.0
M1000201,油脂類,中脂人造奶油,"樣品狀態:中脂(60~80%)人造奶油(黃豆卵磷脂,氫化植物油等); 前處理描述:混合均質",植物性奶油,,673.7848,673.7848,20.34,0.01,76.22,43.0379,1.3,,,883.22,,0.0,10.51,2.68,3.21,0.53,0.18
M1000301,油脂類,人造奶油(低熱量),"前處理描述:混合均勻(玉米油,明膠,鹽,乳化劑,香料等)",,,93.9692,93.9692,56.0,2.508,10.63,2.283,29.5627,,,475.93,,0.0,0.86,1.78,0.71,0.12,1.031
M1100101,油脂類,大豆油,前處理描述:混合均勻(100%大豆沙拉油),"黃豆油,沙拉油",,883.8886,883.8886,0.05,0.0,99.9874,16.1027,0.0,,,,,,,,,,
M1100201,油脂類,大豆油(卵磷脂強化),"前處理描述:混合均勻(大豆油,大豆卵磷脂)",,,880.1104,880.1104,0.44,0.0,99.56,15.6543,0.0,,,,,,,,,,
M1100301,油脂類,大豆油(多種維生素強化),前處理描述:混合均勻(維生素強化大豆油),沙拉油,,883.116,883.116,0.1,0.0,99.9,15.5345,0.0,,,,,,,,,,
M1200101,油脂類,玉米油,前處理描述:混合均勻(純玉米胚芽提煉),"粟米油,玉米胚芽油",,882.5617,882.5617,0.0419,0.015,99.8373,14.7821,0.1058,,,,,,,,,,
M1300101,油脂類,米油(秈米),前處理描述:混合均勻,"米糠油,玄米油,胚芽米油",,883.4837,883.4837,0.0,0.076,99.9416,24.1024,0.0,,,,,,,,,,
M1300201,油脂類,米油(粳米),前處理描述:混合均勻,"米糠油,玄米油,胚芽米油",,883.116,883.116,0.097,0.0,99.9,20.0669,0.003,,,,,,,,,,
M1400101,油脂類,亞麻仁油,前處理描述:混合均勻(有機冷壓亞麻籽油),,,820.4369,820.4369,0.098,0.171,92.8096,9.6977,6.8532,,,,,,,,,,
M1500101,油脂類,白芝麻油,前處理描述:混合均勻,,,883.6517,883.6517,0.094,0.09,99.9606,16.8714,0.0,,,,,,,,,,
M1500201,油脂類,黑芝麻油,前處理描述:混合均勻(純芝麻提煉而成),,,881.0165,881.0165,0.075,0.086,99.6625,16.5286,0.1765,,,,,,,,,,
M1550101,油脂類,調合芝麻油,前處理描述:混合均勻,,,883.8046,883.8046,0.0755,0.065,99.9779,16.1604,0.0,,,,,,,,,,
M1600101,油脂類,花生油,前處理描述:混合均勻(純花生油),,,883.116,883.116,0.1,0.0,99.9,20.7792,0.0,,,,,,,,,,
M1650101,油脂類,調合花生油,"前處理描述:混合均勻(花生油,芝麻油,玉米胚芽油,沙拉油等)",,,883.6004,883.6004,0.0755,0.023,99.9548,19.4022,0.0,,,,,,,,,,
M1700101,油脂類,油菜籽油,前處理描述:混合均勻,,,883.116,883.116,0.076,0.0,99.9,6.3549,0.024,,,,,,,,,,
M1800101,油脂類,芥花油,前處理描述:混合均勻,"芥花籽油,菜籽油",,883.0435,883.0435,0.1133,0.0107,99.8918,9.7029,0.0,,,1.701,,,1.084,5.017,0.0,0.0,0.351
M1900101,油脂類,南瓜籽油,前處理描述:混合均勻,,,883.116,883.116,0.08,0.0,99.9,17.9425,0.02,,,,,,,,,,
M2000101,油脂類,紅花籽油,前處理描述:混合均勻(純紅花籽提煉),,,883.558,883.558,0.0708,0.0,99.95,10.5973,0.0,,,,,,,,,,
M2000201,油脂類,高油酸紅花籽油,前處理描述:混合均勻,,,880.1661,880.1661,0.03,0.0165,99.5663,8.3636,0.3872,,,,,,,,,,
M2100101,油脂類,核桃油,前處理描述:混合均勻,,,883.116,883.116,0.0777,0.0,99.9,10.3954,0.0223,,,,,,,,,,
M2200101,油脂類,油茶油,前處理描述:混合均勻(油茶籽提煉),"苦茶(籽)油,山茶油,天綠果油,大果種油茶油",,883.3547,883.3547,0.1,0.0,99.927,11.0595,0.0,,,0.759,,,1.738,4.5,3.23,0.0,0.393
M2200201,油脂類,熟油茶油,前處理描述:混合均勻(油茶籽提煉),"苦茶(籽)油,山茶油,天綠果油,大果種油茶油",,883.116,883.116,0.08,0.0,99.9,20.6164,0.02,,,,,,,,,,
M2300101,油脂類,高油酸棕櫚油,前處理描述:混合均勻(高油酸棕櫚果實油提煉),,,883.116,883.116,0.1,0.0,99.9,35.4245,0.0,,,,,,,,,,
M2400101,油脂類,椰子油,前處理描述:混合均勻(純椰子油精煉),,,882.7624,882.7624,0.141,0.0,99.86,90.0637,0.0,,,,,,,,,,
M2500101,油脂類,葵花籽油,前處理描述:混合均勻(100%純正葵花油),,,883.5792,883.5792,0.0977,0.0,99.9524,11.604,0.0,,,,,,,,,,
M2500201,油脂類,葵花籽油(多種維生素強化),前處理描述:混合均勻(維生素強化葵花籽油),,,883.0276,883.0276,0.0966,0.0,99.89,11.8554,0.0134,,,,,,,,,,
M2500301,油脂類,高油酸葵花籽油,前處理描述:混合均勻(葵花油精煉而成),,,883.116,883.116,0.09,0.0,99.9,10.241,0.01,,,,,,,,,,
M2600101,油脂類,葡萄籽油,前處理描述:混合均勻(葡萄籽油精煉),,,883.7666,883.7666,0.082,0.0,99.9736,11.3685,0.0,,,,,0.0,,,,,
M2700101,油脂類,橄欖油,前處理描述:混合均勻(100%橄欖油),,,883.5907,883.5907,0.072,0.0,99.9537,16.2839,0.0,,,,,,,,,,
M9900101,油脂類,烤酥油,"前處理描述:混合均勻(純大豆提煉,含抗氧化劑 TBHQ等)",,,882.9198,882.9198,0.1015,0.0195,99.8778,14.3145,0.0,,,,,,,,,,
M9900201,油脂類,調合植物油,"前處理描述:混合均勻(米油,紅花籽油,葵花油及橄欖油混合而成)",蔬菜油,,886.6564,886.6564,0.065,0.028,100.3005,16.9623,0.0,,,,,,,,,,
M9900301,油脂類,中鏈脂肪酸油,前處理描述:混合均勻(90%以上之中鏈脂肪酸),,,883.116,883.116,0.1,0.0,99.9,99.8201,0.0,,,,,,,,,,
N0100101,糖類,方糖,前處理描述:混合均勻打碎(純糖),,,385.4624,385.4624,0.39,,,,99.6027,,,1.67,,0.0,0.314,1.51,0.0,0.0,0.0
N0100201,糖類,冰糖,"前處理描述:混合均勻打碎(蔗糖提煉,自然提煉)",,,386.642,386.642,0.085,,,,99.9075,,99.91,0.605,,0.0,0.0,1.57,0.0,0.0,0.134
N0100301,糖類,紅砂糖,前處理描述:混合均勻,紅糖,0.0,384.4733,384.4733,0.0,0.0,0.543,0.0,99.3471,0.0,96.298,1.145,0.0329,0.01,48.083,13.429,3.526,0.203,0.0
N0100401,糖類,黑砂糖,前處理描述:混合均勻,黑糖,0.0,368.9097,368.6204,2.42,0.519,0.6695,0.2583,95.3255,0.1547,86.07,10.424,0.2773,0.11,292.065,103.972,26.0,2.17,0.13
N0200101,糖類,麥芽糖,前處理描述:混合均勻,,,325.3714,325.3714,15.89,,,,84.0753,,35.996,0.0,,0.0,0.0,0.26,0.044,0.0,0.0
N0300101,糖類,果糖,前處理描述:混合均勻(高果糖糖漿),高果糖糖漿,,297.4199,297.4199,23.103,,,,76.8527,,67.368,0.0,,0.0,0.0,0.74,0.0,0.0,0.198
N0400101,糖類,果寡糖,"前處理描述:混合均勻(果寡糖,蔗糖,葡萄糖,麥芽糖,果糖等)",,,299.793,299.793,22.495,,,,77.4659,,68.182,0.46,,0.0,0.0,0.0,0.0,0.0,0.0
N0600101,糖類,楓糖,前處理描述:混合均勻,,,257.8415,257.8415,32.98,0.055,0.1,,66.6257,,,1.43,,0.0,148.88,11.32,8.12,0.0,0.696
N0700101,糖類,蜂蜜(冬蜜),樣品狀態:冬蜜(油菜花蜜); 前處理描述:混合均勻,,,315.2115,315.2115,18.32,0.12,0.11,,81.45,,,,,0.0156,,,,,
N0700201,糖類,蜂蜜(春蜜),"樣品狀態:春蜜(龍眼花蜜,荔枝花蜜); 前處理描述:混合均勻",,,308.1604,308.1604,19.99,0.182,0.2,,79.628,,61.452,,,0.0086,,,,,
N0800101,糖類,黑糖蜜,"樣品狀態:沖繩產黑糖(甘蔗糖蜜,麥芽糖,甘蔗原糖等); 前處理描述:混合均勻",,,280.3401,279.9644,27.074,0.231,0.0,0.0,72.4393,0.2009,58.341,2.152,,0.081,132.531,77.914,20.104,2.155,0.0
N0900101,糖類,冬瓜糖磚,"樣品狀態:冬瓜糖(冬瓜,砂糖等); 前處理描述:混合均勻打碎",,,360.254,359.8967,6.824,,,,93.0889,0.1911,96.258,17.697,,0.0,12.28,11.77,4.026,0.0,0.0
O0100101,飲料類,西瓜汁(非原汁),"樣品狀態:現調飲料(水,西瓜汁,糖等); 前處理描述:混合均勻",,,29.91,29.72,92.502,1.105,0.1188,,6.1052,0.095,9.948,1.201,,0.046,87.761,3.323,6.647,0.1,0.098
O0100201,飲料類,芭樂汁(非原汁),樣品狀態:瓶裝; 前處理描述:混合均勻均質,,,45.07,44.97,88.7,0.15,0.07,,10.96,0.05,,24.0,,0.0091,15.0,3.0,2.0,0.11,0.04
O0100301,飲料類,柳橙汁(非原汁),樣品狀態:瓶裝; 前處理描述:混合均勻均質,,,50.22,50.188,87.4,0.11,0.06,,12.31,0.016,,22.0,,0.0014,21.0,3.0,3.0,0.14,0.02
O0100401,飲料類,柳橙汁(100%),樣品狀態:冷藏產品; 前處理描述:混合均勻均質,,0.0,47.6488,47.0542,88.066,0.571,0.3008,0.1851,10.6644,0.2973,7.852,7.82,0.0199,0.0,179.93,10.97,9.63,0.0,0.0
O0100501,飲料類,烏梅汁,"樣品狀態:瓶裝(烏梅,山楂,洛神,陳皮,甘草,糖,桂花,檸檬酸等); 前處理描述:混合均勻",,,57.7954,57.3576,85.63,0.259,0.163,0.0,13.8231,0.2189,14.15,9.639,,0.063,43.994,6.702,4.349,0.971,0.079
O0100601,飲料類,黑棗茶,"樣品狀態:瓶裝(黑棗,烏梅,砂糖等); 前處理描述:混合均勻",,,46.4,46.4,88.31,0.0,,,11.6,0.0,,3.41,,0.0418,2.9,7.26,2.97,0.68,0.0
O0100701,飲料類,楊桃汁(非原汁),樣品狀態:瓶裝; 前處理描述:混合均勻,,,48.54,48.38,87.5,0.04,0.06,,11.96,0.08,,149.0,,0.0036,19.0,2.3,1.0,0.11,0.02
O0100801,飲料類,葡萄柚汁(非原汁),樣品狀態:瓶裝; 前處理描述:混合均勻,,,41.33,40.35,89.7,0.21,0.21,,9.65,0.49,,24.0,,0.0032,51.0,7.0,3.0,0.18,0.08
O0100901,飲料類,鳳梨汁(非原汁),樣品狀態:瓶裝; 前處理描述:混合均勻,,,47.61,47.25,88.1,0.26,0.17,,11.26,0.18,,33.0,,0.0175,35.0,9.0,8.0,0.19,0.03
O0101001,飲料類,蔓越莓汁(非原汁),"樣品狀態:室溫產品(果汁含量12%,12%,27%,60%); 前處理描述:混合均勻",,0.0,44.8998,44.861,88.865,0.927,0.113,0.0379,10.0437,0.0194,10.078,9.02,0.037,0.0,21.61,2.68,1.5,0.0,0.0
O0101101,飲料類,檸檬汁(非原汁),"樣品狀態:現調飲料(水,檸檬汁,糖等); 前處理描述:混合均勻",,,32.65,32.5246,92.009,0.789,0.1372,,7.0648,0.0627,10.591,0.643,,0.003,14.816,1.673,1.163,0.0,0.08
O0101201,飲料類,蘋果汁(非原汁),樣品狀態:瓶裝; 前處理描述:混合均勻,,,46.96,46.948,88.6,0.06,0.36,,10.87,0.006,,14.0,,0.018,32.0,13.0,3.0,0.22,0.06
O0101301,飲料類,蘋果汁(100%),樣品狀態:室溫產品; 前處理描述:混合均勻,,0.0,51.0751,50.9563,87.281,0.12,0.2015,0.0618,12.1954,0.0594,11.139,1.32,0.0244,0.0,96.15,2.0,3.63,0.0,0.0
O0200101,飲料類,蕃茄汁(非原汁),樣品狀態:瓶裝; 前處理描述:混合均勻均質,,,22.39,21.71,93.8,0.74,0.19,,4.43,0.34,,98.0,,0.0644,170.0,9.0,13.0,1.01,0.1
O0200201,飲料類,仙草蜜,"樣品狀態:罐裝(仙草,蜂蜜等); 前處理描述:混合均質",,,35.2,35.0,91.0,0.0,0.0,,8.8,0.1,,48.0,,0.01,15.0,13.0,2.0,0.4,0.1
O0200301,飲料類,薑母茶,"樣品狀態:罐裝(薑汁,蔗糖,食鹽等); 前處理描述:混合均質",,,28.04,28.04,92.89,,,,7.01,0.0,,26.17,,0.002,13.49,1.99,1.6,0.23,0.05
O0200401,飲料類,蘆薈露飲料,"樣品狀態:罐裝(維生素C,蘆薈汁等); 前處理描述:混合均勻",,,43.56,43.36,89.03,0.0,,,10.89,0.1,,8.33,,0.0,12.87,5.75,3.29,1.52,0.0
O0200501,飲料類,黑豆茶,"樣品狀態:罐裝(黑豆,決明子,蔗糖等); 前處理描述:混合均勻",,,12.754,12.754,96.71,,,,3.1885,,,3.23,,0.0996,36.01,0.78,3.077,0.27,0.0
O0200601,飲料類,龜苓茶,"樣品狀態:罐裝(龜苓糕粉,蜂蜜等); 前處理描述:混合均質",,,33.0144,33.0144,91.64,0.0,0.0,,8.2536,0.0,,17.84,,0.0093,30.08,1.04,0.74,0.85,0.127
O0200701,飲料類,麥茶,"樣品狀態:罐裝(大麥抽出液,砂糖等); 前處理描述:混合均勻",,,17.76,17.76,95.48,,,,4.44,,,17.96,,0.0122,8.85,0.54,1.13,0.05,0.0
O0200801,飲料類,黑麥汁,"樣品狀態:罐裝(全穀黑麥,葡萄糖,酵母,糖,檸檬酸鈉,維生素C等); 前處理描述:混合均勻",,,51.9318,51.8288,86.977,0.322,0.0078,0.002,12.6434,0.0515,10.662,5.661,,0.02,24.245,2.328,4.257,0.0,0.0
O0400101,飲料類,果汁醋飲料(綜合),"樣品狀態:瓶裝(梅子,蘋果,水蜜桃,葡萄柚,楊桃等健康醋等); 前處理描述:混合均勻",,,37.25,37.25,90.53,,,,9.3125,0.0,,42.38,,0.002,2.14,13.66,1.52,0.13,0.01
O0600101,飲料類,可樂,樣品狀態:罐裝(碳酸水.咖啡因.糖等); 前處理描述:混合圴勻,,,51.36,51.36,87.11,,,,12.84,0.0,,6.62,,0.036,0.0,0.82,0.68,0.11,0.0
O0600201,飲料類,可樂(低熱量),樣品狀態:罐裝(碳酸水.咖啡因.焦糖等); 前處理描述:混合均勻,,,1.32,1.32,99.67,,,,0.33,0.0,,9.62,,0.0062,0.0,1.06,0.95,0.09,0.0
O0600301,飲料類,沙士,"樣品狀態:罐裝(碳酸水,蔗糖,檸檬酸等); 前處理描述:混合均勻",,,36.68,36.68,90.83,,,,9.17,0.0,,4.65,,0.0,0.0,1.5,0.0,0.18,0.056
O0600401,飲料類,加鹽沙士,"樣品狀態:罐裝(碳酸水,糖,高果糖糖漿,焦糖,檸檬酸,鹽,減鈉鹽等); 前處理描述:混合均勻",,,40.756,40.756,89.811,0.834,0.0,0.0,9.355,,9.48,17.296,,0.002,0.71,0.997,0.205,0.0,0.076
O0600501,飲料類,沙士(低糖),"樣品狀態:罐瓶(碳酸水,高果糖糖漿,阿斯巴甜等); 前處理描述:混合均勻",,,43.4148,43.4148,89.1,0.0,0.0,,10.8537,,,,,0.0,,,,,
O0600601,飲料類,汽水(綜合口味),樣品狀態:罐裝(碳酸水.糖.香料等); 前處理描述:混合均勻,,,42.34,42.34,89.415,,,,10.585,0.0,,7.99,,0.0137,0.25,1.555,0.325,0.085,0.0
O0600701,飲料類,汽水(維生素強化),"樣品狀態:罐裝(胡蘿蔔素,維生素B2等); 前處理描述:混合均勻",,,45.88,45.88,88.48,,,,11.47,0.0,,10.01,,0.0,0.0,2.42,0.0,0.14,0.0
O0700101,飲料類,美式咖啡(無糖),樣品狀態:現調飲料; 前處理描述:混合均勻,,,2.3671,2.3671,99.323,0.209,0.0587,0.0298,0.2507,,0.0,1.689,,0.044,62.121,1.669,4.621,0.126,0.019
O0700201,飲料類,無糖咖啡飲料,樣品狀態:罐裝; 前處理描述:混合均勻,,0.0,3.7584,3.686,99.026,0.226,0.0944,0.0486,0.5012,0.0362,0.0,15.62,0.0314,0.0,60.36,1.68,4.96,0.0,0.0
O0700301,飲料類,拿鐵咖啡(無糖),"樣品狀態:現調飲料(咖啡,牛奶等); 前處理描述:混合均勻",咖啡牛奶,,42.9532,42.9532,91.152,2.981,1.9528,1.3185,3.3635,,2.957,28.284,,0.033,176.09,100.585,12.933,0.0,0.439
O0700401,飲料類,咖啡(三合一),"樣品狀態:瓶裝(咖啡,牛奶,蔗糖,乳化劑等); 前處理描述:混合均勻",咖啡牛奶,,39.39,39.39,90.33,0.881,0.35,,8.179,0.0,,25.13,,0.2425,75.0,30.43,6.02,0.13,0.102
O0700501,飲料類,紅茶茶湯,"前處理描述:每茶袋以約90℃自來水240mL浸泡4分鐘,取湯汁混合均勻",,,0.1376,0.1376,99.93,0.057,,,0.0,0.0,,,,0.0,,,,,
O0700601,飲料類,紅茶(大麥),"樣品狀態:瓶裝(紅茶,大麥,糖等); 前處理描述:混合均勻",,,34.432,34.432,91.312,0.0,,,8.608,0.0,,7.78,,0.003,6.0,0.79,1.29,0.18,0.0
O0700701,飲料類,紅茶(蘋果),"樣品狀態:罐裝(紅茶,砂糖等); 前處理描述:混合均勻",水果茶,,36.68,36.68,90.78,0.0,,,9.17,0.0,,5.49,,0.0135,23.61,1.44,1.28,0.1,0.0
O0700801,飲料類,烏龍茶茶湯,"前處理描述:每茶袋以約90℃自來水240mL浸泡四分鐘,取湯汁混合均勻",,,0.0812,0.0812,99.94,0.0,,,0.0203,0.0,,,,0.0,,,,,
O0700901,飲料類,烏龍茶,"樣品狀態:瓶裝(烏龍茶,維生素C等); 前處理描述:混合均勻",,,0.4,0.4,99.83,0.05,,,0.05,0.0,,7.17,,0.0142,15.47,1.54,1.84,0.1,0.0
O0701001,飲料類,"烏龍茶(去冰,微糖)","樣品狀態:現調飲料(大杯,約700 mL); 前處理描述:混合均勻",,,15.5005,15.5005,96.1005,0.0708,0.0121,,3.7771,,3.5579,,,,,,,,
O0701101,飲料類,"烏龍茶(去冰,半糖)","樣品狀態:現調飲料(大杯,約700 mL); 前處理描述:混合均勻",,,21.0873,21.0873,94.6888,0.0633,0.0029,,5.202,,4.9109,,,,,,,,
O0701201,飲料類,"烏龍茶(去冰,全糖)","樣品狀態:現調飲料(大杯,約700 mL); 前處理描述:混合均勻",,,35.6678,35.6678,91.0723,0.0633,0.0114,,8.828,,8.1667,,,,,,,,
O0701301,飲料類,綠茶茶湯,"前處理描述:每茶袋以約90℃自來水240mL浸泡4分鐘,取湯汁混合均勻",,,0.3648,0.3648,99.87,0.053,,,0.0382,0.0,,,,0.0,,,,,
O0701401,飲料類,綠茶,"樣品狀態:瓶裝(綠茶,糖,維生素C等); 前處理描述:混合均勻",,,21.52,21.52,94.49,0.0,,,5.38,0.0,,8.96,,0.002,2.87,0.43,0.68,0.07,0.0
O0701501,飲料類,鮮奶茶(無糖),"樣品狀態:現調飲料(紅茶,牛奶等); 前處理描述:混合均勻",紅茶拿鐵,,26.5077,26.5077,94.891,2.018,1.4317,0.9615,1.3876,,1.811,11.872,,0.013,61.617,33.228,3.91,0.0,0.205
O0701601,飲料類,奶茶(三合一),"樣品狀態:瓶裝(紅茶,牛奶,糖等); 前處理描述:混合均勻",,,41.97,41.97,89.66,0.458,0.25,0.1945,9.472,0.0,,18.04,,0.0234,34.71,10.54,1.97,0.15,0.072
O0701701,飲料類,"烏龍奶茶(去冰,微糖)","樣品狀態:現調飲料(大杯,約700 mL); 前處理描述:混合均勻",,,59.3231,59.3231,88.546,0.2473,2.8983,,8.0623,,3.7811,,,,,,,,
O0701801,飲料類,"烏龍奶茶(去冰,半糖)","樣品狀態:現調飲料(大杯,約700 mL); 前處理描述:混合均勻",,,62.3074,62.3074,87.394,0.241,2.5606,,9.5745,,4.7131,,,,,,,,
O0701901,飲料類,"烏龍奶茶(去冰,全糖)","樣品狀態:現調飲料(大杯,約700 mL); 前處理描述:混合均勻",,,74.7962,74.7962,84.542,0.2348,2.755,,12.2655,,8.5539,,,,,,,,
O0702001,飲料類,"珍珠奶茶(去冰,微糖)","樣品狀態:現調飲料(大杯,約700 mL); 前處理描述:混合均勻打碎,取上層澄清液分析",,,75.3154,75.3154,83.765,0.2323,2.2518,,13.53,,5.5655,,,,,,,,
O0702101,飲料類,"珍珠奶茶(去冰,半糖)","樣品狀態:現調飲料(大杯,約700 mL); 前處理描述:混合均勻打碎,取上層澄清液分析",,,83.5089,83.5089,82.2835,0.2488,2.7301,,14.4857,,6.4453,,,,,,,,
O0702201,飲料類,"珍珠奶茶(去冰,全糖)","樣品狀態:現調飲料(大杯,約700 mL); 前處理描述:混合均勻打碎,取上層澄清液分析",,,94.0235,94.0235,79.21,0.2423,2.3875,,17.8917,,8.8251,,,,,,,,
O0702301,飲料類,奶茶沖泡包(三合一),"樣品狀態:沖泡包(蔗糖,奶精,紅茶等); 前處理描述:混合均勻",,,451.9328,451.9328,1.2,1.724,12.85,12.4715,82.3467,,,244.55,,0.072,748.74,15.38,20.284,0.59,0.38
O0702401,飲料類,茉莉花茶湯,"前處理描述:每茶袋以約90℃自來水240mL浸泡4分鐘,取湯汁混合均勻",香片,,0.2524,0.2524,99.9,0.064,,,0.0,0.0,,,,0.0,,,,,
O0702501,飲料類,茉莉花茶,"樣品狀態:瓶裝(茉莉花,茶葉等); 前處理描述:混合均勻",,,28.48,28.48,92.83,0.056,,,7.064,0.0,,19.06,,0.0073,14.12,0.0,1.62,0.07,0.0
O0702601,飲料類,菊花茶,樣品狀態:瓶裝(菊花抽取液等); 前處理描述:混合均勻,,,29.64,29.64,92.59,0.0,,,7.41,0.0,,17.17,,0.001,11.65,1.71,1.33,0.11,0.0
O0702701,飲料類,多多綠茶(全糖),"樣品狀態:現調飲料(綠茶,發酵乳,糖等); 前處理描述:混合均勻",,,49.019,49.019,87.809,1.059,0.0882,,10.9973,,10.207,10.081,,0.002,22.961,9.511,1.503,0.0,0.106
O0702801,飲料類,冬瓜茶,"樣品狀態:罐裝(冬瓜,糖,檸檬酸等); 前處理描述:混合均勻",,,33.04,33.04,91.66,0.0,,,8.26,0.0,,15.75,,0.0544,1.97,3.24,1.13,0.2,0.0
O0702901,飲料類,乳酸飲料,"樣品狀態:瓶裝(乳酸鈣,奶粉,維生素C等); 前處理描述:混合均勻",,,44.68,44.68,88.69,0.22,0.0,,10.95,0.0,,19.99,,0.003,13.22,20.44,1.16,0.23,0.058
O0703001,飲料類,維生素強化飲料(胡蘿蔔素),"樣品狀態:瓶裝(含胡蘿蔔素,維生素E及C等); 前處理描述:混合均勻",,,39.4,39.4,90.15,0.0,,,9.85,0.0,,7.88,,0.004,3.81,0.6,0.0,0.08,0.0
O0703101,飲料類,維生素強化飲料(綜合),"樣品狀態:瓶裝(水,維生素等); 前處理描述:混合均勻",,,54.12,54.12,86.35,0.15,,,13.38,0.0,,38.37,,0.621,6.6,0.59,0.0,0.08,0.0
O0703201,飲料類,維生素強化飲料(維生素C),"樣品狀態:瓶裝(維生素C,B2及菸鹼酸等); 前處理描述:混合均勻",,,57.04,57.04,85.74,,,,14.26,0.0,,1.88,,0.0,0.62,1.4,0.0,0.11,0.0
O0703301,飲料類,運動飲料,"樣品狀態:瓶裝(含維生素C及礦物質Na,K,Ca,Mg等); 前處理描述:混合均勻",,,28.44,28.44,92.74,0.08,,,7.03,0.0,,41.08,,0.001,17.74,2.23,1.04,0.0,0.0
O0703401,飲料類,米醋飲料,"樣品狀態:瓶裝(純釀造米醋,人參抽出液等); 前處理描述:混合均勻",,,52.16,52.16,86.8,,,,13.04,0.0,,63.08,,0.2359,9.73,3.85,1.15,0.17,0.068
O0900101,飲料類,即溶咖啡粉,樣品狀態:瓶裝; 前處理描述:混合均勻,,,362.6972,318.3444,3.06,16.612,1.27,0.538,71.2048,22.1764,,86.46,,0.5365,4575.3,132.32,384.98,4.85,0.422
O0900201,飲料類,咖啡沖泡包(二合一),"樣品狀態:沖泡包(奶精,咖啡粉,奶粉,鹽,食品添加物等); 前處理描述:混合均勻",,,491.0605,477.7967,2.895,6.75,23.2925,20.9143,63.607,6.6319,9.006,100.04,0.4867,0.5632,786.16,79.3,43.48,0.565,0.24
O0900301,飲料類,咖啡沖泡包(三合一),"樣品狀態:沖泡包(糖,奶精,咖啡等); 前處理描述:混合均勻",,,436.6348,436.6348,1.09,4.843,9.48,9.3678,82.9857,,,43.18,,0.9496,840.86,5.39,30.07,0.48,0.17
O0900401,飲料類,紅茶沖泡包(檸檬),"樣品狀態:沖泡包(蔗糖,紅茶等); 前處理描述:混合均勻",,,397.9068,397.198,0.3,,,,99.4767,0.3544,,5.5,,0.2166,174.51,3.01,3.852,0.21,0.06
O0901501,飲料類,薑茶沖泡包,"樣品狀態:沖泡包(薑粉,糖等); 前處理描述:混合均勻磨碎",,,398.5652,398.5652,0.3,0.3,0.29,0.0671,98.6888,0.0,,13.84,,0.0522,176.5,3.42,9.696,0.76,0.07
O0901601,飲料類,抹茶粉,樣品狀態:鋁箔袋裝; 前處理描述:混合均勻,綠茶粉,0.0,361.0026,295.1543,2.4,23.422,6.4335,2.8664,63.0227,34.657,4.624,3.51,109.4001,0.8334,1480.4,579.33,216.4,8.3,1.83
O0901701,飲料類,可可粉,樣品狀態:罐裝; 前處理描述:混合均勻,,,463.916,414.5772,2.26,20.751,22.84,14.6941,43.838,24.6694,,25.6,,0.7195,5477.21,165.59,451.84,13.89,6.185
O0901801,飲料類,小麥草粉,前處理描述:混合均勻,小麥苗粉,0.0,370.1158,297.002,4.4,33.992,7.3994,1.8317,41.8883,36.5569,1.917,7.91,6.9606,0.8348,5723.3,479.69,248.66,10.78,4.87
O9900301,飲料類,椰奶,樣品狀態:冷藏與室溫產品; 前處理描述:混合均勻,,0.0,48.9899,48.9165,90.1919,0.215,2.0791,1.9811,7.3545,0.0367,4.987,19.02,0.0427,0.0,35.29,1.45,2.72,0.0,0.0
P0100101,調味料及香辛料類,八角,前處理描述:混合均勻打碎,"大茴,茴香",,359.6672,244.1101,12.166,4.92,3.86,1.1656,76.2375,55.8247,,18.54,,0.5039,1048.89,23.23,104.36,5.07,0.634
P0100201,調味料及香辛料類,小茴香粉,前處理描述:混合均勻,孜然粉,,411.4881,341.9287,9.078,19.537,25.8078,1.4736,36.9974,36.6102,1.326,240.936,,0.223,1946.53,794.868,410.894,41.068,5.341
P0100301,調味料及香辛料類,山葵粉,"前處理描述:混合均勻(天然山葵,澱粉,芥子,色素等)",,,386.5876,359.5796,7.697,10.08,6.06,0.403,72.9319,13.504,,12.51,,1.4813,897.79,245.88,136.92,9.92,3.23
P0100401,調味料及香辛料類,五香粉,"前處理描述:混合均勻(丁香,大茴,桂智,小茴,甘草等)",,,362.6913,268.375,8.181,8.73,8.89,1.4561,68.0537,49.6402,,98.07,,0.6757,1328.41,645.97,267.14,34.69,2.216
P0100501,調味料及香辛料類,甘草粉,前處理描述:混合均勻,,,340.7963,264.5542,7.8,9.22,3.61,1.255,73.4421,40.1274,,108.94,,1.4515,714.73,1032.68,434.257,55.33,1.91
P0100601,調味料及香辛料類,肉桂粉,"前處理描述:混合均勻(肉桂粉,清華桂粉等)",,,342.6027,240.5571,10.154,4.225,2.9148,1.3241,78.7529,53.7082,1.157,9.611,,0.255,515.364,1004.152,77.387,21.412,1.132
P0100701,調味料及香辛料類,西洋芹菜片,前處理描述:混合均勻打碎,,,315.4074,270.9248,6.022,24.354,6.7976,1.2753,49.9241,23.4119,14.583,90.866,,0.926,5194.997,1149.35,407.404,19.699,3.404
P0100801,調味料及香辛料類,花椒粉,前處理描述:混合均勻打碎(川花椒),,,368.8851,270.6112,9.674,9.98,9.2,1.9328,63.2065,47.4753,,565.42,,1.8104,1367.61,1319.72,177.76,22.7,1.719
P0100901,調味料及香辛料類,洋香菜片,前處理描述:混合均勻打碎,,,312.4439,264.8614,7.628,24.364,7.4949,1.5048,47.661,25.0434,10.176,27.91,,1.515,2404.131,3073.421,662.881,53.279,4.62
P0101001,調味料及香辛料類,洋蔥粉,"前處理描述:混合均勻打碎(洋蔥,鹽等)",,,377.1618,354.8006,4.771,8.054,1.8482,0.8237,82.078,11.1806,3.161,34.24,,0.641,1021.659,263.902,101.845,4.175,2.069
P0101101,調味料及香辛料類,白胡椒粉,前處理描述:混合均勻,,,342.3453,287.8983,10.552,3.73,1.06,0.1575,78.7543,26.3029,,119.84,,0.8189,116.45,419.89,403.015,53.33,0.783
P0101201,調味料及香辛料類,紅胡椒粒,前處理描述:混合均勻磨碎,,,376.4848,319.7482,17.88,5.913,13.7124,2.9,59.2614,27.409,24.16,80.748,,0.149,941.701,275.807,107.118,3.431,1.567
P0101301,調味料及香辛料類,黑胡椒粉,前處理描述:混合均勻,,,371.7622,325.1261,10.42,11.58,6.71,4.0512,67.67,22.5295,,6.99,,0.1315,1279.64,326.03,164.51,6.92,1.101
P0101401,調味料及香辛料類,綠胡椒粒,前處理描述:混合均勻磨碎,,,378.5887,302.1633,8.341,11.272,7.3148,2.8072,68.3661,36.9205,,1178.84,,0.253,57.119,640.954,37.063,2.323,0.779
P0101501,調味料及香辛料類,迷迭香粉,前處理描述:混合均勻,,,431.6464,341.5653,6.253,5.864,21.8671,12.2784,59.809,47.4111,3.268,5.404,,0.514,950.413,1416.559,285.921,31.001,1.829
P0101601,調味料及香辛料類,荳蔻粉,前處理描述:混合均勻,,,448.2455,409.0678,14.331,6.672,26.2038,23.0502,50.5572,18.9264,0.941,14.955,,0.226,583.721,156.673,154.543,4.656,1.68
P0101701,調味料及香辛料類,蒜粉,前處理描述:混合均勻,,,331.5039,299.984,5.2,18.146,0.44,0.1267,71.8663,16.5894,,73.81,,1.9838,1183.75,13.3,162.799,8.98,2.27
P0101801,調味料及香辛料類,辣椒粉,前處理描述:混合均勻打碎,,,387.3408,306.5378,5.494,14.71,14.13,2.9087,59.1109,42.5279,,11.98,,2.4339,2179.02,63.26,211.38,36.39,1.66
P0101901,調味料及香辛料類,薑黃粉,前處理描述:混合均勻,,0.0,358.4777,329.2237,6.4952,14.591,2.6745,0.7992,69.0108,14.627,3.552,5.36,4.5635,0.1313,3416.29,142.29,269.09,5.44,2.27
P0102001,調味料及香辛料類,薑粉,前處理描述:混合均勻,,,332.5012,294.8795,8.892,10.392,3.6039,1.4322,70.5409,19.8009,3.052,2848.548,,0.998,1904.9351,194.975,295.402,27.168,2.465
P0102101,調味料及香辛料類,羅勒片,前處理描述:混合均勻打碎,,,289.1452,221.7043,10.881,23.265,5.761,2.3869,46.1465,35.4952,1.463,26.182,,2.075,2359.619,288.87,390.119,52.987,4.202
P0102201,調味料及香辛料類,花椒粒,樣品狀態:乾貨; 前處理描述:混合均勻打碎,,0.0,358.7625,264.1324,11.52,10.334,12.5261,2.0533,53.5774,45.715,1.204,2780.1,2.9847,0.33,1212.8,997.7,136.39,23.74,1.73
P0200101,調味料及香辛料類,七味唐辛子,"前處理描述:混合均勻打碎(紅辣椒,黑芝麻,白芝麻,桔皮,羅勒,花椒等)",,,463.0511,370.0359,9.047,15.82,24.0667,4.2381,45.7927,46.5076,5.039,39.117,,1.905,1956.075,360.683,236.336,11.936,2.574
P0200201,調味料及香辛料類,沙茶粉,"前處理描述:混合均勻打碎(扁魚,蒜頭,辣椒粉,椰子粉,鹽等)",,,506.892,476.7576,4.45,14.95,28.8,8.689,46.973,15.0672,,2143.28,,2.0497,1053.24,294.18,179.34,11.77,4.21
P0200301,調味料及香辛料類,豆酥,"前處理描述:混合均勻打碎(黃豆,蒜末,薑,調味料等)",,,539.6326,513.219,2.962,30.098,38.061,6.5031,19.1729,13.2068,3.696,3128.733,,0.198,475.427,220.261,140.197,5.742,3.016
P0200401,調味料及香辛料類,咖哩粉,"前處理描述:混合均勻(胡荽,薑黃,小茴香等)",,,416.7524,343.9558,5.878,13.89,14.13,1.1078,58.5056,36.3983,,552.28,,1.1369,1716.79,754.95,294.03,65.9,3.33
P0200501,調味料及香辛料類,咖哩塊,"前處理描述:混合均勻打碎(咖哩粉,麵粉,油脂,鹽,糖,奶粉,調味料等)",,,514.8127,504.9165,2.125,5.626,34.5255,19.9903,45.3948,4.9481,10.026,4180.013,,0.108,272.124,82.536,41.01,1.581,0.593
P0200601,調味料及香辛料類,油蔥酥,"前處理描述:混合均勻打碎(紅蔥頭,沙拉油等)",,,517.6856,488.661,4.094,7.44,28.82,14.1764,57.1364,14.5123,,29.78,,0.6066,702.22,95.04,168.43,10.66,3.58
P0200701,調味料及香辛料類,梅子粉,"前處理描述:混合均勻(話梅,葡萄糖,防腐劑,香辛料等)",,,285.7872,267.8856,4.855,1.955,3.8672,0.6106,60.7906,8.9508,37.233,10507.404,,0.035,206.276,37.162,18.348,4.955,0.268
P0200801,調味料及香辛料類,椰子粉,前處理描述:混合均勻打碎,,,629.2387,606.3233,2.6835,7.1825,60.3325,55.2013,27.8118,14.3221,3.133,28.7,,0.1335,716.675,9.463,103.942,3.2765,1.499
P0200901,調味料及香辛料類,蒜頭酥,"前處理描述:混合均勻打碎(蒜頭,油,玉米粉等)",,,451.6589,435.7631,7.105,11.681,17.7741,8.3129,61.242,7.9479,1.306,32.477,,1.332,807.329,49.212,55.874,6.753,1.862
P0201001,調味料及香辛料類,糖粉,"前處理描述:混合均勻(糖,澱粉等)",,,398.87,398.5216,0.503,0.038,0.1764,0.0449,99.2826,0.1742,96.332,1.202,,0.025,2.953,3.722,0.62,0.208,0.151
P0201101,調味料及香辛料類,椰漿,"前處理描述:混合均勻(椰漿,水,乳化劑,重亞硫酸鉀等)",,,207.5415,206.9735,76.461,1.065,23.1103,21.4452,0.0,0.284,1.81,23.474,,0.02,183.201,4.311,31.306,0.914,0.403
P0201201,調味料及香辛料類,黃耆水,"前處理描述:取100g黃耆片,加去離子水1L,大火煮滾,轉小火煮30分鐘,取熬煮液分析",,,14.1566,13.9337,95.926,0.889,0.0477,0.0118,2.9303,0.1173,2.428,1.988,,0.119,75.008,8.716,18.744,0.213,0.034
P0201301,調味料及香辛料類,黃耆片,樣品狀態:乾貨; 前處理描述:混合均勻打碎,,,320.5102,257.7393,12.49,14.93,1.5969,0.49,68.725,33.0373,21.996,16.289,,0.832,797.099,136.496,144.014,14.715,1.764
P0201401,調味料及香辛料類,陳皮,樣品狀態:乾貨; 前處理描述:混合均勻打碎,,0.0,348.5884,269.5374,12.88,6.874,2.4448,0.8676,74.7723,39.5255,15.707,3.01,0.7709,3.1068,727.56,533.87,82.78,8.47,0.87
P0201501,調味料及香辛料類,山楂,樣品狀態:乾貨; 前處理描述:混合均勻打碎,,0.0,344.6128,271.6084,14.9,1.93,2.4744,1.0312,78.6558,36.5022,19.029,11.73,0.6022,0.08,704.92,676.0,62.71,7.5,0.68
P0300101,調味料及香辛料類,岩鹽,前處理描述:混合均勻(喜馬拉雅山岩鹽),,,2.4667,2.4667,0.137,0.035,0.0987,0.0378,0.3596,,0.024,34468.142,,0.0,177.604,120.257,104.733,4.861,0.083
P0300201,調味料及香辛料類,低鈉鹽,"前處理描述:混合均勻(氯化鉀,氯化鈉,檸檬酸鈉,乳酸鈣,磷酸三鈣,甘草酸-銨,碘酸鉀等)",,,11.45,11.45,0.677,0.01,0.01,,2.83,,,18341.12,,0.008,26006.5,288.61,44.106,3.61,0.127
P0400101,調味料及香辛料類,味精,前處理描述:混合均勻(L-麩酸鈉),,,250.5008,250.5008,0.293,44.5,,,18.1252,,,11656.2,,0.0,1.06,13.05,0.958,15.76,0.318
P0400201,調味料及香辛料類,高鮮味精,前處理描述:混合均勻,,,269.28,269.28,0.68,45.0,,,22.32,,,11878.7,,0.155,1.06,9.12,7.45,6.24,0.2
P0400301,調味料及香辛料類,鮮雞精,"前處理描述:混合均勻(鹽,糖,玉米澱粉,雞肉,雞油,味精,香料等)",,,266.9916,261.1936,1.519,10.83,10.07,3.6197,33.2604,2.899,,17521.6,,0.0772,114.02,32.63,12.348,1.83,0.52
P0400401,調味料及香辛料類,鰹魚粉,"前處理描述:混合均勻打碎(味素,食鹽,糖,乾燻鰹魚,鰹魚抽出物,酵母抽出物)",,0.0,240.079,240.079,1.573,21.909,1.0306,0.5713,35.7919,0.0,14.98,15887.58,0.0583,0.2209,118.86,208.94,18.27,3.72,2.24
P0500101,調味料及香辛料類,高湯塊(排骨),"前處理描述:混合均勻打碎(植物油,澱粉,鹽,調味料,豚骨粉,濃縮高湯,洋蔥粉等",,,362.7969,362.0485,1.914,12.507,23.8545,15.4386,24.5196,0.3742,4.705,14158.355,,0.087,84.395,119.744,7.184,0.512,0.618
P0500201,調味料及香辛料類,高湯塊(雞肉),"前處理描述:混合均勻打碎(雞肉粉,雞油,濃縮蛋白質,鹽,糖,味素,植物油,香辛料等)",,,340.294,339.139,2.08,14.71,24.84,13.5477,14.4735,0.5775,,16861.9,,0.0733,118.87,15.99,21.628,2.99,0.64
P0500301,調味料及香辛料類,高湯(豬大骨),"前處理描述:混合均勻(豬肉,大骨濃縮汁,鹽,調味料等)",,,49.1156,49.1156,77.224,4.2,0.67,0.1174,6.5714,,,4471.51,,0.014,61.83,4.16,11.279,3.47,0.111
P0500401,調味料及香辛料類,低脂高湯,"前處理描述:混合均勻(豬肉原汁,鹽等)",,,2.1768,2.1768,98.439,0.26,0.0,,0.2842,,,406.22,,0.0062,7.85,0.74,1.253,0.55,0.04
P0500501,調味料及香辛料類,素食高湯,"前處理描述:混合均勻(香菇抽出物,水,植物蛋白等)",,,17.0368,17.0368,93.97,0.278,0.0,,3.9812,,,1285.75,,0.0092,59.33,18.25,2.35,1.18,0.029
P0600101,調味料及香辛料類,米醋,樣品狀態:白醋; 前處理描述:混合均勻,,,9.6804,9.6804,97.529,,,,2.4201,,,8.03,,0.0298,6.08,1.95,2.976,0.17,0.0
P0600201,調味料及香辛料類,糯米醋,樣品狀態:白醋; 前處理描述:混合均勻,,,16.8084,16.8084,95.488,0.12,0.0,,4.0821,0.0,,81.49,,0.0,17.7,3.43,2.146,0.32,0.0
P0600301,調味料及香辛料類,高梁醋,"樣品狀態:白醋; 前處理描述:混合均勻(高梁,酒精等)",,,27.24,27.24,93.16,,,,6.81,,,2.72,,0.0026,1.23,0.23,0.606,0.0,0.003
P0600401,調味料及香辛料類,薏仁醋,樣品狀態:白醋; 前處理描述:混合均勻,,,13.0944,13.0944,96.1,,,,3.2736,,,183.35,,0.0121,19.38,1.9,11.033,0.41,0.08
P0600501,調味料及香辛料類,紅醋,"前處理描述:混合均勻(糯米,紅葡萄等)",紅酢,,4.5325,4.3273,98.768,0.32,0.0057,0.0019,0.8003,0.1026,0.264,6.724,,0.077,24.456,8.712,6.25,0.175,0.058
P0600601,調味料及香辛料類,香醋,"前處理描述:混合均勻(糖蜜,食鹽,味精等)",,,2.8156,2.8156,98.858,,,,0.7039,,,103.2,,0.0182,74.04,1.96,3.501,0.58,0.09
P0600701,調味料及香辛料類,烏醋,"前處理描述:混合均勻(米醋,酒,醬油,果汁,蔬菜汁,糖,鹽等)",,,36.7636,36.7636,86.475,0.49,0.0,,8.7009,0.0,,1571.33,,0.329,56.95,6.46,10.207,1.59,0.072
P0600801,調味料及香辛料類,素食烏醋,"前處理描述:混合均勻(米酢,蔬菜,水果等)",,,41.7664,41.7664,83.62,,,,10.4416,,,2130.83,,0.4264,81.08,9.85,13.692,1.12,0.07
P0600901,調味料及香辛料類,壽司醋,"前處理描述:混合均勻(糯米醋,糖,食鹽,調味料等)",,,180.6768,180.6768,53.1,,,,45.1692,,,2159.24,,0.0136,14.72,0.72,0.763,0.09,0.0
P0700101,調味料及香辛料類,醬油,"前處理描述:混合均勻(黃豆,小麥,鹽,糖,調味料等)",,,90.0368,90.0368,67.045,7.785,,,14.7242,,,4997.455,,0.9666,390.055,3.47,54.534,2.225,0.415
P0700201,調味料及香辛料類,薏仁醬油,"前處理描述:混合均勻(黃豆,薏仁等)",,,83.4616,83.4616,65.48,9.32,,,11.5454,,,4774.09,,0.3027,446.63,6.87,77.456,2.48,0.84
P0700301,調味料及香辛料類,黑豆醬油,"前處理描述:混合均勻(黑豆,砂糖,食鹽等)","黑豆蔭油,蔭油",,113.7481,112.5065,61.8,7.5103,0.1533,0.0369,20.5818,0.6208,11.6035,4076.8148,,1.3616,343.079,13.6325,51.17,1.1888,0.421
P0700401,調味料及香辛料類,淡色醬油,"前處理描述:混合均勻(水,黃豆,小麥,鹽,糖等)",,,77.7965,76.5121,67.702,7.12,0.3621,0.1071,11.5144,0.6422,5.312,5277.537,,0.019,358.194,29.58,56.181,1.628,0.636
P0700501,調味料及香辛料類,薄鹽醬油(低鈉),"前處理描述:混合均勻(黃豆,小麥,鹽 ,糖,酒料等)",低鹽醬油,,77.3876,77.3876,71.422,7.44,,,11.9069,,,3508.26,,0.3946,372.3,3.21,46.043,1.6,0.33
P0700601,調味料及香辛料類,薄鹽醬油(低鈉高鉀),"前處理描述:混合均勻(大豆,小麥等)",,,56.3476,56.3476,71.73,6.47,,,7.6169,,,3259.87,,0.761,2676.42,12.25,97.815,8.19,0.77
P0700701,調味料及香辛料類,醬油膏,"前處理描述:混合均勻(黃豆,小麥,鹽 ,糖,澱粉,米等)",,,103.3796,103.3796,63.419,6.82,,,19.0249,,,4050.0,,0.584,327.37,1.54,47.984,2.57,0.49
P0700801,調味料及香辛料類,黑豆油膏,"前處理描述:混合均勻(黑豆,糯米,鹽,糖等)",蔭油膏,,146.2867,145.5561,54.728,7.844,0.0543,0.0294,28.6055,0.3653,23.08,3009.911,,0.633,336.214,15.18,26.05,0.781,0.73
P0700901,調味料及香辛料類,薄鹽黑豆醬油膏,"前處理描述:混合均勻(黑豆,砂糖,食鹽,糯米等)",,,124.3704,124.3704,60.35,7.62,0.06,,23.3376,,,2964.49,,1.3368,366.08,11.63,51.573,0.91,0.34
P0800101,調味料及香辛料類,味醂,"前處理描述:混合均勻(糯米,蓬萊米,米麴,釀造酢,鹽,調味料等)","米醂,米霖",,219.8428,219.7848,44.837,0.485,0.0,0.0,54.4757,0.029,50.487,107.67,,0.008,5.751,2.256,1.641,0.0,0.0
P0800201,調味料及香辛料類,鮮味露,"樣品狀態:醬油(水,脫水性植物蛋白質,鹽等); 前處理描述:混合均勻",,,74.6136,74.4988,54.461,20.11,0.07,,0.0,0.0574,,7803.2,,0.8783,407.17,4.42,7.205,0.35,0.081
P0800301,調味料及香辛料類,蠔油,"前處理描述:混合均勻(鮮蠔提煉,食鹽,水,糖,澱粉,醬色等)",,,155.9912,155.8264,45.634,6.47,0.13,,32.2353,0.0824,,5846.55,,0.2174,173.58,31.34,103.028,6.44,0.327
P0800401,調味料及香辛料類,魚露,前處理描述:混合均勻,,0.0,64.2895,64.2895,62.597,10.222,0.2259,0.1105,5.3421,,4.971,8907.59,0.0453,0.0,203.97,10.32,88.63,0.84,0.0
P0900101,調味料及香辛料類,紅辣椒油,"前處理描述:混合均勻(植物油,芝麻油,辣椒萃取物等)",,,898.904,898.904,0.0715,0.028,99.838,16.0939,0.0625,,0.021,0.269,,0.002,0.092,0.644,0.142,0.084,0.114
P0900201,調味料及香辛料類,香油,前處理描述:混合均勻(白芝麻油及沙拉油調合而成),,,883.116,883.116,0.1,,99.9,15.3846,0.0,,,,,,,,,,
P0900301,調味料及香辛料類,蝦油,"前處理描述:混合均勻(蝦露,鹽,糖等)",,,56.0529,55.1777,63.9555,7.362,0.0933,0.0162,6.4413,0.4376,2.465,8411.39,,0.143,272.164,38.605,183.634,1.3575,0.844
P1000101,調味料及香辛料類,干貝醬,"前處理描述:混合均勻打碎(干貝,小卷燒,丁香,火腿,紅辣椒,糖,鹽,植物油,沙茶醬,乾蝦等)",XO醬,,557.6785,554.7243,19.996,16.653,51.0165,8.9585,7.9795,1.4771,2.223,1108.571,,0.305,202.948,115.963,54.127,2.536,1.364
P1000201,調味料及香辛料類,牛肉醬,"前處理描述:混合均勻打碎(牛肉,大豆油,辣椒,八角粉,五香粉,糖,檸檬酸等)",,,507.0862,505.0884,18.32,16.978,38.915,7.0631,22.2348,0.9989,11.735,989.058,,0.18,248.008,24.165,34.228,3.121,3.495
P1000301,調味料及香辛料類,肉燥,"前處理描述:混合均勻打碎(精肉碎,醬油,蔥乾,味精等)",,,397.2544,397.2544,46.043,9.46,38.05,14.1868,4.2411,,,941.21,,0.2946,293.98,8.75,21.244,1.33,0.198
P1000401,調味料及香辛料類,素肉燥,"前處理描述:混合均勻打碎(麵粉,香菇,植物油等)",,,482.7248,477.0194,29.27,12.385,42.57,7.2472,12.5137,2.8527,,1055.51,,0.0998,113.85,8.88,37.09,2.42,1.086
P1000501,調味料及香辛料類,義式乳酪醬,"前處理描述:混合均勻(保久乳,乳酪,鮮奶油,麵粉,奶油,調味料,牛奶鈣等)",,,215.5136,208.9066,64.375,8.796,16.9612,12.2568,6.9197,3.3035,2.794,402.855,,0.008,117.237,499.455,21.025,0.259,1.784
P1000601,調味料及香辛料類,炸醬,"前處理描述:混合均勻打碎(豆瓣醬,葵花油,大豆蛋白,味素,辣椒醬,麻油,豬油抽出物等)",,,397.6216,386.1544,33.0,14.61,34.6976,6.044,6.7258,5.7336,0.0,3545.069,,0.092,467.052,82.556,65.71,3.407,1.204
P1000701,調味料及香辛料類,素食炸醬,"前處理描述:混合均勻打碎(豆瓣醬,葵花油,大豆蛋白,味素,辣椒醬,麻油,蠶豆醬等)",,,391.1924,382.0,35.175,13.865,35.2976,5.4454,4.5135,4.5962,0.0,3474.447,,0.054,433.421,84.086,69.541,2.216,1.105
P1000801,調味料及香辛料類,海苔醬,"前處理描述:混合均勻(海苔,海帶,醬油,鹽,糖等)",,,223.02,218.4444,37.765,6.41,0.0,,49.345,2.2878,,1985.3,,0.2291,311.5,40.63,51.09,3.52,1.04
P1000901,調味料及香辛料類,麻醬,前處理描述:混合均勻,芝麻醬,,643.482,619.7958,0.932,20.79,52.81,8.6213,21.258,11.8431,,4.0,,0.5789,529.0,793.67,287.22,20.42,4.28
P1001001,調味料及香辛料類,速食乾麵麻醬包,"前處理描述:混合均勻打碎(豬油,棕櫚油,芝麻醬,紅蔥,蒜頭,醬油,花生醬,鹽,味精,糖,維生素E等)",,,676.385,666.5364,4.972,13.198,64.0362,20.1746,11.8168,4.9243,4.993,1716.49,,0.383,285.942,402.177,159.618,2.775,2.27
P1001101,調味料及香辛料類,白醬,"前處理描述:混合均勻(奶粉,奶油,植物油,洋蔥,鹽,糖,味精,澱粉,起司,蒜,橄欖油,胡椒等)",,,61.35,58.5216,86.307,1.226,3.2452,1.0786,6.8098,1.4142,3.85,934.219,,0.055,48.371,26.6,4.584,0.308,0.208
P1001201,調味料及香辛料類,青醬,"前處理描述:混合均勻(奶油,植物油,羅勒葉,鹽,糖,味精,澱粉,起司,蔬菜,橄欖油,松子泥等)",,,83.0576,78.5212,82.816,0.933,5.4092,1.1642,7.6607,2.2682,4.57,1210.915,,0.052,67.169,39.389,10.802,1.066,0.221
P1001301,調味料及香辛料類,蕃茄義大利麵醬,"前處理描述:混合均勻打碎(蕃茄,橄欖,橄欖油,胡蘿蔔,芹菜,羅勒,辣椒,黑胡椒,糖,鹽,味精等)",,,70.3102,67.083,83.115,3.158,2.4642,0.4355,8.8751,1.6136,6.55,767.842,,0.264,217.046,20.227,13.554,0.638,0.384
P1001401,調味料及香辛料類,五味醬,"前處理描述:混合均質(番茄醬,糖,薑,蒜,調味料,澱粉,香辛料,食用醋等)",,,139.9328,137.834,60.895,1.304,0.8096,0.2057,31.8576,1.0494,27.324,1946.765,,0.251,190.208,16.218,14.03,0.604,0.235
P1001501,調味料及香辛料類,牛排醬,"前處理描述:混合均勻(醬油,黑糊椒,洋蔥,酒,果汁,香辛料等)",,,130.28,127.6648,61.65,2.49,0.0,0.0,30.08,1.3076,,2112.82,,0.054,121.25,15.53,18.7,1.2,0.56
P1001601,調味料及香辛料類,羊肉爐醬,"前處理描述:混合均勻(豆乳,豆瓣,糖,味噌等)",,,129.6891,127.5463,68.56,7.323,7.1903,1.2554,8.9211,1.0714,5.02,2945.101,,0.193,152.411,172.514,28.309,1.392,0.804
P1001701,調味料及香辛料類,沙茶醬,"前處理描述:混合均質(扁魚,蝦米,黃豆油,大蒜,蔥干,辣椒等)",,,728.81,721.4412,5.42,10.2,71.81,13.1771,10.43,3.6844,,420.84,,0.4446,354.84,201.83,56.06,4.04,1.65
P1001801,調味料及香辛料類,素沙茶醬,"前處理描述:混合均質(小麥胚芽,胡麻粉,薑,辣椒粉,香菇汁,沙拉油,天然香辛料等)",,,670.28,664.602,8.6,7.55,66.04,11.4103,11.43,2.839,,1990.54,,0.2945,212.31,134.37,67.16,3.37,1.2
P1001901,調味料及香辛料類,黃芥茉醬,"前處理描述:混合均勻(芥茉粉,香料等)",,,74.4754,64.2398,82.406,4.134,3.6798,0.2298,6.2053,5.1178,0.764,1153.8565,,0.0764,133.742,55.302,50.743,1.6235,0.7095
P1002001,調味料及香辛料類,山葵醬,"前處理描述:混合均勻(生鮮山葵,鹽,維生素E,食品添加物等)",芥茉醬,,338.1689,327.6095,21.998,1.062,5.8973,1.3124,70.2113,5.2797,33.671,264.66,,0.052,38.463,22.137,6.853,0.892,0.191
P1002101,調味料及香辛料類,金桔醬,"前處理描述:混合均勻(金桔,辣椒,糖,米酒等)",,,84.1054,79.9046,74.756,0.53,0.4262,0.1193,19.5374,2.1004,15.731,1749.682,,0.032,81.691,34.09,11.236,5.644,0.833
P1002201,調味料及香辛料類,海鮮醬,"前處理描述:混合均勻(蕃薯,黃豆,蒜,栗粉,芝麻,辣椒,醋酸,鹽,糖等)",,,228.4339,225.6333,39.237,1.793,2.2099,0.3686,50.3432,1.4003,40.61,2270.936,,0.0918,132.59,15.3635,18.2805,0.642,0.276
P1002301,調味料及香辛料類,烤肉醬,"前處理描述:混合均勻(黃豆,小麥,澱粉,芝麻,醬油,辣椒醬,醋,鹽,糖,香辛料等)",,,156.84,155.3962,54.22,5.21,0.84,0.1493,32.11,0.7219,,2603.87,,0.4556,268.91,21.4,44.04,2.01,0.6
P1002401,調味料及香辛料類,排骨醬,"前處理描述:混合均勻(蕃茄,黃豆,芝麻,栗粉,蒜,鹽,糖,芝麻油,米酒,醋酸,味精,香料等)",,,221.0868,218.264,39.07,2.292,4.41,0.7691,43.0572,1.4114,,4195.94,,0.2875,278.21,5.53,25.266,1.97,0.37
P1002501,調味料及香辛料類,甜辣醬,"前處理描述:混合均勻(蕃茄,辣椒,糖,鹽,香菇汁等)",,,116.2,115.0578,65.45,0.97,0.0,,28.08,0.5711,,1968.37,,0.1274,122.5,8.7,13.5,0.95,0.18
P1002601,調味料及香辛料類,甜麵醬,"前處理描述:混合均勻(黃豆,鹽,糖,麵粉,米,香辛料等)",,,215.6064,212.2684,43.853,4.48,2.39,0.7845,44.0441,1.669,,1869.61,,0.0466,178.59,24.3,32.14,1.38,0.48
P1002701,調味料及香辛料類,朝鮮醬,"前處理描述:混合均勻(白芝麻,薑,果汁,糖,醬油,香料等)",,,106.0644,102.4744,72.63,1.646,2.32,0.3704,19.6501,1.795,,1501.63,,0.0979,126.7,4.51,13.962,1.74,0.18
P1002801,調味料及香辛料類,黑胡椒醬,前處理描述:混合均勻均質,,0.0,116.891,113.8862,66.933,2.517,0.5298,0.1633,25.5137,1.5024,8.87,1761.79,0.4913,0.0,115.14,40.98,15.63,0.52,0.0
P1002901,調味料及香辛料類,日式照燒醬,"前處理描述:混合均勻(醬油,味醂,糖,麥芽糖,澱粉,己二烯酸鉀等)",,,227.2319,227.0805,38.878,2.991,0.5299,0.1289,52.6247,0.0757,39.189,1839.818,,0.045,168.264,10.345,24.122,0.84,0.472
P1003001,調味料及香辛料類,蒜蓉醬,"前處理描述:混合均勻打碎(蒜,豆油,鹽,糖,果酸等)",,,281.5924,279.1408,51.848,4.22,19.97,3.1491,21.2456,1.2258,,816.6,,0.4993,219.59,11.13,13.467,0.69,0.486
P1003101,調味料及香辛料類,辣蒜蓉醬,"前處理描述:混合均勻打碎(蒜,辣椒,鹽,糖,香油等)",,,78.456,69.4214,72.103,2.32,4.21,0.7687,7.8215,4.5173,,5043.133,,0.4957,259.89,7.81,42.857,2.17,0.28
P1003201,調味料及香辛料類,辣椒醬,"前處理描述:混合均勻打碎(紅辣椒,鹽,糖,麻油,香油,味精等)",,,82.5834,73.1328,68.859,2.605,2.895,0.4882,11.5271,4.7253,,4948.41,,0.8183,226.1,37.315,43.925,1.76,0.28
P1003301,調味料及香辛料類,蔥醬,"前處理描述:混合均勻打碎(青蔥,豆醬,辣椒,蒜頭,沙拉油,白胡椒粉,糖,鹽等)",,,148.6583,144.9807,68.092,2.231,6.8463,1.3039,19.5294,1.8388,13.756,1122.021,,0.021,151.385,22.368,20.456,1.068,0.389
P1003401,調味料及香辛料類,糖醋醬,"前處理描述:混合均勻(糖,蕃茄,蒜頭,鹽,香油,醋,澱粉,調味料,香辛料等)",,,130.7492,129.2764,65.439,1.86,2.56,0.3713,25.0673,0.7364,,1857.95,,0.3274,192.57,7.77,12.3,1.46,0.153
P1003501,調味料及香辛料類,蕃茄醬,"前處理描述:混合均勻(蕃茄,醋,糖,鹽,香辛料等)",,,113.776,110.9166,67.801,1.61,0.06,,26.699,1.4297,,1116.22,,0.2166,392.05,10.78,20.5,0.82,0.24
P1003601,調味料及香辛料類,薑蓉醬,"前處理描述:混合均勻(老薑,植物油,檸檬酸等)",,,64.6532,61.2008,85.12,1.0,2.57,0.4265,9.3808,1.7262,,645.72,,0.1362,198.8,5.89,25.033,1.01,0.44
P1003701,調味料及香辛料類,蘑菇醬,"前處理描述:混合均勻打碎(蘑菇片,蕃茄醬,鹽,肉骨醬,洋蔥等)",,,58.1016,55.5924,87.322,1.49,2.39,0.9844,7.6579,1.2546,,355.357,,0.3334,90.48,5.75,8.843,0.45,0.134
P1003801,調味料及香辛料類,米豆醬,"前處理描述:混合均勻打碎(米,黃豆,糖,鹽等)",,,128.47,123.4514,59.678,7.4,3.04,0.6287,17.8775,2.5093,,4354.31,,0.1227,410.96,54.76,74.55,1.85,1.14
P1003901,調味料及香辛料類,蒜味豆豉醬,"前處理描述:混合均勻打碎(豆豉,蒜頭,辣椒,植物油,糖,調味料等)",,,269.5824,264.2508,44.891,9.49,16.98,2.7585,19.7006,2.6658,,3150.43,,0.9484,380.16,44.24,51.85,4.7,1.0
P1004001,調味料及香辛料類,豆酥醬,"前處理描述:混合均勻打碎(黃豆,大豆油,鹽,糖,薑等)",,,671.1516,659.8988,9.029,12.21,64.54,10.9395,10.3629,5.6264,6.253,1206.636,,0.072,264.54,86.52,65.823,2.556,1.492
P1004101,調味料及香辛料類,豆瓣醬,"前處理描述:混合均勻打碎(蠶豆,黃豆,麵粉,食鹽,麻油等)",,,178.438,170.1758,51.782,14.2,8.1,1.3376,12.1845,4.1311,,5041.904,,0.8755,688.84,18.89,92.482,3.05,1.328
P1004201,調味料及香辛料類,辣豆瓣醬,"前處理描述:混合均勻打碎(辣椒,黃豆,醬油,麻油,鹽,糖,調味料等)",,,100.304,89.9934,66.374,4.52,3.32,0.538,13.086,5.1553,,4379.76,,0.1774,354.21,26.63,48.04,3.39,0.63
P1004301,調味料及香辛料類,紅麴醬,"前處理描述:混合均勻打碎(天然紅麴,精選米,蔗糖,天然海鹽等)",,,163.2231,160.8389,52.504,4.582,0.5339,0.1988,35.0225,1.1921,16.757,2687.012,,0.048,36.89,6.083,15.51,0.509,0.771
P1004401,調味料及香辛料類,韭花醬,"前處理描述:混合均勻打碎(韭菜花,薑,鹽等)",,,29.0736,23.5868,79.47,2.087,0.31,0.0975,4.4839,2.7434,,5062.84,,0.1853,294.72,60.54,46.624,3.24,0.33
P1004501,調味料及香辛料類,香椿醬,"前處理描述:混合均勻打碎(香椿,香菇,糖,豆辮粒,芝麻,番茄醬,花瓜,麻油,沙拉油,胡椒粉,鹽等)",,,507.2189,497.1911,34.761,8.1265,51.7333,8.8733,2.2783,5.0139,3.209,961.734,,0.147,305.385,160.424,58.881,4.135,1.296
P1004601,調味料及香辛料類,麻婆醬,"前處理描述:混合均勻(豆瓣,味噌,辣椒,薑,澱粉,香油,糖等)",,,189.9668,184.7644,59.23,2.93,9.54,1.446,23.0967,2.6012,,1752.75,,0.784,167.19,8.93,28.429,6.33,0.34
P1004701,調味料及香辛料類,蝦醬,"前處理描述:混合均勻(發酵銀蝦,鹽等)",,,99.0644,99.0644,46.43,19.59,1.71,1.1154,1.3286,,,10131.54,,0.2119,406.01,1077.19,277.026,13.82,0.386
P1100101,調味料及香辛料類,沙拉醬,"前處理描述:混合均勻(沙拉油,雞蛋,醋,糖,鹽,香辛料等)",,,644.52,644.3022,19.51,1.94,65.68,9.9308,11.41,0.1089,,979.82,,0.0,107.5,9.85,2.8,0.54,0.69
P1100102,調味料及香辛料類,沙拉醬(2021年取樣),"前處理描述:混合均勻(沙拉油,雞蛋,醋,糖,鹽,香辛料等)",蛋黃醬,0.0,629.5348,629.5348,18.02,1.854,61.67,8.6503,16.7722,0.0,7.38,686.9,0.0127,0.0,17.61,13.698,2.9,0.53,0.49
P1100201,調味料及香辛料類,無蛋沙拉醬,"前處理描述:混合均勻(植物油,大豆卵磷脂等)",,,479.3964,479.3964,33.76,1.774,44.03,6.897,19.0076,,,549.4,,0.0,9.07,3.78,1.78,0.0,0.052
P1100202,調味料及香辛料類,無蛋沙拉醬(2021年取樣),前處理描述:混合均勻(沙拉油、釀造糯米醋、鹽、乳清蛋白等),,0.0,631.3152,631.3152,16.03,0.251,59.84,9.7312,22.9378,0.0,19.859,349.5,0.0,0.0,18.59,2.247,1.24,0.0,0.0
P1100301,調味料及香辛料類,千島沙拉醬,"前處理描述:混合均勻(沙拉油,糖,蕃茄醬,小黃瓜,蛋,洋蔥,醋,鹽,香辛料等)",,,514.9603,514.1491,31.113,0.956,49.3499,7.9059,16.7468,0.4056,17.664,631.272,,0.034,61.435,9.88,4.392,0.346,0.233
P1100401,調味料及香辛料類,和風沙拉醬,"前處理描述:混合均勻(水,糯米酢,糖,鹽,醬油,橄欖油,果汁,食品添加物,維生素E等)",,,128.6264,128.125,63.277,2.116,1.6516,0.2758,26.3245,0.2507,25.423,2853.119,0.2983,0.0,157.839,15.327,20.586,0.49,0.44
P1100501,調味料及香辛料類,凱撒沙拉醬,"前處理描述:混合均勻均質(植物油,蛋,鹽,檸檬汁,白酒,醋,醬油,芝蔴,乾酪,大蒜,洋蔥,糖,銀魚等",,,336.5499,335.8103,48.357,1.375,29.0755,4.8181,17.3426,0.3698,11.979,1274.728,,0.044,73.999,20.801,12.401,0.635,0.561
P1200101,調味料及香辛料類,味噌,"前處理描述:混合均勻(米,黃豆,鹽等)",,,215.1577,206.1501,40.076,10.6415,4.4701,1.0199,33.0902,4.5038,18.046,4152.995,,0.1651,345.3825,43.3225,56.6835,1.7755,1.2455
P1300101,調味料及香辛料類,法式奶酥醬,"前處理描述:混合均勻(奶油,糖,奶粉,調味料等)",,,596.082,596.082,7.313,6.693,46.5464,19.9838,37.5981,,34.77,176.983,,0.09,330.836,199.62,17.805,0.406,0.599
P1300201,調味料及香辛料類,巧克力醬(液體),"前處理描述:混合均勻(糖,水,可可粉,鹽,磷酸三鈣,食用色素等)",,,276.7447,272.4839,31.161,1.953,0.8115,0.5109,65.4073,2.1304,51.719,67.973,,0.325,185.497,15.228,42.81,2.377,1.052
P1300301,調味料及香辛料類,草莓果醬,"前處理描述:混合均勻打碎(草莓,糖,果膠等)",,,272.1952,268.9866,33.285,0.3555,1.21,0.8374,64.9708,1.6043,,21.83,,0.0063,52.945,6.855,4.505,0.325,0.127
P1300401,調味料及香辛料類,葡萄果醬,前處理描述:混合均勻,,,260.6,257.64,37.0,0.02,1.88,,60.9,1.48,,51.8,,0.0017,12.0,5.8,2.6,0.6,0.07
P1300501,調味料及香辛料類,柚子果醬,前處理描述:混合均勻均質,,0.0,267.6964,262.8986,33.6987,0.623,0.78,0.2064,64.5461,2.3989,55.038,81.45,0.0589,0.0,101.65,15.28,4.9,0.0,0.0
P1300601,調味料及香辛料類,桑葚果醬,前處理描述:混合均勻,,,226.8824,224.6936,43.443,0.889,0.3964,0.1756,54.9397,1.0944,50.5524,0.904,,0.044,120.647,31.8249,8.6692,0.44,0.393
P1300701,調味料及香辛料類,白芝麻麵包醬,"前處理描述:混合均勻打碎(白芝麻,大豆,植物油,乳化劑等)",,,684.7635,664.7555,0.533,20.027,60.3619,12.0784,15.3496,10.004,3.215,30.369,,0.327,507.852,635.685,230.233,9.762,3.68
P1300801,調味料及香辛料類,黑芝麻麵包醬,"前處理描述:混合均勻(黑芝麻,植物油,鹽,黑糖,葡萄糖,乳化劑,卵磷質等)",,,666.7447,653.2187,1.946,10.628,57.3591,13.336,27.0002,6.763,18.559,107.392,,0.236,250.385,637.019,188.543,4.954,2.421
P1300901,調味料及香辛料類,花生醬,"前處理描述:混合均勻(花生,植物油等)",,,656.5222,635.4018,1.045,23.97,54.325,10.4042,17.9293,10.5602,,306.435,,0.6147,571.805,21.94,173.248,2.425,2.775
P1301001,調味料及香辛料類,洋蔥麵包醬,"前處理描述:混合均勻(洋蔥,植物油,蛋,奶粉,澱粉,鹽,草漿,香草,檸檬酸等)",,,276.4436,272.5854,61.7,0.98,26.07,1.8204,9.4734,1.9291,,535.25,,0.063,127.74,12.75,9.209,1.34,0.15
P1301101,調味料及香辛料類,法式香蒜醬,"前處理描述:混合均勻(奶油,蒜,荷蘭芹,調味料等)",,,790.9177,789.8467,8.429,1.078,85.7285,40.4724,3.7623,0.5355,0.0,477.324,,0.113,58.344,9.198,4.175,0.275,0.206
P1301201,調味料及香辛料類,無糖黑芝麻醬,前處理描述:混合均勻(100%黑芝麻),,0.0,612.3714,585.8479,0.116,20.719,55.9537,8.3726,17.7258,12.8133,0.519,1.96,2.3549,0.3838,468.21,1386.93,351.96,6.89,5.38
P1400101,調味料及香辛料類,液體奶精,"前處理描述:混合均勻(植物油,酪蛋白,奶粉,乳化劑,香料等)",奶精,,262.2088,262.2088,66.41,3.912,26.28,24.1206,2.5102,,,217.14,,0.07,43.76,20.165,1.53,0.2,0.29
P1400102,調味料及香辛料類,液體奶精(2021年),前處理描述:混合均勻(精緻油(椰子油、棕櫚油)、奶油、奶粉、砂糖等),奶精,0.0,242.1527,242.0183,69.06,2.208,24.0427,15.4743,4.2341,0.0672,2.433,122.46,0.0036,0.0,69.95,15.34,2.93,0.0,0.0
P1400201,調味料及香辛料類,奶精粉,前處理描述:混合均勻(植物性脂肪),"奶精,植物性奶精",,543.8,543.8,2.7,2.2,33.0,32.2938,59.5,,,158.0,,0.0,846.0,1.0,1.0,0.2,0.1
P1400202,調味料及香辛料類,奶精粉(2021年),前處理描述:混合均勻(葡萄糖漿、完全氫化棕櫚仁油),奶精,0.0,549.6763,549.6763,2.85,2.112,34.5507,31.3269,57.568,0.0,8.846,242.5,0.0064,0.0,842.2,140.77,3.58,0.0,0.0
P1400301,調味料及香辛料類,奶精粉(低脂),"前處理描述:混合均勻(玉米糖漿,氫化椰子油等)","奶精,植物性奶精",,450.1284,450.1284,3.82,2.092,15.65,9.3888,75.2276,,,98.73,,0.0,1006.35,1.61,1.52,0.07,0.068
P1500101,調味料及香辛料類,炸排粉,"前處理描述:混合均勻(麵包粉,小麥粉,澱粉,鹽,味精等)",,,343.7276,340.0924,8.842,11.87,1.8,0.7693,70.0119,1.8176,,2926.52,,0.1106,124.91,17.86,34.07,1.66,0.7
P1500201,調味料及香辛料類,炸雞粉,"前處理描述:混合均勻(麵粉,澱粉,糖,鹽,胡椒等)",,,332.878,320.4352,7.808,8.34,1.72,0.6334,71.0095,6.2214,,3789.99,,0.1479,220.35,18.99,61.46,2.73,0.825
P1500301,調味料及香辛料類,蒸肉粉(五香),"前處理描述:混合均勻打碎(米,花椒,八角,香辛料,鹽,糖,味素等)",,,349.8236,345.0212,9.92,10.28,1.07,0.2709,74.7684,2.4012,,1211.28,,0.1787,555.31,9.07,45.327,2.1,0.161
P1500401,調味料及香辛料類,熱狗粉,"前處理描述:混合均勻(奶粉,黃豆粉,麵粉,玉米粉,調味料等)",,,355.0384,352.2774,10.397,8.35,0.88,0.198,78.4296,1.3805,,315.13,,0.0615,191.39,8.13,25.74,0.42,0.222
P1500501,調味料及香辛料類,麵包粉,"前處理描述:混合均勻打碎(麵包粉,小麥粉,酵母,起酥油,鹽,葡萄糖,vit C等)",,,369.6165,364.5167,8.3595,14.423,1.5081,0.3225,74.5879,2.5499,3.176,255.836,,0.1491,128.7985,20.091,36.469,1.8035,1.1345
P1500601,調味料及香辛料類,酵母粉,前處理描述:混合均勻打碎,,,346.9,304.3,5.9,46.29,0.02,,40.39,21.3,,140.4,,0.2127,1770.0,119.0,123.3,7.82,6.31
Q0100101,糕餅點心類,冷藏寧波年糕,"樣品狀態:冷藏真空包裝(蓬萊米,水,鹽等); 前處理描述:混合均勻打碎",,,219.5605,218.3409,45.541,3.9283,0.5797,0.159,49.6575,0.6098,0.077,62.0457,,0.0267,21.6027,4.0597,7.6954,0.4703,0.6463
Q0100201,糕餅點心類,冷藏甜年糕,"樣品狀態:冷藏真空包裝(糯米,糖等); 前處理描述:混合均勻打碎",,,241.6428,240.7192,39.94,2.296,0.39,,57.2372,0.4618,,15.11,,0.0239,20.72,6.44,8.29,0.19,0.245
Q0100301,糕餅點心類,冷藏廣式芋頭粿,"樣品狀態:冷藏真空包裝(米,芋頭,豬肉,蝦米等); 前處理描述:混合均勻打碎",,,108.6607,106.6759,74.045,2.11,1.6003,0.5214,21.4545,0.9924,0.658,242.17,,0.008,45.53,5.165,7.985,0.4,0.45
Q0100401,糕餅點心類,冷藏廣式蘿蔔糕,"樣品狀態:冷藏真空包裝(米,蘿蔔,豬肉,蝦米,香菇,油,蔥,火腿等); 前處理描述:混合均勻打碎",菜頭粿,,110.9088,109.1234,74.4398,2.1605,2.3036,0.7958,20.3836,0.8927,0.0,251.0353,,0.0627,30.8425,6.3267,6.5647,0.4438,0.28
Q0100501,糕餅點心類,包餡甜麻糬(紅豆),"前處理描述:混合均勻打碎(糯米,糖,紅豆餡,水飴,馬鈴薯粉等)",,,329.0976,325.1414,21.152,10.02,2.9224,1.1128,65.679,1.9781,27.636,44.015,,0.011,52.228,8.149,7.488,0.438,0.422
Q0200101,糕餅點心類,鹹麻糬,前處理描述:混合均勻打碎,,,248.1,244.9,42.6,8.7,4.5,2.2073,43.2,1.6,,272.0,,0.039,120.0,6.0,14.0,0.8,0.9
Q0300101,糕餅點心類,芋仔餅,前處理描述:混合均勻打碎,,,353.7,347.1,26.1,4.6,12.1,5.076,56.6,3.3,,8.0,,0.072,260.0,16.0,24.0,1.7,1.9
Q0300201,糕餅點心類,月餅(棗泥),前處理描述:混合均勻打碎,,,419.4,412.6,15.9,6.0,18.2,5.238,57.9,3.4,,120.0,,0.096,303.0,34.0,33.0,2.6,0.7
Q0300301,糕餅點心類,綠豆凸,前處理描述:混合均勻打碎,綠豆椪,,393.8775,386.0775,20.9,6.9,15.8955,6.7514,55.8045,3.9,21.107,14.0,,0.085,184.0,17.0,25.0,1.0,0.6
Q0300401,糕餅點心類,蕃薯餅,前處理描述:混合均勻打碎,,,330.6,327.4,30.0,3.9,10.6,3.6051,54.9,1.6,,24.0,,0.111,211.0,17.0,21.0,1.4,0.4
Q0400101,糕餅點心類,車輪餅(紅豆),前處理描述:混合均勻打碎,,,187.0216,174.0688,53.491,2.057,1.0632,0.3169,42.3062,6.4764,12.693,107.646,,0.045,258.081,31.773,31.134,1.321,0.864
Q0400201,糕餅點心類,車輪餅(菜脯),前處理描述:混合均勻打碎,,,183.3868,175.5618,59.695,1.404,5.688,1.449,31.6447,3.9125,7.093,466.901,,0.075,107.63,64.046,22.913,0.9,0.854
Q0500101,糕餅點心類,太陽餅,前處理描述:混合均勻打碎,,,460.2215,459.4215,10.3,5.3,20.5243,8.3814,63.5757,0.4,18.968,3.0,,0.03,88.0,17.0,13.0,0.8,0.3
Q0500201,糕餅點心類,牛舌餅,前處理描述:混合均勻打碎,,,411.3165,410.9165,12.5,5.7,13.2233,5.1127,67.3767,0.2,22.786,66.0,,0.035,86.0,20.0,15.0,0.8,0.4
Q0500301,糕餅點心類,蛋黃芋頭酥,"樣品狀態:冷凍包裝(蛋黃,芋頭,澱粉等); 前處理描述:混合均勻打碎",,,216.5796,212.1494,48.69,3.1,3.02,0.7067,44.2499,2.2151,,33.84,,0.1583,388.32,28.6,24.81,1.21,2.592
Q0500401,糕餅點心類,蛋黃酥,前處理描述:混合均勻打碎,,,461.3055,457.3055,16.3,11.4,26.4211,12.0367,44.4789,2.0,12.58,196.0,,0.089,327.0,59.0,25.0,4.1,1.8
Q0500501,糕餅點心類,鳳梨酥,前處理描述:混合均勻打碎,,,484.189,480.789,8.9,4.2,24.3578,14.3677,62.0422,1.7,20.208,59.0,,0.175,121.0,39.0,14.0,0.7,0.3
Q0500601,糕餅點心類,蘿蔔酥,前處理描述:混合均勻打碎,,,427.3355,420.7355,18.5,7.5,20.9071,8.2668,52.2929,3.3,18.102,72.0,,0.077,220.0,17.0,31.0,1.3,0.5
Q0600701,糕餅點心類,鳳眼糕,前處理描述:混合均勻打碎,,,378.5615,377.1615,6.2,3.8,0.8323,0.3335,88.9677,0.7,48.659,1.0,,0.026,45.0,7.0,6.0,1.8,0.9
Q0600801,糕餅點心類,米粩,前處理描述:混合均勻打碎,豬油粩,,441.5405,440.5405,6.4,2.6,13.7481,4.0668,76.8519,0.5,24.087,34.0,,0.02,35.0,90.0,10.0,1.1,0.4
Q0700101,糕餅點心類,可頌,前處理描述:混合均勻打碎,,,452.4956,448.3932,18.255,7.319,26.1036,14.0894,47.0718,2.0512,6.578,360.222,,0.041,122.031,36.439,23.015,0.688,1.059
Q0700201,糕餅點心類,泡芙(巧克力),"前處理描述:混合均勻打碎(麵粉,雞蛋等)",,,589.5895,585.3895,1.4,10.3,40.3979,17.6351,46.2021,2.1,21.58,146.0,,0.11,332.0,167.0,46.0,1.6,1.4
Q0700301,糕餅點心類,蛋塔,前處理描述:混合均勻打碎,,,375.9786,372.994,32.439,4.065,21.6938,11.4511,41.1186,1.4923,20.14,85.423,,0.029,116.266,72.863,13.826,0.954,0.903
Q0700401,糕餅點心類,蛋塔(葡式),前處理描述:混合均勻打碎,,,375.1438,372.697,37.831,3.682,25.8478,14.6542,31.9464,1.2234,13.315,119.216,,0.034,96.199,57.996,10.106,0.751,0.787
Q0700501,糕餅點心類,鬆餅,前處理描述:混合均勻打碎,,,256.6734,253.8404,37.84,3.234,2.6102,1.0475,55.0614,1.4165,20.117,227.887,,0.011,142.219,104.903,13.179,0.413,0.507
Q0800101,糕餅點心類,冷凍馬拉糕,"樣品狀態:冷凍包裝(雞蛋,麵粉,牛奶等); 前處理描述:混合均勻打碎",,,319.9732,317.438,35.17,7.05,12.87,2.5891,43.9858,1.2676,,165.72,,0.086,140.27,49.21,13.179,0.84,0.63
Q0800201,糕餅點心類,銅鑼燒,"前處理描述:混合均勻打碎(麵粉,雞蛋,糖,蜂蜜,糖,油脂,紅豆餡,香料,膨脹劑,鹽等)",,,331.9506,328.0858,28.827,3.394,9.9414,1.9473,57.2255,1.9324,31.957,123.389,,0.008,93.828,46.28,15.36,1.058,0.961
Q0800301,糕餅點心類,冷凍馬蹄條,"樣品狀態:冷凍包裝(粉類,春捲皮,花生等); 前處理描述:混合均勻打碎",,,194.4988,185.6822,52.84,4.217,1.91,0.3794,40.1102,4.4083,,277.19,,0.0531,71.15,8.18,19.08,0.51,0.35
Q0900101,糕餅點心類,乳酪蛋糕,"前處理描述:混合均勻打碎(雞蛋,麵粉,起司,牛奶,糖,天然果汁等)",,,295.6886,294.2182,51.77,6.971,21.2706,13.2916,19.0923,0.7352,13.689,152.97,,0.1167,133.12,73.73,9.9,0.65,0.724
Q0900201,糕餅點心類,海綿蛋糕(圓形),前處理描述:混合均勻打碎,,,343.8271,338.8291,35.744,5.09,18.0767,3.7088,40.1942,2.499,20.836,208.118,,0.026,111.478,43.265,11.551,1.108,0.757
Q0900301,糕餅點心類,提拉米蘇(圓形),前處理描述:混合均勻打碎,,,327.7954,326.5424,48.653,4.407,25.0806,16.2883,21.1105,0.6265,10.587,105.051,,0.014,147.465,73.265,15.522,0.592,0.598
Q0900401,糕餅點心類,蜂蜜蛋糕(原味),"前處理描述:混合均勻打碎(蜂蜜,雞蛋,麵粉,糖等)",,,346.4778,345.1932,30.96,6.514,14.5422,3.1338,47.3855,0.6423,28.978,75.97,,0.1633,109.27,29.04,10.51,1.09,0.752
Q0900501,糕餅點心類,蜂蜜蛋糕(巧克力),"前處理描述:混合均勻打碎(雞蛋,巧克力,牛奶,麵粉,糖,植物油,調味料,膨鬆劑,乳化劑等)",,,340.823,337.9444,33.5,6.912,15.645,3.7095,43.0925,1.4393,21.262,133.88,,0.0947,185.1,28.34,24.65,1.64,0.904
Q0900601,糕餅點心類,蜂蜜蛋糕(起司),"前處理描述:混合均勻打碎(雞蛋,麵粉,起司,植物油,香料,膨鬆劑,乳化劑等)",,,352.2688,350.9358,33.77,7.428,18.122,5.653,39.8647,0.6665,21.285,169.94,,0.0583,111.49,30.58,11.13,1.11,0.788
Q0900701,糕餅點心類,黑森林蛋糕,前處理描述:混合均勻打碎,巧克力鮮奶油蛋糕,0.0,276.7245,273.5925,52.303,4.173,17.7881,11.083,24.9849,1.566,17.734,76.29,0.223,0.0,211.85,31.72,24.96,2.33,0.56
Q1000101,糕餅點心類,土司,"前處理描述:混合均勻打碎(麵粉,乳粉,糖,鹽,油脂,酵母,乳化劑等)",,,288.9169,282.9013,34.175,9.532,6.2709,3.1296,48.5877,3.0078,4.514,443.4745,,0.0677,101.4485,22.7946,27.5669,1.397,0.7635
Q1000201,糕餅點心類,土司(含全穀粉),"前處理描述:混合均勻打碎(麵粉,乳粉,糖,鹽,油脂,麩皮,酵母,小麥胚芽等)",,,291.6309,283.2851,33.3,9.981,6.1193,2.9442,49.1583,4.1729,6.67,354.922,,0.1092,137.197,18.3046,45.7106,1.3045,1.3585
Q1000301,糕餅點心類,紅豆土司,"前處理描述:混合均勻打碎(土司,紅豆等)",,,319.3358,313.2686,31.902,9.162,10.189,5.879,47.7467,3.0336,13.619,289.903,0.4135,0.0,171.88,51.558,29.21,1.65,1.112
Q1000401,糕餅點心類,奶酥麵包,前處理描述:混合均勻打碎,,,376.655,374.455,24.3,9.1,15.651,9.1787,49.849,1.1,15.89,215.0,,0.025,105.0,30.0,21.0,0.6,0.6
Q1000501,糕餅點心類,肉鬆麵包,前處理描述:混合均勻打碎,,,428.9362,422.831,19.982,8.108,22.9082,5.8249,47.5826,3.0526,12.746,416.622,,0.037,103.133,37.368,24.94,1.445,1.059
Q1000601,糕餅點心類,蜜糖甜甜圈(波/摩堤),前處理描述:混合均勻打碎,波(摩)堤,,396.2922,394.7998,25.747,1.953,20.6722,9.4302,50.6076,0.7462,15.313,389.339,,0.006,60.827,40.241,4.822,0.424,0.342
Q1000701,糕餅點心類,糖粒甜甜圈(油炸),前處理描述:混合均勻打碎,,,400.9975,397.0629,23.725,5.311,19.8339,7.1928,50.3121,1.9673,13.379,264.988,,0.045,105.76,40.813,21.666,0.769,0.774
Q1000801,糕餅點心類,菠蘿麵包,前處理描述:混合均勻打碎,,,377.921,376.121,22.5,9.2,15.0242,8.7275,51.4758,0.9,11.828,204.0,,0.047,197.0,97.0,26.0,0.7,0.7
Q1000901,糕餅點心類,葡萄乾奶酥麵包,"前處理描述:混合均勻打碎(含葡萄乾,奶酥,杏仁片等)",,0.0,306.0605,299.4493,32.067,8.359,7.8793,3.0403,50.4277,3.3056,15.577,250.6,0.2363,0.0,189.66,96.07,23.94,0.77,0.73
Q1001001,糕餅點心類,漢堡包,"前處理描述:混合均勻打碎(麵粉,糖,奶油,酵母,鹽,奶粉,酥油,蛋,白芝麻等)",,,321.9346,315.9068,27.372,9.079,7.3538,5.154,54.8586,3.0139,4.885,285.941,,0.068,130.666,35.001,41.679,1.203,1.097
Q1001101,糕餅點心類,餐包,"前處理描述:混合均勻打碎(麵粉,糖,奶油,酵母,鹽,鮮奶,植物油,蛋等)",,,365.2053,361.2177,26.32,7.185,14.9349,7.5118,50.5128,1.9938,12.173,205.532,,0.039,136.241,58.984,27.674,0.956,0.799
Q1001201,糕餅點心類,雙胞胎麵包,前處理描述:混合均勻打碎,,0.0,341.1959,339.9757,23.89,8.384,7.7111,1.3785,59.565,0.6101,15.84,34.85,0.3491,0.0,85.75,9.74,21.32,0.92,0.55
Q2100101,糕餅點心類,仙草凍,"前處理描述:混合均勻打碎(仙草,鹼粉,澱粉,水,海藻膠,糖等)",,,19.3462,18.633,95.023,0.936,0.0734,,3.7354,0.3566,3.995,70.826,,0.0,23.706,1.737,1.343,0.17,0.092
Q2100102,糕餅點心類,仙草凍(2020取樣),"前處理描述:混合均勻打碎(仙草原汁,水,糖,樹薯澱粉,碳酸鈉)",,0.0,19.3029,19.1345,95.19,0.312,0.1849,0.0721,4.0977,0.0842,2.649,55.92,0.1786,0.0,31.42,12.18,3.42,0.7,0.19
Q2100201,糕餅點心類,咖啡凍,"前處理描述:混合均勻打碎(水,糖,植物膠,香料,氯化鉀,檸檬酸鈉,乳酸鈣,蒟蒻粉等)",,,74.6934,74.1288,81.457,0.145,0.1886,0.0993,18.104,0.2823,17.677,13.099,,0.02,48.642,5.72,1.073,0.109,0.105
Q2100301,糕餅點心類,果凍,"前處理描述:混合均勻打碎(濃縮果汁,海藻抽出物,糖等)",,,90.9675,90.8513,77.155,,0.1971,0.0,22.2984,0.0581,16.63,30.49,,0.0,129.07,1.96,1.835,0.25,0.065
Q2100401,糕餅點心類,原味愛玉凍,"前處理描述:混合均質(澱粉,愛玉天然膠質等)","愛玉,草子仔,草枳子,天拋藤,玉枳,枳子,天拋,風不動",,1.6912,1.0644,99.31,,,,0.4228,0.3134,,12.6,,0.0,167.4,2.58,2.021,0.0,0.0
Q2100501,糕餅點心類,檸檬愛玉凍,"前處理描述:混合均質(砂糖,檸檬汁等)","愛玉,草子仔,草枳子,天拋藤,玉枳,枳子,天拋,風不動",,52.5044,52.4936,86.54,,,,13.1261,0.0054,,28.38,,0.0,105.24,2.47,0.573,0.0,0.0
Q2100601,糕餅點心類,粉粿,前處理描述:混合均勻打碎,,0.0,65.0955,63.5015,84.151,0.016,0.1171,0.0377,15.5468,0.7519,0.0,30.44,0.0167,0.0,28.65,8.98,0.94,0.0,0.0
Q2102101,糕餅點心類,鮮奶布丁,"前處理描述:混合均勻均質(生乳,鮮奶油,奶粉,糖,香料,乳化劑,植物膠等)",白布丁,,110.1072,110.1072,78.2077,2.981,5.0824,3.3329,13.1104,,17.909,54.0663,,0.061,140.9073,81.4619,9.4359,0.0,0.36
Q2102201,糕餅點心類,烤布丁,"前處理描述:混合均勻均質(雞蛋,牛乳,糖等)",,,138.1844,138.1844,73.74,4.73,7.1268,4.1591,13.7808,,13.322,63.31,,0.09,135.34,118.16,11.36,0.38,0.62
Q2102301,糕餅點心類,黃布丁,"前處理描述:混合均勻均質(乳品,雞蛋萃取物,植物油,糖漿等)",雞蛋布丁,,109.7895,109.7895,76.3,2.3,3.4779,2.4007,17.3221,,16.966,66.0,,0.015,117.0,57.0,8.0,0.1,0.3
Q2104101,糕餅點心類,豆花(花生),"前處理描述:混合均勻打碎(黃豆 ,花生醬等)",,,60.0585,58.5071,85.88,2.03,0.9157,0.1945,10.9243,0.7757,12.82,8.21,,0.0183,68.72,6.42,12.06,0.68,0.21
Q2104201,糕餅點心類,傳統豆花(未加糖),前處理描述:混合均勻均質,,0.0,38.5209,37.3633,91.414,3.166,1.9197,0.3111,2.1449,0.5788,0.501,21.52,0.1463,0.0,123.01,300.01,24.18,0.7,0.0
Q2106101,糕餅點心類,羊羹,前處理描述:混合均勻打碎,,,288.6515,282.4515,28.4,3.0,0.6903,0.1972,67.6097,3.1,46.521,38.0,,0.015,44.0,15.0,12.0,1.7,1.1
Q2200101,糕餅點心類,巧克力冰淇淋,"前處理描述:混合均質(牛奶,可可粉等)",,,191.844,191.844,64.2,4.2,10.6088,9.5733,19.8912,,16.771,80.0,,0.01,288.0,68.0,26.0,1.7,0.6
Q2200201,糕餅點心類,香草冰淇淋,前處理描述:混合均質,,,182.085,182.085,65.0,2.5,9.057,7.9355,22.643,,16.08,102.0,,0.016,233.0,66.0,14.0,0.1,0.4
Q2200301,糕餅點心類,紅豆牛奶冰棒,前處理描述:混合均勻均質,,0.0,154.9059,151.6009,66.736,3.458,4.8719,3.9834,24.3067,1.6525,15.727,24.96,0.1109,0.0,168.48,71.79,14.61,0.42,0.53
Q2300101,糕餅點心類,花生仁湯,"樣品狀態:罐裝(花生仁,蔗糖等); 前處理描述:混合均勻打碎",,,108.375,105.275,78.995,2.84,5.143,1.027,12.682,1.55,8.923,50.58,,0.0774,42.5,16.33,20.43,0.27,0.39
Q4100101,糕餅點心類,方塊酥,前處理描述:混合均勻打碎,"恩典酥,方塊酥",,509.467,507.667,2.3,7.1,24.0534,10.5275,66.1466,0.9,13.974,4.0,,0.055,98.0,13.0,18.0,1.0,0.5
Q4100201,糕餅點心類,夾心餅乾(草莓),前處理描述:混合均勻打碎,,,516.895,514.295,4.0,4.8,27.379,15.8932,62.821,1.3,25.051,303.0,,0.062,112.0,25.0,16.0,1.4,0.5
Q4100301,糕餅點心類,捲心酥,前處理描述:混合均勻打碎,,0.0,490.1546,487.12,1.223,6.072,19.8978,10.6485,71.6966,1.5173,39.397,73.16,0.432,0.0,293.84,83.49,37.37,2.09,0.68
Q4100401,糕餅點心類,蛋捲(芝麻),前處理描述:混合均勻打碎(麵粉.雞蛋.芝麻等),,,548.8385,546.6385,3.4,6.8,33.2877,16.5342,55.5123,1.1,28.966,225.0,,0.073,114.0,34.0,16.0,1.3,0.6
Q4100501,糕餅點心類,煎餅,"前處理描述:混合均勻打碎(麵粉,糖,奶油,奶粉,蛋,植物油,大豆卵磷脂,維生素等E)",,,443.608,435.3208,2.875,6.292,11.6872,6.5666,78.3138,4.1436,34.477,162.108,,0.01,156.891,55.526,19.765,0.698,0.629
Q4100601,糕餅點心類,營養口糧,"前處理描述:混合均勻打碎(麵粉,植物油,巧克力粉,奶油,蛋,糖,鹽,碳酸鈣,維生素B1等)",,,424.2495,418.7833,3.68,6.759,8.7283,5.0492,79.6647,2.7331,18.337,333.419,,0.035,133.566,94.356,25.304,0.925,0.753
Q4100701,糕餅點心類,蘇打餅乾(蔬菜),"前處理描述:混合均勻打碎(麵粉,植物油,鮮奶油,豬油,青蔥,麥芽萃取物,鹽,酵母等)",,,511.9169,506.3191,1.7,7.843,24.7453,10.6538,64.4593,2.7989,1.433,388.426,,0.071,140.92,20.379,25.251,1.229,0.711
Q4200101,糕餅點心類,玉米餅乾(原味),前處理描述:混合均勻打碎,,0.0,504.3009,493.8009,2.485,7.58,24.3085,3.0827,63.8011,5.25,0.877,314.34,0.4182,0.2626,268.88,105.92,84.37,1.86,1.77
Q4200201,糕餅點心類,洋芋片,前處理描述:混合均勻打碎,,,552.922,548.522,1.9,5.2,34.3444,12.8453,55.7556,2.2,1.885,383.0,,0.543,817.0,17.0,57.0,1.7,0.5
Q4200301,糕餅點心類,魚酥,前處理描述:混合均勻打碎,,,563.776,563.576,1.7,8.3,36.5952,11.6082,50.3048,0.1,6.491,695.0,,0.245,150.0,275.0,18.0,2.7,0.4
Q4200401,糕餅點心類,零食泡麵,前處理描述:混合均勻打碎,,0.0,483.8075,476.8805,1.132,11.259,21.5191,10.0688,61.2749,3.4635,2.571,1872.15,0.5055,0.0,123.56,24.57,29.05,0.86,0.68
Q4300101,糕餅點心類,雪餅,"前處理描述:混合均勻打碎(米,植物油,糖,調味料,澱粉,明膠,鮮奶油,脫脂奶粉等)",,,486.6134,484.668,1.399,5.752,19.379,6.9313,72.2986,0.9727,19.35,385.104,,0.014,28.889,13.679,9.847,0.666,0.813
Q4900101,糕餅點心類,沙其馬,"前處理描述:混合均勻打碎(麵粉,麥芽,糖,棕櫚油,鹽,奶粉,蛋,芝麻,葡萄乾等)",,,486.9627,483.7221,8.633,5.605,24.8395,11.5981,60.2468,1.6203,22.784,127.724,,0.018,102.787,45.595,32.832,1.111,0.559
Q6100101,糕餅點心類,牛奶巧克力,"前處理描述:混合均勻打碎(可可粉,奶粉等)",,,546.4649,546.4649,1.6,9.36,32.5741,21.4547,53.9645,,51.858,100.62,,0.1014,757.16,250.02,79.376,3.27,1.47
Q6100201,糕餅點心類,花生牛奶巧克力,"前處理描述:混合均勻打碎(麥芽糖,花生,奶粉,植物油,可可粉等)",,,488.6624,485.5046,5.162,13.02,23.238,9.8841,56.8601,1.5789,24.722,49.93,,0.181,460.4,198.98,83.085,1.1,1.575
Q6100301,糕餅點心類,榛果牛奶巧克力,"前處理描述:混合均勻打碎(牛奶,巧克力,榛果仁,蔬菜油,麵粉等)",,,589.9411,581.0485,1.429,8.98,40.4255,15.081,47.5479,4.4463,34.84,45.47,,0.2241,485.77,9.62,99.51,2.26,1.3
Q6100401,糕餅點心類,糖衣牛奶巧克力,"前處理描述:混合均勻打碎(牛奶,巧克力,糖,玉米澱粉,阿拉伯膠等)",,,481.1712,479.1654,1.669,4.81,18.6092,11.9702,73.6121,1.0029,63.287,61.46,,0.0904,288.61,96.92,57.411,0.25,0.665
Q6100501,糕餅點心類,白巧克力風味糖,"前處理描述:混合均勻打碎(植物油,全脂奶粉,大豆磷脂等)",,,561.8931,561.8931,1.11,8.635,34.6927,23.4653,53.7797,,49.455,108.67,,0.46,403.94,197.94,26.025,0.3,0.77
Q6100601,糕餅點心類,黑巧克力(85%),"前處理描述:混合均勻打碎(可可漿,可可脂,可可粉,糖,乳化劑,香料等)",,,613.1219,584.6289,1.281,10.862,46.1183,29.8307,38.6523,14.2465,10.736,5.137,,0.314,1023.727,86.336,285.82,10.561,4.014
Q6200101,糕餅點心類,白芝麻糖,"前處理描述:混合均勻打碎(白芝麻,麥芽飴等)",,,520.9572,511.8976,1.25,8.401,26.2,4.0439,62.8883,4.5298,,4.0,,0.2161,200.98,10.85,171.506,3.28,2.76
Q6200201,糕餅點心類,黑芝麻糖,"前處理描述:混合均勻打碎(黑芝麻,花生等)",,,535.6884,516.095,1.15,8.532,30.3888,4.9427,57.0153,9.7967,17.754,49.8,,0.3766,334.48,627.11,211.295,6.76,2.3
Q6200301,糕餅點心類,花生糖,"前處理描述:混合均勻打碎(花生,砂糖,麥芽糖等)",,,562.3645,556.3645,1.67,17.9,35.3009,8.3009,43.2641,3.0,19.512,182.67,,0.3837,421.28,11.83,133.705,2.05,2.56
Q6200401,糕餅點心類,花生貢糖,"前處理描述:混合均勻打碎(糖,麥芽,花生等)",,,511.1667,503.9425,3.5,13.53,26.3443,5.3787,54.987,3.6121,18.212,118.44,,0.3303,411.59,8.33,120.423,5.66,2.84
Q6200501,糕餅點心類,牛軋糖,"前處理描述:混合均勻打碎(果糖,花生仁,奶粉,奶油等)",,,477.0257,470.4247,6.04,9.678,21.6889,6.0793,60.7784,3.3005,22.781,316.16,,0.1307,295.97,26.05,87.96,0.76,1.064
Q6200601,糕餅點心類,核棗糕,"前處理描述:混合均勻打碎(麥芽,核桃仁,粟米,蜜棗等)",,,425.4256,422.4442,11.24,2.478,14.58,2.4899,71.0734,1.4907,,46.55,,0.0995,94.11,9.07,41.88,0.97,0.651
Q6300101,糕餅點心類,水果軟糖,"前處理描述:混合均勻打碎(糖,香料,動物膠,蘋果酸,色素等)",,,411.2392,411.2392,7.565,1.25,8.4308,6.7616,82.5905,,58.138,4.23,,0.0,1.69,4.1,1.53,0.0,0.0
Q6300201,糕餅點心類,水果QQ軟糖,"前處理描述:混合均勻打碎(砂糖,葡萄原汁,麥芽糖等)",,,342.6326,342.4042,14.454,6.83,0.229,0.2094,78.3129,0.1142,52.361,27.542,,0.0958,37.29,4.89,10.11,0.0,0.064
Q6310101,糕餅點心類,牛奶軟糖,"前處理描述:混合均勻打碎(糖,煉乳,奶粉,奶油,植物性油,卵磷脂,動物膠等)",,,423.7636,423.7636,7.284,2.85,11.13,8.6142,78.0484,,13.993,100.885,,0.0823,85.96,56.74,8.6845,0.0,0.176
Q6310201,糕餅點心類,巧克力牛奶軟糖,"前處理描述:混合均勻打碎(糖,煉乳,可可粉,奶粉,奶油,動物膠等)",,,422.1566,422.1566,7.64,3.395,11.315,8.0215,76.6854,,,119.225,,0.1338,190.54,51.09,29.921,1.01,0.2745
Q6400101,糕餅點心類,太妃糖,"前處理描述:混合均勻打碎(牛奶,糖等)",,,438.3064,438.3064,6.77,2.67,13.9,10.4788,75.6316,,,211.28,,0.1731,123.92,28.77,11.558,0.68,0.39
Q6400201,糕餅點心類,蓮藕糖,"前處理描述:混合均勻打碎(蔗糖,麥芽糖,葡萄糖,蜂蜜等)",,,395.3968,394.9838,1.37,0.2,0.39,0.093,97.7717,0.2065,,43.14,,0.036,29.52,12.06,5.792,0.0,0.0
Q6400301,糕餅點心類,枇杷糖,"前處理描述:混合均勻打碎(蔗糖,麥芽糖,葡萄糖,果糖等)",,,393.72,393.72,1.47,0.2,0.11,,97.9825,0.0,,14.3,,0.051,29.46,3.85,8.729,0.0,0.05
Q6400401,糕餅點心類,苦茶糖,"前處理描述:混合均勻打碎(青草,蜂蜜等)",,,396.4028,396.4028,0.94,0.07,0.24,0.184,98.4907,0.0,,6.59,,0.0,2.16,0.0,3.269,0.19,0.0
Q6400501,糕餅點心類,薑糖,"前處理描述:混合均勻打碎(蔗糖,麥芽糖,生薑等)",,,359.4052,357.1454,12.72,0.33,2.46,1.1368,83.9863,1.1299,,93.14,,0.0,94.75,0.7,9.968,0.81,0.34
Q6400601,糕餅點心類,巧克力夾心糖,"前處理描述:混合均勻打碎(水飴,奶粉,可可粉,可可脂,維生素C等)",,,402.5916,402.5916,2.636,0.73,2.77,2.555,93.6854,,,21.23,,0.0,61.63,10.24,6.807,0.0,0.086
Q6800101,糕餅點心類,維生素C口含錠(檸檬),"前處理描述:混合均勻打碎(天然檸檬汁,維生素C,糖,檸檬酸等)",,,398.6788,398.6788,0.686,0.16,0.55,,98.2722,,,8.78,,0.0,2.61,2.1,37.686,0.0,0.055
Q6800201,糕餅點心類,酵母菌咀嚼錠,"前處理描述:混合均勻打碎(酵母粉,玉米粉,大麥粉,奶粉,芝麻等)",,,390.598,371.57,4.13,23.59,5.62,1.5853,61.4145,9.514,,185.59,,1.229,1528.6,7.95,163.494,10.28,2.639
Q6900101,糕餅點心類,乳酸球,"前處理描述:混合均勻打碎(乳糖,奶粉,砂糖,植物油等)",,,474.4196,451.1366,7.27,3.76,21.65,20.9444,66.1324,11.6415,,34.57,,0.191,370.44,137.48,19.742,0.46,0.39
Q6900201,糕餅點心類,羊乳片,前處理描述:混合均勻打碎(生羊乳等),,,410.0185,410.0185,4.3,23.4,10.0037,6.7334,56.5963,,47.531,319.0,,0.311,1150.0,860.0,181.0,0.9,3.1
Q6900301,糕餅點心類,紅豆球,"前處理描述:混合均勻打碎(紅豆,麥芽,砂糖等)",,,350.7804,338.2414,12.68,7.07,0.97,,78.4426,6.2695,,12.82,,0.3322,354.34,12.81,39.783,3.09,1.26
Q6900401,糕餅點心類,綠豆球,"前處理描述:混合均勻打碎(綠豆,麥芽,砂糖等)",,,345.8768,332.79,13.94,6.19,1.06,,77.8942,6.5434,,16.01,,0.6415,344.93,13.55,48.202,3.2,0.92
Q6900501,糕餅點心類,棉花糖,"前處理描述:混合均勻打碎(砂糖,澱粉,玉米糖漿等)",,,331.3038,331.3038,17.46,3.22,0.3038,0.156,78.9224,0.0,61.712,16.44,,0.002,2.67,1.18,0.773,0.0,0.0
Q8100101,糕餅點心類,甘薯蜜餞,樣品狀態:糖漬; 前處理描述:混合均勻打碎,,,346.8,338.52,13.0,0.92,0.64,,84.34,4.14,,163.0,,0.0132,160.0,67.0,18.0,0.83,0.15
Q8100201,糕餅點心類,芒果青,樣品狀態:糖漬; 前處理描述:混合均勻打碎,,,222.95,217.15,44.15,0.58,0.422,0.1827,54.208,2.9,22.261,149.0,,0.0522,53.0,47.0,62.0,1.38,0.0
Q8100401,糕餅點心類,芭樂果乾,"樣品狀態:果乾(芭樂,糖,鹽); 前處理描述:混合均勻打碎",,0.0,346.9408,329.2384,12.515,1.132,0.2,0.1262,85.1532,8.8512,59.044,368.45,0.1064,0.0,110.02,48.92,5.87,3.83,0.0
Q8100501,糕餅點心類,鳳梨果乾,"樣品狀態:果乾(鳳梨,糖,鹽); 前處理描述:混合均勻打碎",,0.0,348.4936,341.7112,12.191,1.954,0.25,0.1338,84.6069,3.3912,46.286,181.99,0.8825,0.0603,262.14,20.68,25.74,0.0,0.0
Q8100601,糕餅點心類,檸檬果乾,"樣品狀態:果乾(檸檬,糖,鹽); 前處理描述:混合均勻打碎",,0.0,343.6312,327.2012,12.697,0.832,0.21,0.0505,84.6033,8.215,57.367,292.24,0.0686,0.0,16.81,96.02,8.65,1.25,0.0
Q9100101,糕餅點心類,豆干丁(五香),"前處理描述:混合均勻打碎(黃豆,糖,鹽,辣椒,香辛料,調味料,己二烯酸等)",,,382.5638,376.9844,21.734,35.387,18.0542,3.4276,19.632,2.7897,5.577,987.777,,0.054,284.097,639.949,82.66,3.254,2.665
Q9100202,糕餅點心類,豆干片(沙茶),"前處理描述:混合均勻打碎(黃豆,糖,鹽,辣椒,沙茶,香辛料,調味料,己二烯酸等)",,,464.2585,453.6829,15.716,16.159,28.2205,4.7492,36.4095,5.2878,25.482,686.459,,0.047,182.218,450.268,51.898,2.756,1.302
Q9900101,糕餅點心類,布丁粉,"前處理描述:混合均勻(海藻粉,奶粉,芋頭粉等)",,,418.7424,418.7424,2.18,2.675,7.0504,5.0258,86.1472,,77.739,231.37,,0.0526,654.71,28.32,15.051,1.06,0.36
Q9900201,糕餅點心類,冰淇淋粉(香草),前處理描述:混合均勻,,,430.1,430.1,3.1,15.9,11.7,11.3209,65.3,,,583.0,,0.102,645.0,453.0,47.0,0.3,1.7
Q9900301,糕餅點心類,起酥片,"前處理描述:混合均勻打碎(麵粉,瑪琪琳,水,糖,檸檬酸等)",,,403.6214,401.2984,31.942,6.659,26.8778,16.4973,33.7713,1.1615,2.719,205.265,,0.017,50.914,10.304,18.36,0.252,0.345
R0100101,加工調理食品及其他類,廣東粥,"前處理描述:混合均勻打碎(花枝,豬肝,油條,蛋等)",,,81.361,80.961,82.3,4.9,2.8322,0.8474,9.0678,0.2,0.0,271.0,,0.067,53.0,5.0,6.0,1.7,0.7
R0200101,加工調理食品及其他類,冷凍火腿炒飯,"樣品狀態:冷凍包裝(米,火腿,蔬菜等); 前處理描述:混合均勻打碎",,,189.2,185.2,58.7,5.0,5.6,1.0853,29.7,2.0,,220.0,,0.01,57.0,23.0,9.0,0.4,0.5
R0200201,加工調理食品及其他類,冷凍蝦仁炒飯,"樣品狀態:冷凍包裝(米,蝦仁,蔬菜等); 前處理描述:混合均勻打碎",,,147.919,142.519,64.8,4.7,3.4238,0.4881,24.5762,2.7,1.323,222.0,,0.0001,44.0,24.0,10.0,0.6,0.4
R0300101,加工調理食品及其他類,三角飯糰(肉鬆),"前處理描述:混合均勻打碎(米,肉鬆,海苔,美奶滋,芝麻,食品添加物等)",,,218.7545,214.9107,51.235,5.769,5.4649,0.7641,36.6236,1.9219,1.924,224.29,0.3239,0.02,73.77,11.66,8.76,0.285,0.525
R0300201,加工調理食品及其他類,糯米飯糰,"前處理描述:混合均勻打碎(油條,肉鬆,菜脯等)",,,335.2,333.0,37.0,5.9,17.6,3.8773,38.3,1.1,,393.0,,0.061,86.0,15.0,22.0,0.6,0.7
R0300301,加工調理食品及其他類,壽司(豆皮壽司),前處理描述:混合均勻打碎,稻禾壽司,0.0,194.2865,192.9771,56.2,6.283,4.7277,0.7004,31.6513,0.6547,8.41,275.53,0.4113,0.0,45.79,16.68,27.56,0.93,1.12
R0400101,加工調理食品及其他類,肉粽,"前處理描述:混合均勻打碎(豬肉,香菇,鴨蛋黃,花生等)",,,234.8,233.6,51.0,8.2,8.8,3.2947,30.7,0.6,,343.0,,0.147,106.0,8.0,21.0,1.3,1.3
R0400201,加工調理食品及其他類,鹼粽,前處理描述:混合均勻打碎,,,131.2479,130.2687,68.701,2.12,1.7079,0.1683,26.8492,0.4896,0.0,213.56,0.0024,0.0,25.49,5.04,5.56,0.03,0.458
R0500301,加工調理食品及其他類,冷凍筒仔米糕,"樣品狀態:冷凍包裝(糯米,香菇,豬前腿肉等); 前處理描述:混合均勻打碎",,,212.0856,210.5958,53.01,6.464,5.75,2.1643,33.6199,0.7449,,331.03,,0.0993,95.11,6.052,14.924,0.8,0.84
R0500401,加工調理食品及其他類,筒仔米糕,前處理描述:混合均勻打碎,,,245.8,243.6,48.3,6.6,8.6,3.059,35.5,1.1,,299.0,,0.058,79.0,16.0,18.0,1.6,0.9
R0600101,加工調理食品及其他類,豬血糕,"前處理描述:混合均勻打碎(豬血,糯米,鹽等)",米血糕,,193.8597,192.0319,51.2475,8.631,0.9153,0.3257,37.7745,0.9139,0.0,414.1255,,0.0321,83.4375,8.6415,15.5985,12.8045,0.889
R0600201,加工調理食品及其他類,鴨血糕,"前處理描述:混合均勻打碎(鴨血,糯米,鹽等)",米血糕,,192.7845,190.1499,52.494,6.687,1.0621,0.4536,39.1194,1.3173,0.482,1739.066,,0.006,57.965,14.11,14.731,9.672,0.693
R0700101,加工調理食品及其他類,肉圓,"樣品狀態:未炸半成品(豬肉等),不加醬料; 前處理描述:混合均勻打碎",肉丸,,136.033,135.433,67.3,3.1,1.6066,0.5626,27.2934,0.3,2.043,217.0,,0.016,49.0,9.0,3.0,0.9,0.3
R0700201,加工調理食品及其他類,清蒸蝦仁肉圓,"前處理描述:混合均勻打碎(豬肉,蝦仁等)",肉丸,,151.8,149.2,70.0,4.6,7.4,2.8697,16.7,1.3,,429.0,,0.061,58.0,7.0,10.0,0.7,0.5
R0800101,加工調理食品及其他類,甜酒釀,"前處理描述:混合均勻打碎(糯米,水,酵母等)",,,163.0593,162.0203,59.703,4.95,0.4429,0.1393,34.8183,0.5195,33.219,2.084,,0.053,28.811,5.2791,8.9101,0.0,0.901
R0800201,加工調理食品及其他類,紫米酒釀,"前處理描述:混合均勻打碎(糯米75%,水分25%,純米精釀等)",,,154.9061,153.2457,61.565,4.184,0.4281,0.1389,33.5793,0.8302,28.599,1.227,,0.091,41.072,5.613,16.794,0.393,0.654
R0900101,加工調理食品及其他類,冷凍芝麻湯圓,"樣品狀態:冷凍包裝(糯米,芝麻粉等); 前處理描述:混合均勻打碎",,,352.4545,350.6545,31.8,4.8,16.2509,6.6279,46.7491,0.9,9.706,3.0,,0.1004,45.0,61.0,30.0,0.8,0.8
R0900201,加工調理食品及其他類,冷凍花生湯圓,"樣品狀態:冷凍包裝(糯米,花生粉等); 前處理描述:混合均勻打碎",,0.0,349.8315,348.6315,31.8,5.2,15.6463,7.2789,47.0537,0.6,9.824,6.0,,0.045,55.0,9.0,23.0,0.7,0.7
R0900301,加工調理食品及其他類,冷凍豬肉湯圓,"樣品狀態:冷凍包裝(糯米,豬前腿等); 前處理描述:混合均勻打碎",,,281.398,280.598,44.1,6.5,12.1196,5.0539,36.5804,0.4,1.751,210.0,,0.018,72.0,6.0,10.0,0.4,0.8
R1100101,加工調理食品及其他類,免煮飯,樣品狀態:速食白飯包; 前處理描述:混合均勻打碎,,,168.1211,167.2307,59.31,3.23,0.34,0.089,37.05,0.42,,15.94,,0.001,7.54,3.05,2.26,0.1,0.392
R1100201,加工調理食品及其他類,埔里米粉,"前處理描述:混合均勻打碎(玉米,澱粉等)",,,357.72,355.38,11.08,0.534,0.52,,87.726,1.17,,3.4,,0.0,3.69,8.63,4.34,1.25,0.173
R1100301,加工調理食品及其他類,細米粉,"前處理描述:混合均勻打碎(米,玉米澱粉等)",,,355.2832,353.3738,10.235,0.374,0.57,,87.1643,0.9547,,196.885,,0.0,8.485,3.06,2.895,1.035,0.0785
R1100401,加工調理食品及其他類,濁水米粉,前處理描述:混合均勻打碎(濁水溪生產之在來1號白米等),,,357.2,356.7146,11.31,5.25,1.32,,81.08,0.2427,,208.66,,0.0105,13.67,19.13,14.81,0.99,0.775
R1100501,加工調理食品及其他類,米粄條,"前處理描述:混合均勻打碎(在來米,修飾澱粉,地瓜粉,鹽,沙拉油等)",美濃粄條,,129.4501,126.5621,68.446,1.05,0.9465,0.1942,29.1829,1.444,0.176,82.373,,0.007,3.402,11.343,2.984,0.274,0.089
R1100601,加工調理食品及其他類,米苔目,前處理描述:混合均勻打碎,,,121.21,120.92,69.655,0.555,0.05,0.0126,29.635,0.145,,9.5,,0.004,5.32,9.535,3.85,0.35,0.1
R1100701,加工調理食品及其他類,粿仔條,前處理描述:混合均勻打碎,,,193.2956,192.6048,53.04,0.511,1.24,0.1941,45.0229,0.3454,,14.65,,0.01,4.27,19.24,2.85,0.0,0.0
R1300101,加工調理食品及其他類,米漿(散裝),樣品狀態:散裝; 前處理描述:混合均勻,,,61.7,60.3,85.1,0.6,0.5,0.1209,13.7,0.7,,2.0,,0.03,13.0,4.0,4.0,0.1,0.1
R1300201,加工調理食品及其他類,保久米漿,"樣品狀態:常溫包裝(米,花生,水,砂糖等); 前處理描述:混合均質",,,62.3877,61.0393,86.026,1.026,1.4569,0.334,11.2929,0.6742,10.015,20.6795,,0.0508,24.2475,5.0234,7.9969,0.135,0.3945
R1300301,加工調理食品及其他類,糙米漿,"樣品狀態:冷藏瓶裝(糙米,花生,水,蔗糖,芝麻,鹽,食用膠等); 前處理描述:混合均勻",,,71.148,69.3744,84.7425,1.2805,2.1848,0.4867,11.5907,0.8868,8.96,19.9675,,0.0667,36.228,3.9104,12.9873,0.065,0.2965
R1300401,穀物類,糙秈米漿,"樣品狀態:冷藏瓶裝(糙米,花生,水,蔗糖,鹽,食用膠等); 前處理描述:混合均勻",,,68.1714,66.4666,85.505,0.855,2.1378,0.5162,11.3778,0.8524,9.282,28.245,,0.098,42.497,5.5262,14.6414,0.0,0.351
R1300501,加工調理食品及其他類,糯米漿,"樣品狀態:常溫罐裝(花生,米,糖,水等); 前處理描述:混合均勻",,,50.8888,50.626,88.118,0.76,0.77,0.177,10.2297,0.1314,,26.66,,0.0332,20.78,3.34,5.791,0.16,0.061
R1300601,加工調理食品及其他類,黑糯米漿,樣品狀態:常溫罐裝(黑糯米等); 前處理描述:混合均勻,,,50.0716,49.7316,87.69,0.399,0.24,0.0524,11.5789,0.17,,14.19,,0.0072,8.88,4.21,4.09,0.05,0.017
R1310101,加工調理食品及其他類,米漿粉,"樣品狀態:沖泡即食(花生,糖,糯米,芝麻,胚芽等); 前處理描述:混合均勻磨碎",,,444.1132,440.1766,3.616,9.08,12.28,2.5132,74.3183,1.9683,,2.58,,0.124,165.09,9.18,66.01,2.64,1.36
R1500101,加工調理食品及其他類,燕麥奶,"樣品狀態:冷藏瓶裝(水,燕麥等); 前處理描述:混合均勻",,,43.892,41.7044,89.937,1.029,0.836,0.1689,8.063,1.0938,3.845,14.011,,0.011,31.154,3.645,8.304,0.059,0.131
R1600101,加工調理食品及其他類,玉米粒罐頭,"樣品狀態:罐頭製品(甜玉米仁,水,鹽,糖等); 前處理描述:混合均勻打碎",,,89.9804,82.7096,78.3283,2.3413,1.4356,0.3232,16.9237,3.6354,4.562,208.0077,,0.0874,190.0513,3.8503,17.3053,0.4693,0.3853
R1600201,加工調理食品及其他類,玉米醬罐頭,樣品狀態:罐頭製品(甜玉米.水.澱粉.鹽等); 前處理描述:混合均勻打碎,,,65.5421,62.1611,83.2295,1.4045,0.4445,0.0941,13.9809,1.6905,4.952,275.5175,,0.0822,91.9425,2.8449,12.3316,0.825,0.3205
R1700101,加工調理食品及其他類,麵筋(未調味),前處理描述:混合均勻打碎,,,642.9216,639.1694,4.895,42.5115,53.0,8.3734,0.0,1.8761,,6.875,,0.0285,11.47,26.32,19.575,3.06,2.195
R1700201,加工調理食品及其他類,麵腸(未調味),前處理描述:混合均勻打碎,,,137.9372,136.7618,67.46,20.636,1.85,0.3956,9.6858,0.5877,,47.45,,0.0213,32.61,6.21,38.59,2.03,1.37
R1800101,加工調理食品及其他類,水餃皮,前處理描述:混合均勻打碎,,,263.5227,260.6173,32.976,7.7565,0.5075,0.0,56.9823,1.4527,,628.8046,,0.05,65.1111,12.5152,16.401,0.5809,0.3141
R1800201,加工調理食品及其他類,春捲皮,前處理描述:混合均勻打碎,,,240.8092,236.7806,38.861,8.29,0.652,0.0,50.4453,2.0143,,544.9739,,0.0,74.7509,15.6913,20.3988,0.6695,0.3691
R1800301,加工調理食品及其他類,餛飩皮,前處理描述:混合均勻打碎,,,270.9594,267.9264,31.414,8.34,0.543,0.0,58.1781,1.5165,,500.873,,0.0,77.1701,14.5412,18.7835,0.5759,0.3741
R1900101,加工調理食品及其他類,長麵線,前處理描述:混合均勻打碎,壽麵線,,309.8942,306.0046,16.3833,10.7203,1.073,0.2932,64.339,1.9448,3.74,2874.319,,0.0715,87.1423,15.0537,27.1337,0.9683,0.4983
R1900201,加工調理食品及其他類,紅麵線,"前處理描述:混合均勻打碎(麵粉,鹽等)",,,306.9804,302.8364,17.3,11.268,1.41,0.3049,62.3046,2.072,,2813.42,,0.0851,120.81,18.93,39.63,1.71,1.101
R1900301,加工調理食品及其他類,麵線,"前處理描述:混合均勻打碎(麵粉,鹽,水,澱粉等)",,,349.7513,344.7299,12.041,11.707,1.4957,0.4333,72.3655,2.5107,2.222,751.978,,0.043,97.831,17.363,26.711,1.046,0.677
R1900401,加工調理食品及其他類,雞絲麵,樣品狀態:不含調味包; 前處理描述:混合均勻打碎,,,463.032,460.628,6.3045,9.4,22.83,7.1715,54.9905,1.202,,2450.125,,0.0693,78.39,13.84,23.265,1.28,1.43
R2000101,加工調理食品及其他類,乾麵條,"樣品狀態:乾麵條(麵粉,鹽,水,食用澱粉等); 前處理描述:混合均勻打碎",,,350.0015,346.7475,13.075,11.644,1.4787,0.4394,72.5293,1.627,2.392,362.2465,,0.0395,104.5585,17.5225,29.6095,0.686,0.759
R2000201,加工調理食品及其他類,油麵條,"樣品狀態:乾麵條(麵粉,鹽,水,純鹼,色素等); 前處理描述:混合均勻打碎",油麵,,361.4515,359.2127,9.026,11.4,1.2055,0.3623,76.2505,1.1194,1.583,712.149,,0.051,91.199,16.434,21.6925,0.832,0.7415
R2000301,加工調理食品及其他類,紅蘿蔔麵,"樣品狀態:乾麵條(小麥粉,紅蘿蔔,澱粉等); 前處理描述:混合均勻打碎",,,352.0976,347.1368,11.99,12.082,0.97,0.2159,73.7599,2.4804,,368.03,,0.0947,122.96,4.88,28.705,1.13,0.72
R2000401,加工調理食品及其他類,通心麵,"樣品狀態:乾麵條(蛋,麵粉等); 前處理描述:混合均勻打碎",,,358.5108,354.8634,11.47,13.818,1.43,0.2923,72.5922,1.8237,,25.38,,0.1519,170.935,11.82,43.54,1.51,0.7915
R2000501,加工調理食品及其他類,菠菜麵,"樣品狀態:乾麵條(小麥粉,菠菜,澱粉等); 前處理描述:混合均勻打碎",,,355.5868,350.6728,11.54,11.792,1.22,0.2727,74.3597,2.457,,310.13,,0.1201,129.64,4.14,28.978,1.04,0.72
R2000601,加工調理食品及其他類,鍋燒意麵,"樣品狀態:乾麵條(麵粉,雞蛋,沙拉油等); 前處理描述:混合均勻打碎",,,478.9512,472.8864,5.75,10.0,22.77,4.063,58.5053,3.0324,,990.22,,0.1571,122.45,7.12,39.7,0.95,0.856
R2000701,加工調理食品及其他類,雞蛋麵,"樣品狀態:乾麵條(蛋白質,澱粉等); 前處理描述:混合均勻打碎",,,357.7832,352.2332,10.39,12.511,0.94,0.2164,74.8198,2.775,,466.91,,0.114,131.75,5.07,32.065,1.69,0.73
R2000801,加工調理食品及其他類,刀削麵,樣品狀態:濕麵條(小麥粉等); 前處理描述:混合均勻打碎,,,266.5936,264.6652,33.52,8.353,0.94,0.3641,56.1804,0.9642,,225.69,,0.2294,72.85,1.68,17.16,0.45,0.416
R2000901,加工調理食品及其他類,拉麵,"樣品狀態:濕麵條(麵粉,鹽,小麥粉等); 前處理描述:混合均勻打碎",,,292.2838,289.6736,26.6,9.108,0.815,,62.1292,1.3051,,428.965,,0.0384,77.325,9.28,15.37,0.53,0.607
R2001001,加工調理食品及其他類,意麵,"樣品狀態:濕麵條(高筋麵粉,雞蛋,維生素B2等); 前處理描述:混合均勻打碎",,,289.6036,280.5782,26.8,10.069,0.99,,60.1044,4.5127,,571.98,,0.0571,249.93,10.38,22.05,1.09,0.812
R2001101,加工調理食品及其他類,衛生油麵,"樣品狀態:濕麵條(麵粉,食油,鹼粉等); 前處理描述:混合均勻打碎",,,163.203,162.0968,61.1905,5.465,1.845,0.2962,31.1845,0.5531,,66.965,,0.0227,49.48,11.755,11.825,0.43,0.255
R2001201,加工調理食品及其他類,金門黃麵,樣品狀態:濕麵條; 前處理描述:混合均勻打碎,,,157.9974,153.3348,60.11,6.411,0.5338,0.139,31.8873,2.3313,0.0,325.611,,0.023,27.922,6.306,14.029,1.049,0.434
R2001301,加工調理食品及其他類,冷凍烏龍麵,"樣品狀態:濕麵條(小麥粉,澱粉,鹽等),冷凍製品; 前處理描述:混合均勻打碎",,0.0,128.612,125.7064,67.7425,3.4,0.2528,0.0812,28.1842,1.4528,0.3675,192.18,0.1621,0.006,12.16,6.84,5.39,0.0,0.0
R2001401,加工調理食品及其他類,鍋燒麵,樣品狀態:濕麵條; 前處理描述:混合均勻打碎,,,119.7796,118.7086,70.37,4.4915,0.4,0.1302,24.5534,0.5355,,41.635,,0.008,5.065,4.315,7.905,0.2,0.198
R2001501,加工調理食品及其他類,蕎麥麵(乾),"樣品狀態:生(小麥粉,蕎麥粉,鹽,山藥,山芋粉,兒茶素,鹽,調味料等); 前處理描述:混合均勻磨碎",,,348.6926,340.5476,12.159,12.6925,1.7098,0.4696,70.6336,4.0725,1.7475,733.3965,,0.1505,204.543,26.502,74.1635,2.154,1.141
R2001502,加工調理食品及其他類,蕎麥麵(濕),"樣品狀態:生(小麥粉,蕎麥粉,樹薯澱粉,蛋白,鹽,植物油,調味料等); 前處理描述:混合均勻打碎",,,153.1642,148.0358,63.1,6.281,1.5162,0.3063,28.5986,2.5642,0.209,136.343,,0.031,23.56,11.277,30.34,0.752,0.474
R2100101,加工調理食品及其他類,炒板條,前處理描述:混合均勻打碎,,,149.4,147.0,66.9,4.2,4.2,1.1323,23.7,1.2,,307.0,,0.037,86.0,4.0,8.0,0.6,0.8
R2100201,加工調理食品及其他類,泡麵(牛肉口味),"前處理描述:混合均勻打碎(麵粉,調味料等)",,0.0,473.2845,469.6845,6.9,9.6,24.4969,12.4049,53.6031,1.8,1.579,2077.0,,0.201,186.0,13.0,30.0,1.6,0.8
R2100301,加工調理食品及其他類,泡麵(鮮蝦口味),"前處理描述:混合均勻打碎(麵粉,調味料等)",,,474.843,471.443,6.1,9.6,23.8486,11.2757,55.4514,1.7,2.723,1889.0,,0.154,149.0,52.0,34.0,2.3,0.8
R2100401,加工調理食品及其他類,擔仔麵,"樣品狀態:含肉燥,去湯; 前處理描述:混合均勻打碎",,,123.7,118.7,76.3,4.4,6.5,2.3348,11.9,2.5,,312.0,,0.124,83.0,6.0,12.0,1.3,0.4
R2200101,加工調理食品及其他類,冷凍牛肉水餃,"樣品狀態:冷凍包裝(牛肉,洋蔥,麵粉等); 前處理描述:混合均勻打碎",,0.0,215.1943,212.7257,57.0,8.92,9.6763,3.3162,23.1069,1.2343,2.567,383.48,,0.3964,173.53,4.31,15.996,0.86,0.98
R2200201,加工調理食品及其他類,冷凍豬肉水餃,"樣品狀態:冷凍包裝(麵粉,鮮肉,蔬菜等); 前處理描述:混合均勻打碎",,,207.749,205.939,58.02,8.071,9.665,3.381,22.12,0.905,,447.175,,0.1174,159.965,18.4,16.615,0.635,0.6835
R2200301,加工調理食品及其他類,冷凍豬肉韭菜水餃,"樣品狀態:冷凍包裝(麵粉,鮮肉,蔬菜等); 前處理描述:混合均勻打碎",,,228.924,225.324,54.6,8.4,11.4648,4.1508,23.0352,1.8,1.754,439.0,,0.088,154.0,18.0,17.0,0.7,0.6
R2200401,加工調理食品及其他類,冷凍豬肉蟹黃水餃,"樣品狀態:冷凍包裝(豬肉,麵粉等); 前處理描述:混合均勻打碎",,,223.2216,220.5092,54.98,7.771,9.79,3.0477,26.0069,1.3562,,472.08,,0.1225,119.44,7.76,21.889,0.59,0.65
R2200501,加工調理食品及其他類,冷凍香菇雞肉水餃,"樣品狀態:冷凍包裝(雞肉,香菇,豬肉等); 前處理描述:混合均勻打碎",,,220.86,216.3082,56.19,9.54,10.21,3.5395,22.7025,2.2759,,350.4,,0.167,166.37,13.53,20.46,1.24,0.767
R2200601,加工調理食品及其他類,冷凍素食水餃,"樣品狀態:冷凍包裝(麵粉,冬粉,蔬菜,腐皮等); 前處理描述:混合均勻打碎",,0.0,175.0255,169.3857,59.79,8.7425,4.1107,1.1109,25.7648,2.8199,3.202,369.38,,0.0677,188.185,43.935,34.66,1.215,0.6295
R2200701,加工調理食品及其他類,冷凍鮪魚水餃,"樣品狀態:冷凍包裝(麵粉,鮪魚,豬肉等); 前處理描述:混合均勻打碎",,,195.98,193.4154,60.45,9.047,8.5,3.3029,20.823,1.2823,,274.8,,0.2548,175.42,7.17,22.26,0.82,0.501
R2200801,加工調理食品及其他類,冷凍豬肉熟水餃,"樣品狀態:冷凍包裝(豬肉,麵粉,蔬菜等); 前處理描述:混合均勻打碎",,,235.2438,230.945,52.48,7.176,10.091,3.539,28.9302,2.1494,1.027,333.09,,0.1374,114.14,7.83,19.145,0.77,0.54
R2200901,加工調理食品及其他類,冷凍素食熟水餃,"樣品狀態:冷凍包裝(素肉,麵粉,蔬菜等); 前處理描述:混合均勻打碎",,0.0,208.6077,203.9669,53.02,7.155,5.3845,0.8902,32.8818,2.3204,2.813,491.42,,0.1542,167.16,15.43,21.96,0.83,0.38
R2201001,加工調理食品及其他類,冷凍冬菜蝦仁餛飩,"樣品狀態:冷凍包裝(蝦仁,魚肉,蔬菜,麵粉等); 前處理描述:混合均勻打碎",雲吞,,190.8615,186.2615,58.9,9.1,6.2523,2.1427,24.5477,2.3,1.574,316.0,,0.014,127.0,33.0,20.0,1.1,0.6
R2201101,加工調理食品及其他類,冷凍豬肉餛飩,"樣品狀態:冷凍包裝(麵粉,鮮肉,蔬菜等); 前處理描述:混合均勻打碎",雲吞,0.0,239.6795,234.0795,53.2,11.1,12.5759,4.4776,20.5241,2.8,1.899,428.0,,0.09,162.0,17.0,20.0,0.7,0.9
R2201201,加工調理食品及其他類,冷凍菜肉餛飩,"樣品狀態:冷凍包裝(豬腿肉,麵粉,蔬菜等); 前處理描述:混合均勻打碎",雲吞,,236.4835,228.0835,58.7,9.1,16.3367,5.7031,13.2633,4.2,0.897,693.0,,0.047,195.0,44.0,18.0,1.3,1.4
R2201301,加工調理食品及其他類,溫州餛飩,樣品狀態:去湯; 前處理描述:混合均勻打碎,大餛飩,,144.8755,143.6755,72.5,6.5,7.9351,2.7551,11.8649,0.6,0.759,381.0,,0.087,87.0,7.0,6.0,1.4,0.8
R2201401,加工調理食品及其他類,豬肉鍋貼,前處理描述:混合均勻打碎,,,237.6475,234.6475,53.7,7.8,11.2895,3.5703,26.2105,1.5,1.539,314.0,,0.08,116.0,9.0,15.0,0.7,0.7
R2201501,加工調理食品及其他類,熟水餃(高麗菜水餃),前處理描述:混合均勻打碎,,0.0,199.3245,195.7249,61.82,7.359,10.1201,3.538,19.7019,1.7998,2.966,300.94,0.1778,0.0402,143.85,15.17,15.43,0.58,0.84
R2300101,加工調理食品及其他類,冷凍叉燒包,"樣品狀態:冷凍包裝(豬肉,麵粉等); 前處理描述:混合均勻打碎",,,266.1865,263.5865,38.7,8.8,4.7573,1.6898,47.0427,1.3,14.812,167.0,,0.039,88.0,25.0,16.0,0.7,0.7
R2300201,加工調理食品及其他類,冷凍酸菜焢肉包子,"樣品狀態:冷凍包裝(麵粉,豬肉,酸菜等); 前處理描述:混合均勻打碎",,,301.0116,296.9078,39.75,8.641,13.08,5.1853,37.1819,2.0519,,342.59,,0.3688,131.79,10.73,22.56,0.84,0.825
R2300301,加工調理食品及其他類,冷凍芋泥包,"樣品狀態:冷凍包裝(麵粉,芋頭等); 前處理描述:混合均勻打碎",,0.0,263.0255,258.2085,38.2,6.628,3.5519,1.3509,51.1366,2.4085,11.608,46.29,,0.069,129.67,16.11,17.905,0.54,0.666
R2300401,加工調理食品及其他類,冷凍豆沙包,"樣品狀態:冷凍包裝(麵粉,紅豆沙等); 前處理描述:混合均勻打碎",,,246.5725,243.1725,39.2,7.4,1.0745,0.4627,51.8255,1.7,13.221,60.0,,0.04,103.0,21.0,21.0,0.7,0.9
R2300501,加工調理食品及其他類,冷凍芝麻包,"樣品狀態:冷凍包裝(麵粉,芝麻粉等); 前處理描述:混合均勻打碎",,,340.774,339.574,28.8,7.2,11.6748,4.3553,51.7252,0.6,11.362,24.0,,0.023,139.0,4.0,20.0,1.1,0.7
R2300601,加工調理食品及其他類,冷凍蓮蓉包,樣品狀態:冷凍包裝; 前處理描述:混合均勻打碎,,,292.3,287.5,33.3,7.9,5.5,2.2638,52.8,2.4,,82.0,,0.021,67.0,24.0,18.0,0.7,0.5
R2300701,加工調理食品及其他類,冷凍叉燒包子,"樣品狀態:冷凍包裝(叉燒肉,雞蛋,麵粉等); 前處理描述:混合均勻打碎",,0.0,266.7999,262.1713,39.85,7.123,6.0523,2.1031,45.9593,2.3143,9.755,209.68,,0.0779,92.72,5.97,18.01,0.29,0.689
R2300801,加工調理食品及其他類,冷凍牛肉包子,"樣品狀態:冷凍包裝(牛肉,麵粉,雞蛋等); 前處理描述:混合均勻打碎",,,268.6828,265.1276,37.42,10.822,4.57,2.5426,46.0662,1.7776,,261.07,,0.2587,121.62,5.19,17.15,1.26,0.418
R2300901,加工調理食品及其他類,冷凍豬肉包子,"樣品狀態:冷凍包裝(豬肉,麵粉,蔬菜等); 前處理描述:混合均勻打碎",,,266.2784,263.292,43.96,7.6235,9.2144,3.5159,38.2137,1.4932,6.362,229.885,,0.0885,113.93,19.035,16.598,0.725,0.645
R2301001,加工調理食品及其他類,冷凍豬肉湯包,"樣品狀態:冷凍包裝(豬後腿肉,麵粉等); 前處理描述:混合均勻打碎",,,234.5305,228.5305,57.8,10.1,14.3461,4.9365,16.2539,3.0,1.636,447.0,,0.044,138.0,15.0,15.0,0.7,1.0
R2301101,加工調理食品及其他類,小籠包,"前處理描述:混合均勻打碎(豬肉,麵粉等)",,,241.5,239.1,58.0,9.6,15.5,5.5847,15.9,1.2,,248.0,,0.121,130.0,11.0,12.0,0.5,0.8
R2301201,加工調理食品及其他類,冷凍素菜包子,"樣品狀態:冷凍包裝(麵粉,蔬菜等); 前處理描述:混合均勻打碎",,0.0,233.9785,231.7785,45.2,8.6,3.7557,1.3583,41.4443,1.1,3.73,244.0,,0.035,100.0,28.0,19.0,0.6,0.6
R2301301,加工調理食品及其他類,竹筍包,前處理描述:混合均勻打碎,,,208.5225,203.3687,53.771,6.888,5.4873,1.4423,32.8962,2.5769,3.755,347.744,,0.027,60.203,13.977,9.991,0.471,0.453
R2400101,加工調理食品及其他類,冷凍白饅頭,樣品狀態:冷凍包裝(麵粉等); 前處理描述:混合均勻打碎,,,279.0712,274.4946,32.74,7.412,2.37,1.37,57.0233,2.2883,,91.13,,0.0742,86.58,8.54,17.42,0.53,0.597
R2400201,加工調理食品及其他類,白饅頭,前處理描述:混合均勻打碎,,,248.4,246.2,38.8,8.1,1.2,,51.3,1.1,,182.0,,0.027,66.0,21.0,16.0,0.4,1.6
R2400301,加工調理食品及其他類,芋頭饅頭,前處理描述:混合均勻打碎,,,154.7536,150.3086,61.591,5.726,0.6356,0.2129,31.5323,2.2225,8.453,70.888,,0.037,130.527,16.936,15.923,0.601,0.785
R2400401,加工調理食品及其他類,花捲,前處理描述:混合均勻打碎,,,227.4297,224.4323,44.191,5.661,1.8777,0.6203,46.9716,1.4987,3.428,425.189,,0.049,74.267,14.011,13.406,0.573,0.606
R2400501,加工調理食品及其他類,冷藏堅果饅頭,"樣品狀態:冷藏包裝(麵粉,核桃,枸杞,松子,杏仁,葵花子,葡萄乾等); 前處理描述:混合均勻打碎",,,306.9756,296.0596,33.13,9.608,8.82,2.9562,47.2909,5.458,,118.8,,0.242,266.1,10.73,64.94,2.05,1.454
R2400601,加工調理食品及其他類,黑糖饅頭,前處理描述:混合均勻打碎,,,234.9362,229.9732,41.833,6.784,0.8754,0.358,49.9804,2.4815,9.062,40.678,,0.161,118.226,19.199,18.937,0.751,0.632
R2400701,加工調理食品及其他類,冷凍銀絲卷(奶黃),"樣品狀態:冷凍包裝(麵粉,奶黃醬等); 前處理描述:混合均勻打碎",,,282.9364,278.5476,32.92,8.931,3.25,1.6352,54.4906,2.1944,,10.75,,0.0894,100.91,8.84,19.686,0.88,0.71
R2500101,加工調理食品及其他類,火腿蛋三明治,"前處理描述:混合均勻打碎(土司,火腿片,蛋,小黃瓜等)",,,274.9121,272.4061,46.497,10.851,13.1789,3.6073,28.2245,1.253,3.971,425.702,0.2817,0.035,143.998,32.961,21.773,1.459,1.157
R2600101,加工調理食品及其他類,披薩(夏威夷),前處理描述:混合均勻打碎,,,270.0742,266.1408,41.379,12.017,8.6978,2.8221,35.9315,1.9667,3.697,436.71,0.4893,0.064,125.26,156.98,18.18,0.565,1.09
R2600201,加工調理食品及其他類,冷凍披薩(黑胡椒火腿),"樣品狀態:冷凍包裝(麵粉,奶油等); 前處理描述:混合均勻打碎",,,209.8664,205.7934,54.31,9.323,6.85,3.9086,27.7311,2.0365,,404.9,,0.2235,240.15,32.44,20.303,0.52,1.03
R2700101,加工調理食品及其他類,蔥油餅,前處理描述:混合均勻打碎,,,304.7865,299.8871,34.266,8.314,9.3165,1.8539,46.9205,2.4497,2.342,257.42,0.3016,0.025,63.31,18.51,11.39,0.445,0.537
R2700201,加工調理食品及其他類,冷凍蔥油餅,"樣品狀態:冷凍包裝(麵粉,蔥,雞蛋等); 前處理描述:混合均勻打碎",蔥油派,0.0,257.9933,255.4525,37.525,9.09,3.0749,1.1559,48.4898,1.2704,2.354,601.975,,0.1046,87.6,8.355,21.0815,1.34,0.51
R2700301,加工調理食品及其他類,冷凍蛋餅皮,"樣品狀態:冷凍包裝(麵粉,澱粉,蔥,植物油,豬油,白芝麻,鹽,糖等); 前處理描述:混合均勻打碎",,,230.9267,228.2283,45.711,5.719,3.6779,1.4014,43.7374,1.3492,4.417,291.391,,0.033,76.829,15.361,19.92,0.72,0.322
R2700401,加工調理食品及其他類,燒餅,前處理描述:混合均勻打碎,,,322.7,320.3,29.2,9.1,9.1,1.5434,51.1,1.2,,458.0,,0.071,81.0,8.0,12.0,1.0,0.5
R2800101,加工調理食品及其他類,韭菜盒子,前處理描述:混合均勻打碎,,,217.1305,214.3305,59.7,7.5,12.1461,2.6673,19.4539,1.4,1.158,287.0,,0.026,180.0,59.0,20.0,1.5,0.9
R2800201,加工調理食品及其他類,大餅包小餅(紅豆),前處理描述:混合均勻打碎,,,375.7,374.5,26.2,8.3,16.5,3.0476,48.5,0.6,,135.0,,0.04,78.0,8.0,12.0,0.9,0.5
R2800301,加工調理食品及其他類,水煎包,前處理描述:混合均勻打碎,,,166.4661,162.5599,64.045,4.27,5.3821,1.5623,25.2368,1.9531,2.229,309.825,,0.074,128.788,40.697,15.011,0.569,0.562
R2800401,加工調理食品及其他類,牛肉餡餅,前處理描述:混合均勻打碎,,0.0,224.978,222.578,55.5,9.6,10.3556,3.297,23.3444,1.2,3.011,350.0,,0.112,141.0,11.0,16.0,1.3,1.2
R2800501,加工調理食品及其他類,豬肉餡餅,前處理描述:混合均勻打碎,,,327.225,324.2368,46.32,6.218,23.3326,7.3225,23.0899,1.4941,1.578,289.992,,0.074,117.464,15.193,11.951,0.68,0.751
R2900101,加工調理食品及其他類,冷凍燒賣,"樣品狀態:冷凍包裝(豬後腿肉,蔬菜等); 前處理描述:混合均勻打碎",,,187.7998,183.3872,63.64,9.86,9.705,3.4047,15.2537,2.2063,,383.67,,0.1612,252.13,19.585,29.1455,1.03,1.395
R2900201,加工調理食品及其他類,冷凍水晶包,"樣品狀態:冷凍包裝(豬肉,蝦仁,澱粉,香菇,高麗菜等); 前處理描述:混合均勻打碎",,,211.026,208.088,56.25,4.76,7.81,2.9899,30.424,1.469,,192.5,,0.0637,77.53,6.98,10.11,0.37,0.445
R2900301,加工調理食品及其他類,"冷凍,水晶餃","樣品狀態:冷凍包裝(豬肉,沙拉油,白蘿蔔乾,油蔥,醬油,調味料等); 前處理描述:混合均勻打碎",,,190.1877,188.7357,55.564,2.828,3.5061,1.5164,36.8302,0.726,0.197,347.62,,0.057,71.704,19.398,9.695,0.927,0.251
R3000101,加工調理食品及其他類,油條,前處理描述:混合均勻打碎,,,551.3075,548.1075,11.0,10.1,40.1815,7.0599,37.3185,1.6,0.47,341.0,,0.196,96.0,9.0,18.0,0.9,0.7
R3000201,加工調理食品及其他類,冷凍春捲,"樣品狀態:冷凍包裝(麵粉,椰菜,筍,青豆,蘑菇等); 前處理描述:混合均勻打碎",,,271.7776,266.1492,47.89,5.143,13.93,2.6598,31.4589,2.8142,,449.4,,0.0887,113.91,1.05,20.82,1.28,0.359
R3000301,加工調理食品及其他類,蚵仔煎,樣品狀態:不含醬料; 前處理描述:混合均勻打碎,,,192.214,191.214,63.5,4.9,10.4428,4.7713,19.6572,0.5,0.278,479.0,,0.044,91.0,31.0,8.0,2.9,1.9
R3000401,加工調理食品及其他類,棺材板,"前處理描述:混合均勻打碎(土司片夾胡蘿蔔,蝦仁,花枝等)",,,264.3,261.3,54.8,7.0,17.5,5.3463,19.7,1.5,,299.0,,0.101,67.0,8.0,14.0,0.5,0.3
R3000501,加工調理食品及其他類,油豆腐粉絲(阿給),"前處理描述:混合均勻打碎(豆腐皮,粉絲等)",阿給,,146.2,143.0,70.1,6.9,6.2,1.2177,15.7,1.6,,162.0,,0.043,99.0,110.0,15.0,1.9,0.5
R3100101,加工調理食品及其他類,冷凍可樂餅(奶汁),"樣品狀態:冷凍包裝(牛奶,洋蔥,火腿,玉米等); 前處理描述:混合均勻打碎",,,114.3016,112.044,73.09,3.64,2.28,1.5169,19.8054,1.1288,,338.07,,0.0711,78.7,6.98,10.833,0.57,0.33
R4100101,加工調理食品及其他類,芋圓,樣品狀態:未烹調; 前處理描述:混合均勻打碎,,0.0,213.694,212.0706,46.316,0.923,0.16,0.058,52.1405,0.8117,2.785,1.58,0.4117,0.0,183.09,29.19,12.18,2.97,1.01
R4100201,加工調理食品及其他類,粉圓,樣品狀態:未烹調; 前處理描述:混合均勻打碎,,0.0,345.9676,345.2682,13.334,0.244,0.0,0.0,86.2479,0.3497,0.0,13.35,0.1439,0.0,25.0,43.12,4.77,0.0,0.0
R4100301,加工調理食品及其他類,冷凍甘薯條,樣品狀態:冷凍包裝; 前處理描述:混合均勻打碎,薯條,,181.7226,174.8072,61.85,1.772,6.5214,1.5666,28.9855,3.4577,16.871,67.17,,0.238,383.91,25.28,24.57,1.59,0.201
R4100401,加工調理食品及其他類,冷凍馬鈴薯條,樣品狀態:冷凍包裝; 前處理描述:混合均勻打碎,薯條,,151.07,144.17,66.95,2.2,4.486,1.2215,25.474,3.45,0.0,17.5,,0.0502,357.0,11.0,22.5,0.585,0.29
R4100501,加工調理食品及其他類,西谷米,樣品狀態:未烹調; 前處理描述:混合均勻打碎,,,360.2916,359.7826,9.85,0.1,0.1,,89.7479,0.2545,,14.02,,0.004,17.48,10.75,4.545,0.945,0.0855
R4400101,加工調理食品及其他類,台式泡菜,前處理描述:混合均勻打碎,,0.0,58.8166,57.185,84.398,0.9,0.2998,0.1294,13.1296,0.8158,11.16,329.94,0.0905,0.0,132.43,24.53,8.67,0.0,0.0
R4400201,加工調理食品及其他類,黃金泡菜,前處理描述:混合均勻打碎,,0.0,110.9288,107.5818,77.551,2.426,5.6872,0.9475,12.51,1.6735,6.251,496.82,0.1618,0.08,247.88,44.26,16.12,0.56,0.0
R4400301,加工調理食品及其他類,韓式泡菜,"前處理描述:混合均勻打碎(大白菜,辣椒粉,大蒜,魚露,蔥,洋蔥,薑,胡蘿蔔,鹽,糖等)",,,35.1609,29.5603,89.654,2.014,0.4181,0.1053,5.8355,2.8003,0.678,486.892,,0.242,243.962,63.051,18.13,1.148,0.305
R4400401,加工調理食品及其他類,花瓜罐頭,"樣品狀態:罐頭製品(花瓜,醬油等); 前處理描述:混合均勻打碎",,0.0,88.7205,86.7205,73.9,2.9,0.2241,0.1359,18.7759,1.0,14.458,1458.0,,0.24,122.0,13.0,18.0,3.4,0.3
R4400501,加工調理食品及其他類,冷凍洋蔥圈,"樣品狀態:冷凍包裝(洋蔥,麵粉,玉米粉等); 前處理描述:混合均勻打碎",,0.0,281.106,275.557,41.46,3.977,11.0468,2.369,41.4442,2.7745,4.011,502.95,,0.1472,173.01,130.19,19.06,0.29,0.428
R4400601,加工調理食品及其他類,醃辣椒,"前處理描述:混合均勻打碎(辣椒,水,醬油,糖,鹽,乳酸,乳酸鈣)",剝皮辣椒,,53.1436,51.517,83.392,1.931,0.316,0.1525,10.6439,0.8133,6.823,1520.48,0.0831,0.0,48.14,29.4,10.12,0.0,0.0
R4400701,加工調理食品及其他類,桂竹筍片,"前處理描述:混合均勻打碎(桂竹筍, 鹽, 香料等)",,,19.0808,14.2082,92.994,1.011,0.218,,3.2687,2.4363,,815.4643,,0.0,49.2364,11.4675,1.1962,0.2543,0.1013
R4400801,加工調理食品及其他類,麻竹筍干,"前處理描述:混合均勻打碎(麻竹筍, 鹽, 漂白劑等)",,,400.0,400.0,,,,,100.0,,,,,,,,,,
R4400901,加工調理食品及其他類,薤,樣品狀態:醃漬品; 前處理描述:混合均勻打碎,"蕗蕎,薤頭,火蔥,蕎蔥,大韭(韮),露京,蕎頭,叫頭",,11.2,7.68,90.6,0.54,0.16,,1.9,1.76,,2586.3,,7.3,90.0,34.8,14.1,1.61,0.27
R4401001,加工調理食品及其他類,甘藍乾,樣品狀態:鹽漬; 前處理描述:混合均勻打碎,高麗菜乾,,194.4,188.4,38.95,7.22,1.12,,38.86,3.0,,3853.7,,0.0096,870.0,253.6,67.3,5.23,0.85
R4401101,加工調理食品及其他類,酸甘藍菜,樣品狀態:醃漬品; 前處理描述:混合均勻打碎,酸高麗菜,,24.4303,17.7281,92.119,1.449,0.1999,0.0556,4.2088,3.3511,0.164,497.2,,0.077,110.609,38.385,7.925,0.771,0.212
R4401201,加工調理食品及其他類,梅乾菜,樣品狀態:鹽漬發酵; 前處理描述:混合均勻打碎,,,115.6317,89.9499,41.079,5.4865,1.1481,,20.8382,12.8409,,11554.8843,,0.239,819.6776,381.016,58.7077,35.6348,1.7188
R4401301,加工調理食品及其他類,榨菜,樣品狀態:鹽漬發酵; 前處理描述:混合均勻打碎,"榨菜藺蕓苔,四川榨菜,疙瘩菜,稜角菜,筆架菜,香爐菜,瘤菜",,26.9756,21.0852,86.4695,1.287,0.3592,0.1136,4.6487,2.9452,0.0,2789.958,,0.0675,89.6855,47.097,8.527,2.026,0.3855
R4401401,加工調理食品及其他類,酸菜,樣品狀態:鹽漬發酵; 前處理描述:混合均勻打碎,"鹹菜,鹼菜,醃(大/鹹)酸菜,大鹹菜,鹹菜仁",,18.999,14.3734,91.0445,0.8425,0.3202,0.0871,3.1868,2.3128,0.0,1447.2365,,0.0895,150.3545,50.015,10.6225,1.0685,0.3395
R4401501,加工調理食品及其他類,醃漬冬瓜,"樣品狀態:醃漬品,大果; 前處理描述:混合均勻打碎","白瓜,東瓜,枕瓜,水芝,地芝",,27.6,23.8,83.6,2.47,0.16,,4.07,1.9,,3690.0,,0.0135,150.0,51.0,23.0,1.29,0.29
R4401601,加工調理食品及其他類,醃漬花胡瓜,樣品狀態:醃漬品; 前處理描述:混合均勻打碎,"小黃瓜,花瓜,小胡瓜,小瓜,小刺瓜,水胡瓜",,88.95,84.95,74.0,3.0,0.51,,18.09,2.0,,1603.0,,0.016,110.0,28.0,20.0,1.06,0.3
R4401701,加工調理食品及其他類,醃漬越瓜,樣品狀態:醃漬品; 前處理描述:混合均勻打碎,"醃瓜,菴瓜,梢瓜,酥瓜,甜瓜,羊角瓜,稍瓜,生瓜,白瓜,青瓜,百香胡瓜",,17.95,15.35,93.0,1.1,0.15,,3.05,1.3,,873.0,,0.027,170.0,28.0,13.0,0.3,0.2
R4500101,加工調理食品及其他類,銀耳罐頭,"樣品狀態:罐頭製品; 前處理描述:瀝除水分,混合均勻打碎","白木耳,雪耳",,48.97,46.19,87.8,0.08,0.09,,11.96,1.39,,7.4,,0.0032,10.0,11.2,3.5,0.5,0.12
R4500201,加工調理食品及其他類,草菇罐頭,"樣品狀態:罐頭製品; 前處理描述:瀝除水分,混合均勻打碎","蘭花菇,美味草菇,包腳菇,中國蘑菇,稈(麻/貢)菇,南華菇,家生菇(小包腳菇)",0.0,35.7018,29.3634,90.4,3.2895,0.105,0.0,5.3997,3.1692,,305.7193,,0.0295,3.8692,6.0226,6.7411,1.1964,0.4614
R4500301,加工調理食品及其他類,醃漬香菇,樣品狀態:醃漬物; 前處理描述:混合均勻打碎,"冬(北/花/厚/毛)菇,椎茸,香蕈(信/椹),合蕈",,55.76,46.66,84.21,3.04,0.12,,10.63,4.55,,723.0,,0.0165,41.0,12.0,9.0,1.19,0.73
R4500401,加工調理食品及其他類,秀珍菇罐頭,"樣品狀態:罐頭製品(秀珍菇,鹽等); 前處理描述:瀝除水分,混合均勻打碎","平菇,小平菇,側耳平菇,蠔菇,袖珍(鮑魚)菇(側耳)",0.0,29.9832,18.853,92.445,1.653,0.5,,4.7178,5.5651,,245.2552,,0.0237,32.133,13.5998,4.0657,1.4197,0.525
R4500501,加工調理食品及其他類,金針菇罐頭,"樣品狀態:罐頭製品(金針菇,鹽,檸檬酸等); 前處理描述:瀝除水分,混合均勻打碎","金(冬/榎/朴)菇,金絲菇,金菇菜,秋葷,樸蕈構菌,毛柄金線菇,菌子(絨柄金錢菇)",0.0,26.9857,19.3623,92.93,1.724,0.2225,,4.5218,3.8117,,959.0349,,0.0159,189.1752,7.9413,12.193,0.8674,0.5046
R4500601,加工調理食品及其他類,洋菇罐頭,"樣品狀態:罐頭製品; 前處理描述:瀝除水分,混合均勻打碎","西洋蘑菇(蘑菇,雙孢蘑菇)",0.0,31.1722,24.6258,89.44,2.912,0.265,0.0,4.2848,3.2732,,532.2738,,0.0554,32.1581,9.7262,10.6808,0.9862,0.6674
R4500701,加工調理食品及其他類,猴頭菇罐頭,"樣品狀態:罐頭製品; 前處理描述:瀝除水分,混合均勻打碎","猴頭蘑,刺蝟菌,蝟菌,花菜菇,圓頭菇,陰陽蘑,對臉蘑",0.0,30.7164,27.2616,91.9,0.969,0.106,0.0,6.4716,1.7274,,174.2346,,0.0312,1.701,22.2938,3.402,1.1395,0.6844
R4600101,加工調理食品及其他類,高纖胚芽冬粉,"前處理描述:混合均勻打碎(純綠豆,綠豆胚芽及外皮)",粉絲,,363.6312,355.5724,9.06,0.597,0.16,,89.9508,4.0294,,2.47,,0.0187,3.05,10.41,5.621,0.51,0.11
R4600201,加工調理食品及其他類,冬粉,"前處理描述:混合均勻打碎(綠豆,澱粉,水等)",粉絲,,351.37,348.5282,12.06,0.143,0.09,,87.497,1.4209,,9.73,,0.0,13.17,1.74,6.49,1.89,0.07
R4600301,加工調理食品及其他類,寬粉,"前處理描述:混合均勻打碎(綠豆澱粉,馬鈴薯澱粉等)",寬條冬粉,,349.4273,347.3705,12.298,0.136,0.1265,0.0531,86.9362,1.0284,0.0,4.293,,0.003,44.79,25.614,6.76,1.426,0.149
R4700101,加工調理食品及其他類,佃煮黑豆,"前處理描述:混合均勻打碎(黑豆,糖,醬油等)",,,271.4506,257.3402,38.73,10.498,6.163,0.9161,43.4979,7.0552,10.398,250.605,,0.122,176.849,43.914,43.407,15.728,1.712
R4700201,加工調理食品及其他類,豆干絲,"前處理描述:混合均勻打碎(黃豆,鹽,調味料等)",,,170.11,165.01,65.83,18.31,8.63,1.4317,4.8,2.55,,548.85,,0.0096,44.76,286.66,41.41,6.17,2.4
R4700202,加工調理食品及其他類,五香豆干,"前處理描述:混合均勻打碎(黃豆,鹽,調味料等)",,0.0,196.758,192.358,61.34,19.27,10.5596,1.7318,6.1604,2.2,0.392,445.47,,0.0961,251.09,273.0,66.53,5.54,2.17
R4700203,加工調理食品及其他類,小方豆干,"前處理描述:混合均勻打碎(黃豆,鹽,調味料等)",,,161.04,154.52,67.29,17.4,8.6,1.3003,3.51,3.26,,115.56,,0.0695,166.27,685.34,55.82,4.47,1.61
R4700301,加工調理食品及其他類,黑豆干,"前處理描述:混合均勻打碎(黃豆,凝固劑,調味料,水等)",,,197.0871,197.0871,64.695,19.029,12.5251,2.2208,2.0613,,0.133,122.909,,0.04,172.057,334.555,70.26,4.113,1.865
R4700401,加工調理食品及其他類,豆腐皮,前處理描述:混合均勻打碎,豆皮,,209.4169,208.1541,59.55,25.29,10.9777,1.7236,2.3644,0.6314,0.0,22.56,,0.6206,381.87,61.96,95.771,4.66,2.15
R4700501,加工調理食品及其他類,日式炸豆皮,前處理描述:混合均勻打碎,,,387.958,383.2854,42.02,19.17,32.42,5.1495,4.8745,2.3363,,1.23,,0.0515,137.19,292.02,58.65,2.48,1.923
R4700601,加工調理食品及其他類,豆豉,前處理描述:混合均勻打碎(黑豆.鹽.苯甲酸等),蔭豉,,236.6417,215.1385,37.166,20.3763,11.5409,1.9129,12.8171,10.7516,0.0,6075.3207,,0.6351,641.5957,145.8537,89.6783,10.538,2.205
R4700701,加工調理食品及其他類,豆棗,前處理描述:混合均勻打碎(黃豆等),,,420.3226,418.699,15.78,11.749,19.245,3.1788,50.0304,0.8118,37.521,854.29,,0.0676,73.63,272.71,41.19,3.14,0.481
R4700801,加工調理食品及其他類,百頁豆腐,"前處理描述:混合均勻打碎(黃豆,鹽等)",千張豆腐,0.0,196.424,195.3946,66.04,13.38,13.082,2.1289,6.2915,0.5147,0.119,425.41,,0.006,17.27,33.47,6.15,2.09,0.76
R4700901,加工調理食品及其他類,傳統豆腐,前處理描述:混合均勻打碎,板豆腐,,88.41,87.29,81.15,8.46,3.41,1.0387,5.97,0.56,,2.15,,0.0159,179.69,139.85,32.81,1.97,0.82
R4700902,加工調理食品及其他類,傳統豆腐(2022年取樣),前處理描述:混合均勻打碎,板豆腐,0.0,95.7024,92.5782,81.98,9.58,5.5156,0.9762,1.9355,1.5621,0.0,6.71,0.4775,0.0,144.89,159.55,32.07,1.6,0.94
R4701001,加工調理食品及其他類,冷凍豆腐,樣品狀態:冷凍包裝; 前處理描述:混合均勻打碎,凍豆腐,0.0,130.8572,126.5086,74.97,12.919,7.0532,1.3088,3.9256,2.1743,0.602,8.42,,0.0547,109.44,240.49,48.79,2.54,1.171
R4701101,加工調理食品及其他類,小三角油豆腐,"前處理描述:混合均勻打碎(黃豆,油脂等)",,,159.7459,158.3573,75.57,12.723,13.3423,2.3443,0.0,0.6943,0.0,1.12,,0.0658,196.37,215.53,56.85,2.52,1.449
R4701201,加工調理食品及其他類,嫩豆腐,前處理描述:混合均勻打碎,,0.0,53.1199,51.4929,89.85,4.93,2.9943,0.5185,1.6128,0.8135,0.572,32.02,,0.0727,164.71,13.12,35.73,1.26,0.49
R4701301,加工調理食品及其他類,雞蛋豆腐,"前處理描述:混合均勻打碎(黃豆,雞蛋,鹽,調味料等)",,0.0,79.3506,78.6338,84.64,6.867,4.577,1.3103,2.6724,0.3584,0.73,306.88,,0.0746,176.38,9.3,24.288,0.96,0.76
R4701401,加工調理食品及其他類,麻油辣腐乳,"前處理描述:混合均勻打碎(豆腐,辣椒,麻油等)",,,106.9855,105.6801,71.09,8.96,5.7731,1.022,4.7969,0.6527,0.354,3675.05,,0.1225,123.65,136.9,43.55,3.06,0.98
R4800101,加工調理食品及其他類,素肉,樣品狀態:冷藏產品; 前處理描述:混合均勻打碎,,0.0,210.2383,199.2649,57.206,23.939,10.0575,1.7738,5.9912,5.4867,1.532,730.73,1.3062,0.0,350.86,119.82,72.3,4.25,1.8
R4800201,加工調理食品及其他類,冷凍素雞塊,"樣品狀態:冷凍包裝(黃豆,大豆蛋白,麵衣等); 前處理描述:混合均勻打碎",,,205.8296,203.3432,57.33,14.174,8.12,1.2682,19.0134,1.2432,,455.61,,0.065,57.61,8.24,13.539,1.62,0.64
R4900101,加工調理食品及其他類,花生麵筋罐頭,"樣品狀態:罐頭製品(麵粉,花生等); 前處理描述:混合均勻打碎",,,205.829,203.629,60.0,11.0,11.0858,1.9522,15.5142,1.1,8.072,778.0,,0.39,93.0,11.0,30.0,1.8,0.9
R4900201,加工調理食品及其他類,香菇麵筋罐頭,"樣品狀態:罐頭製品(麵粉,香菇等); 前處理描述:混合均勻打碎",,,192.4,191.4,61.9,10.7,10.0,1.574,14.9,0.5,,916.0,,0.216,80.0,9.0,20.0,1.7,0.8
R4900301,加工調理食品及其他類,花豆罐頭(糖漬),"樣品狀態:罐頭製品(花豆,糖等); 前處理描述:混合均勻打碎","紅花豆,紅(赤)花菜豆,花仔(阿/柳)豆",,204.3068,191.351,48.17,7.572,0.0,0.0,43.5047,6.4779,,7.1812,,0.0586,215.8388,61.5562,39.5876,2.1727,0.9155
R4900401,加工調理食品及其他類,紅豆罐頭(糖漬),"樣品狀態:罐頭製品(紅豆,糖等); 前處理描述:混合均勻打碎","小豆,赤小豆,赤豆,通常小豆,小紅豆,紅小豆",,232.5394,221.5684,41.5,8.02,0.283,0.0,49.4781,5.4855,,7.8223,,0.1,215.5165,29.1849,39.2286,1.9389,0.9792
R4900501,加工調理食品及其他類,甘納豆,"前處理描述:混合均勻打碎(甘納豆,糖及植物油等)",,,333.1432,318.038,16.82,6.636,0.9712,0.1809,74.4646,7.5526,51.033,183.925,,0.1585,242.915,28.775,35.59,1.495,0.7755
R4900601,加工調理食品及其他類,豌豆仁罐頭,"樣品狀態:罐頭製品(青豆仁,鹽,糖等); 前處理描述:混合均勻打碎","荷蓮豆仁,荷仁豆仁,荷蘭豆仁,花蓮豆仁,飛龍豆仁,青豆仁,胡豆仁,畢豆仁,宛豆仁,孫豆仁,丸豆仁,留",,125.5319,114.2163,68.915,7.17,0.9235,0.0,22.1351,5.6578,,210.5621,,0.0047,283.2073,39.4702,70.5506,2.8908,1.8517
R4900701,加工調理食品及其他類,鹽酥蠶豆,"前處理描述:去外殼,混合均勻打碎(蠶豆,鹽,油脂,調味料等)","蠶豆酥,蠶豆子,蠶豆花",18.8,480.5894,434.4874,2.715,26.928,20.865,6.3553,46.2731,23.051,,385.95,,0.2325,813.69,38.455,93.2,3.325,2.537
R5000101,加工調理食品及其他類,豆漿,"樣品狀態:包裝產品(黃豆,水,糖等); 前處理描述:混合均勻",豆奶,,60.0273,55.9211,86.2587,3.1637,1.2845,0.254,8.953,2.0531,5.117,36.4503,,0.0247,89.2817,12.4637,13.8393,0.3553,0.2517
R5000201,加工調理食品及其他類,雞蛋豆漿,"樣品狀態:包裝產品(黃豆,雞蛋香精,糖等); 前處理描述:混合均勻",雞蛋豆奶,,55.66,55.18,87.37,1.85,1.26,0.2134,9.23,0.24,,23.68,,0.0235,93.78,4.82,11.61,0.39,0.19
R5000301,加工調理食品及其他類,鹹豆漿,"樣品狀態:散裝(含油條,菜脯等); 前處理描述:混合均勻打碎",,,37.0,36.8,92.0,3.5,1.8,0.3501,1.7,0.1,,198.0,,0.063,153.0,20.0,21.0,0.6,0.3
R5000501,加工調理食品及其他類,豆漿優酪乳,"前處理描述:混合均勻(黃豆,砂糖,果膠,香料等)",豆奶優酪乳,,70.2183,68.3293,83.744,1.98,1.1679,0.3513,12.9468,0.9445,7.161,7.961,,0.031,78.32,12.639,13.9015,0.0,0.296
R5000601,加工調理食品及其他類,DHA豆奶,"前處理描述:混合均勻(黃豆,砂糖,牛乳)",,,43.502,43.3184,89.38,1.72,0.5,,8.0305,0.0918,,34.3,,0.023,85.31,23.6,8.381,0.19,0.17
R5010101,加工調理食品及其他類,豆漿粉,前處理描述:混合均勻,豆奶粉,,433.6984,408.5336,8.255,37.39,17.11,2.6056,32.5371,12.5824,,0.0,,0.905,1754.11,76.55,246.146,6.86,3.48
R5100101,加工調理食品及其他類,叉燒肉,"樣品狀態:真空包裝(豬肉,鹽,糖,醬油,紅麴醬,調味料等); 前處理描述:混合均勻打碎",,,252.5617,252.5617,50.279,17.179,13.0929,4.958,16.5024,,14.883,840.564,,0.431,242.509,16.649,22.036,0.678,1.795
R5100201,加工調理食品及其他類,切片火腿(牛肉),"前處理描述:混合均勻打碎(牛肉,鹽,胡椒,黃豆蛋白,澱粉等)","三明治火腿,火腿片",,121.0468,121.0468,68.94,15.853,2.22,1.1191,9.4137,,,1200.2,,0.1348,303.94,17.88,15.12,1.81,2.632
R5100301,加工調理食品及其他類,切片火腿(豬肉),"前處理描述:混合均勻打碎(豬肉,鹽,糖等)","三明治火腿,火腿片",,146.5701,146.5701,65.97,16.525,4.9249,1.8378,9.0365,,2.158,1005.785,,0.658,281.275,35.505,19.3,1.25,1.5165
R5100401,加工調理食品及其他類,切片火腿(雞肉),"前處理描述:混合均勻打碎(雞肉,鹽,糖,胡椒等)","三明治火腿,火腿片",0.0,148.4084,148.4084,66.17,15.264,5.264,1.7672,9.9941,,3.883,1040.44,,0.151,237.64,22.01,16.16,1.07,1.73
R5100501,加工調理食品及其他類,"條狀火腿(牛肉,黑胡椒)","前處理描述:混合均勻打碎(牛肉,鹽,糖,黑胡椒等)",,,112.89,112.89,71.09,18.85,2.33,1.0217,4.13,,,1125.1,,0.2161,301.88,4.61,18.139,2.53,4.61
R5100601,加工調理食品及其他類,條狀火腿(豬肉),"前處理描述:混合均勻打碎(豬肉,鹽,糖,澱粉,黃豆蛋白,食品添加物等)",,0.0,145.4555,145.4555,65.105,16.2425,3.8187,1.4312,11.5293,,3.843,1029.125,,0.136,306.46,8.115,17.84,1.27,1.5695
R5100701,加工調理食品及其他類,醬肘子,樣品狀態:豬肉火腿; 前處理描述:混合均勻打碎,"醬肘花,醬汁燒蹄膀",,133.9852,133.9852,72.08,18.971,6.56,2.1934,0.0,,,670.87,,0.2496,263.96,5.08,19.016,1.14,1.38
R5100801,加工調理食品及其他類,培根,"樣品狀態:生(豬腰肉,鹽,糖,維生素C,黃豆蛋白等); 前處理描述:混合均勻打碎",三層煙肉,,372.4689,372.4689,49.0367,13.5023,35.6209,13.2948,0.0,,1.377,609.5367,,0.1698,209.4667,3.18,14.4733,0.4733,1.4647
R5100901,加工調理食品及其他類,臘肉(五花肉),"樣品狀態:生(豬肉,鹽,糖,味精,食品添加物等); 前處理描述:混合均勻打碎",,0.0,524.6003,524.6003,25.09,18.45,49.0067,18.8278,2.435,,0.0,1539.35,,0.2666,221.06,4.868,19.99,0.9,1.739
R5100902,加工調理食品及其他類,臘肉(腿肉),"樣品狀態:生(豬肉,鹽,糖,味精,食品添加物等); 前處理描述:混合均勻打碎",,0.0,376.9395,376.9395,31.865,26.74,27.1647,9.3668,6.3743,,0.0,3219.54,,0.2374,269.845,10.81,32.685,1.385,2.6175
R5101001,加工調理食品及其他類,滷牛筋,前處理描述:混合均勻打碎,滷蹄筋,,119.4282,119.4282,72.035,21.099,2.7538,0.7733,2.562,,0.0,524.391,,0.03,39.483,10.727,7.576,0.101,0.569
R5101101,加工調理食品及其他類,滷豬腳,"前處理描述:去骨,混合均勻打碎",,37.0,237.4,237.4,58.6,28.4,15.4,6.9423,0.0,,,187.0,,0.135,190.0,40.0,18.0,1.3,3.1
R5101201,加工調理食品及其他類,醃燻豬肝,樣品狀態:豬肝製品; 前處理描述:混合均勻打碎,,,166.5452,166.5452,61.07,26.825,4.72,1.8302,4.1913,,,904.52,,0.6844,234.01,0.62,19.206,11.5,7.55
R5101301,加工調理食品及其他類,膽肝,樣品狀態:豬肝製品; 前處理描述:混合均勻打碎,"鹹豬肝,粉肝,柴肝",,251.5,251.5,40.3,31.2,7.9,3.3765,13.9,,,3204.0,,0.336,557.0,16.0,52.0,19.9,8.8
R5200101,加工調理食品及其他類,片狀肉乾(牛肉),"樣品狀態:牛肉乾(牛肉,砂糖,果醬,醬油,食品添加物等); 前處理描述:混合均勻打碎",牛肉干,,335.1964,335.1964,17.88,30.3015,5.196,2.3408,41.8066,,18.209,1317.25,,0.1677,603.01,11.875,43.53,3.64,7.249
R5200102,加工調理食品及其他類,"片狀肉乾(牛肉,辣味)","樣品狀態:牛肉乾(牛肉,醬油,砂糖,食品添加物等); 前處理描述:混合均勻打碎",辣味牛肉干,0.0,334.9235,334.9235,19.85,37.971,7.0347,3.4106,29.9318,,24.387,1537.36,,0.3082,676.46,5.34,42.32,5.74,9.678
R5200201,加工調理食品及其他類,片狀肉乾(豬肉),前處理描述:混合均勻打碎,豬肉干,,329.1977,329.1977,19.495,30.019,5.0233,1.8128,40.978,,26.77,1177.115,,0.4856,583.365,7.685,43.515,1.75,2.931
R5200301,加工調理食品及其他類,條狀肉乾(豬肉),"樣品狀態:豬肉乾(豬肉,醬油,砂糖,食品添加物等); 前處理描述:混合均勻打碎","豬肉乾,豬肉干",,344.5673,344.5673,18.57,43.237,7.9025,3.2013,25.1242,,26.108,1324.51,,0.8325,863.43,7.69,64.63,2.522,4.074
R5300101,加工調理食品及其他類,牛肉香腸,樣品狀態:生; 前處理描述:混合均勻打碎,,,298.0708,298.0708,48.52,20.656,20.45,8.6888,7.8492,,,792.34,,0.46,334.36,11.13,16.8,1.8,4.59
R5300201,加工調理食品及其他類,香腸,"樣品狀態:生(豬肉,豬腸衣,鹽,糖,食品添加物等); 前處理描述:混合均勻打碎",,,354.2464,354.2464,41.15,16.996,26.3308,10.0154,12.3213,,10.166,1025.78,,0.1764,283.51,2.4215,16.965,1.555,1.7205
R5300202,加工調理食品及其他類,香腸(蒜味),"樣品狀態:生(豬肉,豬腸衣,鹽,糖,蒜粉,食品添加物等); 前處理描述:混合均勻打碎",,0.0,387.2926,387.2926,34.485,16.6335,27.7526,10.2491,17.7463,,12.537,1021.19,,0.1707,309.61,5.55,18.215,1.22,1.7535
R5300203,加工調理食品及其他類,蒟蒻香腸(蒜味),"樣品狀態:生(豬肉,豬腸衣,蒟蒻,肉精香料等); 前處理描述:混合均勻打碎",,,288.7356,288.7356,42.76,19.4,14.87,5.4617,19.3264,,,1106.41,,0.2078,427.06,5.2,25.644,1.15,2.1
R5300301,加工調理食品及其他類,小巧香腸,"樣品狀態:生(豬肉,雞肉等); 前處理描述:混合均勻打碎",小香腸,0.0,362.0761,362.0761,41.75,15.11,28.2189,10.441,11.9165,,12.465,911.75,,0.3618,261.11,1.61,13.961,1.21,1.68
R5300401,加工調理食品及其他類,雞肉香腸(大),"樣品狀態:生(雞肉,鹽,糖,油脂,調味料,食品添加物等); 前處理描述:混合均勻打碎",,,283.2324,283.2324,46.59,22.39,16.28,4.9062,11.7881,,,913.87,,0.5,322.92,16.16,23.02,1.27,1.71
R5300402,加工調理食品及其他類,雞肉香腸(小),"樣品狀態:生(雞肉,鹽,糖,油脂,調味料,食品添加物等); 前處理描述:混合均勻打碎",,,458.5636,458.5636,30.53,13.904,37.72,13.895,15.8669,,,699.43,,0.289,216.24,8.28,12.2,1.76,0.515
R5300501,加工調理食品及其他類,熱狗,"樣品狀態:生(豬肉,鹽,糖,澱粉,黃豆蛋白,食品添加物等); 前處理描述:混合均勻打碎",,,257.3143,257.3143,56.445,13.285,18.1331,6.5717,10.2441,,2.883,607.45,,0.0769,145.22,13.666,10.86,1.58,1.182
R5300601,加工調理食品及其他類,德國香腸,"樣品狀態:生(豬肉,羊腸衣,鹽,糖,維生素C,天然色素(胡蘿蔔素)等); 前處理描述:混合均勻打碎",,,274.7004,271.869,55.946,15.908,21.4248,7.9019,4.5613,1.4157,1.707,546.751,,0.224,200.603,17.978,15.926,0.87,1.938
R5300701,加工調理食品及其他類,冷凍小香腸,"樣品狀態:冷凍包裝(豬肉,牛肉等); 前處理描述:混合均勻打碎",,,248.8756,248.0356,57.49,14.82,17.76,6.9939,7.4389,0.42,,722.43,,0.2431,517.42,2.01,14.182,1.35,1.66
R5400101,加工調理食品及其他類,冷凍珍珠丸,"樣品狀態:冷凍包裝(豬肉,米等); 前處理描述:混合均勻打碎",,0.0,225.444,223.4722,56.7867,9.523,11.516,4.0438,20.927,0.9859,2.142,313.4067,,0.1458,165.93,7.0967,14.0057,0.4667,1.272
R5400201,加工調理食品及其他類,冷凍貢丸,樣品狀態:冷凍包裝(豬後腿肉等); 前處理描述:混合均勻打碎,,,244.1073,244.1073,61.57,16.64,20.2925,7.3647,0.0,,1.542,580.295,,0.2082,194.845,6.295,16.752,0.66,1.43
R5400301,加工調理食品及其他類,冷凍雞肉丸,"樣品狀態:冷凍包裝(雞肉,澱粉等); 前處理描述:混合均勻打碎",,,201.9356,201.9356,63.06,10.535,12.3,4.3239,12.2739,,,597.14,,0.1906,103.95,9.85,14.12,0.87,0.587
R5500101,加工調理食品及其他類,冷凍牛肉漢堡肉,"樣品狀態:冷凍包裝(牛肉,禽肉,麵包粉,洋蔥,蕃茄醬,磷酸鹽類等); 前處理描述:混合均勻打碎",,,249.417,246.3508,58.884,14.413,18.515,9.2518,6.2825,1.5331,0.0,301.709,,0.247,197.268,14.284,13.481,2.023,2.815
R5500201,加工調理食品及其他類,冷凍雞塊,"樣品狀態:冷凍包裝(雞胸肉,腿肉等); 前處理描述:混合均勻打碎",,,227.6755,227.6755,57.1,15.3,12.8951,5.501,12.6049,,2.148,596.0,,0.012,200.0,7.0,20.0,0.6,0.4
R5600101,加工調理食品及其他類,豬肉脯,樣品狀態:豬肉鬆; 前處理描述:混合均勻打碎,豬肉絨,,440.7,440.7,16.0,33.4,25.1,9.2694,20.3,,,1518.0,,0.063,598.0,15.0,42.0,2.3,2.7
R5600201,加工調理食品及其他類,豬肉酥,樣品狀態:豬肉鬆; 前處理描述:混合均勻打碎,豬肉鬆,,512.982,512.982,1.8,33.0,28.2764,9.2153,31.6236,,25.05,1467.0,,0.053,572.0,90.0,44.0,3.6,3.3
R5600301,加工調理食品及其他類,雞肉酥,"樣品狀態:雞肉鬆(雞肉,醬油等); 前處理描述:混合均勻打碎",雞肉鬆,,450.6096,441.63,0.72,26.683,14.56,2.4687,53.2094,4.4898,,1644.33,,0.3797,193.2,15.63,38.611,4.82,2.05
R5900101,加工調理食品及其他類,肉羹,"前處理描述:混合均勻打碎(豬肉,背脂,澱粉,糖,鹽,味精,蔥酥,香辛調味料等)",,,246.7735,245.0001,54.689,9.718,14.7047,5.3187,18.8898,0.8867,1.647,511.838,,0.08,102.302,210.656,15.077,1.119,1.34
R5900201,加工調理食品及其他類,冷凍咕咾肉,"樣品狀態:冷凍包裝(豬肉,洋蔥,青椒等); 前處理描述:混合均勻打碎",,,184.3,181.3,64.3,6.4,9.5,2.4691,18.3,1.5,,395.0,,0.021,174.0,16.0,13.0,0.4,0.8
R5900301,加工調理食品及其他類,豬腳凍,樣品狀態:不須加熱即可食用; 前處理描述:混合均勻打碎,,,144.6,144.6,71.6,16.6,7.8,2.6957,2.0,,,726.0,,0.013,46.0,11.0,6.0,1.2,1.0
R6100101,加工調理食品及其他類,冷凍花枝丸,"樣品狀態:冷凍包裝(花枝肉,板油,澱粉等); 前處理描述:混合均勻打碎",,,165.6721,161.9531,65.5105,12.728,6.9593,2.655,13.0316,1.8595,2.615,455.549,,0.1039,131.1255,11.064,33.7575,0.181,1.052
R6100201,加工調理食品及其他類,冷凍虱目魚丸,"樣品狀態:冷凍包裝(虱目魚,澱粉等); 前處理描述:混合均勻打碎",,,205.776,202.7474,61.2703,13.6643,11.8872,4.3881,11.0335,1.5143,4.474,551.1027,,0.1142,148.688,131.742,18.0547,0.9967,0.45
R6100301,加工調理食品及其他類,冷凍文蛤丸,"樣品狀態:冷凍包裝(文蛤,虱目魚肉等); 前處理描述:混合均勻打碎",,,210.6188,210.6188,56.57,16.157,9.21,3.412,15.7752,,,565.24,,0.2285,225.8,20.53,22.97,8.41,1.009
R6100401,加工調理食品及其他類,冷凍旗魚丸,"樣品狀態:冷凍包裝(旗魚肉,澱粉等); 前處理描述:混合均勻打碎",,,159.6722,157.9898,65.3585,12.818,6.6966,2.5233,12.0327,0.8412,4.927,700.047,,0.068,80.065,490.3315,16.602,0.702,0.6285
R6100501,加工調理食品及其他類,冷凍鱈魚丸,"樣品狀態:冷凍包裝(鱈魚,澱粉等); 前處理描述:混合均勻打碎",,0.0,98.8567,98.8567,77.055,8.525,2.4255,0.9541,10.7318,,3.862,458.835,,0.0255,7.66,18.765,11.609,0.205,0.18
R6100601,加工調理食品及其他類,冷凍蝦丸,"樣品狀態:冷凍包裝(蝦肉,魚漿等); 前處理描述:混合均勻打碎",,,122.7462,122.7462,69.25,10.7615,2.335,0.9353,14.6713,,,779.98,,0.0134,46.535,405.64,17.16,1.2,0.3845
R6200201,加工調理食品及其他類,冷凍花枝排,"樣品狀態:冷凍包裝(花枝肉,魚漿,洋蔥,麵包屑,澱粉,調味料,磷酸鹽等); 前處理描述:混合均勻打碎",,,187.1619,184.5315,60.038,5.491,7.2939,2.7275,24.8882,1.3152,3.18,648.203,,0.071,123.934,20.147,14.029,0.773,0.576
R6200301,加工調理食品及其他類,冷凍鮪排,"樣品狀態:冷凍包裝(鮪魚,魚漿等); 前處理描述:混合均勻打碎",,,143.3,143.3,63.2,13.4,0.9,0.3132,20.4,,,664.0,,0.021,99.0,41.0,36.0,0.5,1.2
R6200401,加工調理食品及其他類,冷凍蝦餅,"樣品狀態:冷凍包裝(蝦仁,鱈魚,馬蹄,豌豆,裹麵等); 前處理描述:混合均勻打碎",,,126.5,123.3,69.6,9.6,2.1,0.4675,17.3,1.6,,337.0,,0.013,63.0,48.0,19.0,0.8,0.5
R6300301,加工調理食品及其他類,冷凍干貝酥,"樣品狀態:冷凍包裝(鱈魚肉,卵白,澱粉,干貝及抽出物等); 前處理描述:混合均勻打碎",,,146.1384,144.0722,61.16,8.33,0.21,0.0765,27.7321,1.0331,,802.07,,0.0151,79.9,189.65,13.11,1.28,0.274
R6300401,加工調理食品及其他類,冷凍花枝塊,"樣品狀態:冷凍包裝(花枝,魷魚,魚漿等); 前處理描述:混合均勻打碎",,,180.2416,178.6994,62.71,11.25,7.45,1.4744,17.0479,0.7711,,507.69,,0.1505,66.71,5.36,24.498,0.41,0.81
R6300501,加工調理食品及其他類,冷凍旗魚塊,"樣品狀態:冷凍包裝(旗魚肉,澱粉等); 前處理描述:混合均勻打碎",,,177.9772,177.9772,62.04,15.261,6.48,1.3327,14.6533,,,422.67,,0.4203,213.71,4.15,22.037,0.41,0.35
R6400101,加工調理食品及其他類,冷凍蚵捲,"樣品狀態:冷凍包裝(蚵,韭菜,豆皮等); 前處理描述:混合均勻打碎",,0.0,213.4191,208.8843,67.02,6.93,17.5431,6.5961,6.9528,2.2674,4.128,463.18,,0.211,111.67,22.91,14.82,4.86,0.714
R6400201,加工調理食品及其他類,冷凍魚捲,"樣品狀態:冷凍包裝(旗魚,鱈魚,馬蹄,裹麵等); 前處理描述:混合均勻打碎",,,126.3,124.9,67.0,13.8,0.3,,17.1,0.7,,401.0,,0.014,180.0,16.0,20.0,0.5,0.4
R6400301,加工調理食品及其他類,冷凍蝦捲,"樣品狀態:冷凍包裝(魚漿,蝦,豬脂,馬蹄,紅蘿蔔,蒜頭,蔥,豆皮等); 前處理描述:混合均勻打碎",,,155.9353,153.0409,65.323,10.281,5.6677,1.986,15.9505,1.4472,2.706,666.685,,0.04,91.051,116.057,25.174,0.944,0.783
R6500101,加工調理食品及其他類,冷凍魷魚圈,"樣品狀態:冷凍包裝(魷魚,魚漿等); 前處理描述:混合均勻打碎",,,143.2,143.2,63.0,15.7,0.4,,19.2,,,443.0,,0.044,138.0,30.0,44.0,0.5,1.2
R6600101,加工調理食品及其他類,冷凍花枝餃,"樣品狀態:冷凍包裝(海饅,花枝肉,澱粉等); 前處理描述:混合均勻打碎",,0.0,176.9609,176.9609,60.57,12.356,5.6185,2.0591,19.2426,,2.801,723.36,,0.0795,102.65,4.58,23.242,0.31,0.49
R6600201,加工調理食品及其他類,冷凍香菇餃,"樣品狀態:冷凍包裝(豬肉,香菇,鱈魚等); 前處理描述:混合均勻打碎",,,232.8296,230.5814,59.71,12.3,15.29,5.7116,11.5049,1.1241,,672.55,,0.1839,194.25,3.57,18.648,0.89,1.16
R6600301,加工調理食品及其他類,冷凍蛋餃,"樣品狀態:冷凍包裝(雞蛋,豬肉等); 前處理描述:混合均勻打碎",,,183.1335,182.0735,70.0,12.07,14.0587,5.0643,2.0813,0.53,1.31,472.36,,0.2659,151.562,10.85,14.258,1.84,1.28
R6600401,加工調理食品及其他類,冷凍雪螺餃,"樣品狀態:冷凍包裝(魚漿,雪螺,澱粉等); 前處理描述:混合均勻打碎",,,203.61,201.4938,59.13,11.59,10.03,3.1406,16.745,1.0581,,788.07,,0.0446,40.34,49.67,28.194,0.94,0.43
R6600501,加工調理食品及其他類,冷凍魚餃,"樣品狀態:冷凍包裝(海鰻,豬肉,澱粉等); 前處理描述:混合均勻打碎",,,277.4837,277.4837,52.225,12.5485,19.5285,8.6234,12.8833,,1.168,663.36,,0.0598,155.115,39.81,15.805,0.45,0.728
R6600601,加工調理食品及其他類,冷凍蝦餃,"樣品狀態:冷凍包裝(海鰻,蝦仁,豬肉,澱粉等); 前處理描述:混合均勻打碎",,,273.3348,273.3348,53.14,11.3965,19.3,7.176,13.5122,,,621.74,,0.0673,144.855,52.1,15.675,0.43,0.6635
R6600701,加工調理食品及其他類,冷凍燕餃,"樣品狀態:冷凍包裝(豬後腿肉,澱粉等); 前處理描述:混合均勻打碎",,0.0,321.4981,321.4981,46.98,12.8415,23.5713,9.0025,14.4976,,1.703,603.7,,0.1605,209.715,4.595,18.64,0.95,1.3875
R6700101,加工調理食品及其他類,冷凍蟹味棒,樣品狀態:冷凍包裝(魚漿等); 前處理描述:混合均勻打碎,蟹肉棒,0.0,117.7915,117.7915,69.2,9.3,0.6783,0.1697,18.6217,,3.138,694.0,,0.008,69.0,90.0,17.0,0.5,0.3
R6700201,加工調理食品及其他類,冷凍魚卵卷,"樣品狀態:冷凍包裝(魚卵,魚漿等); 前處理描述:混合均勻打碎",,,115.3379,115.3379,69.045,12.903,0.1823,0.0557,15.5213,,3.737,830.105,,0.0209,65.935,13.35,18.12,0.285,0.4905
R6700301,加工調理食品及其他類,魚板,前處理描述:混合均勻打碎,,0.0,127.7921,125.2781,68.232,9.986,1.9501,0.3914,17.5743,1.257,2.903,862.63,0.022,0.0,29.03,45.03,9.48,0.0,0.0
R6700401,加工調理食品及其他類,天婦羅,"樣品狀態:含魚漿,太白粉等(不含調味醬); 前處理描述:混合均勻打碎",甜不辣,,175.8945,175.4945,59.6,12.4,4.6989,1.2412,21.0011,0.2,5.177,684.0,,0.047,96.0,17.0,15.0,0.7,0.2
R6700501,加工調理食品及其他類,冷凍花枝漿,"樣品狀態:冷凍包裝(花枝塊,調味品,澱粉等); 前處理描述:混合均勻打碎",,,226.9158,222.9256,56.992,11.176,12.6246,4.4716,17.1476,1.9951,1.8,636.644,,0.058,83.14,133.942,24.753,0.303,1.255
R6700601,加工調理食品及其他類,冷凍花枝羹,"樣品狀態:冷凍包裝(花枝,魚漿等); 前處理描述:混合均勻打碎",,,125.5,125.5,71.9,11.4,4.7,1.7714,9.4,,,448.0,,0.001,40.0,610.0,28.0,0.5,0.7
R6800101,加工調理食品及其他類,魚肉脯,"樣品狀態:魚製品,加鹽水煮; 前處理描述:混合均勻打碎",,,103.7,103.7,69.6,21.9,1.7,0.8073,0.2,,,1482.0,,0.038,132.0,966.0,126.0,3.5,3.2
R6800201,加工調理食品及其他類,鯖魚肉脯,"前處理描述:去鱗,去骨刺及內臟,先蒸10分鐘 ,再炒60分鐘(不加油)",,,684.566,684.566,1.28,33.77,60.38,14.7025,1.5165,,,562.97,,0.4712,557.1,8.31,52.64,4.15,1.972
R6800301,加工調理食品及其他類,魚肉鬆,樣品狀態:魚製品; 前處理描述:混合均勻打碎,魚肉酥,,469.8,469.8,2.6,28.2,20.2,6.87,43.8,,,1761.0,,0.052,161.0,133.0,37.0,4.0,1.2
R6800401,加工調理食品及其他類,旗魚鬆,樣品狀態:魚製品(旗魚肉 vit E等); 前處理描述:混合均勻打碎,,,480.8651,480.8651,2.34,31.319,22.8807,9.5313,37.4157,,20.665,1678.62,,0.2762,254.82,454.41,59.57,4.2,2.726
R6800501,加工調理食品及其他類,鮭魚鬆,樣品狀態:魚製品(鮭魚肉 vit E等); 前處理描述:混合均勻打碎,,0.0,451.7683,451.7683,8.6,28.972,21.6211,7.9054,35.3226,,26.094,1499.75,,0.3842,347.7,257.26,39.38,2.96,1.485
R6900101,加工調理食品及其他類,香筍鮪魚罐頭,"樣品狀態:罐頭製品(鮪魚,金筍等); 前處理描述:混合均勻打碎",,,260.5,257.7,63.1,10.0,24.1,3.844,0.9,1.4,,588.0,,0.23,136.0,13.0,15.0,1.2,0.5
R6900201,加工調理食品及其他類,茄汁鯖魚罐頭,"樣品狀態:罐頭製品(鯖魚,番茄醬,鹽,糖等); 前處理描述:混合均勻打碎",,,116.2647,114.8343,73.536,17.577,3.8423,1.3306,2.844,0.7152,3.089,356.99,,0.395,284.348,245.743,36.421,1.984,0.89
R7100101,加工調理食品及其他類,蒜味甘扁桃仁,"前處理描述:混合均勻打碎(杏仁,鹽,蒜粉,植物油等)",蒜味杏仁果,,648.1178,629.5268,1.536,23.349,53.6446,4.8136,17.9801,9.2955,4.492,203.0215,,0.2942,582.503,286.7698,275.981,3.686,3.4645
R7100201,加工調理食品及其他類,杏仁霜,樣品狀態:沖泡即食; 前處理描述:混合均勻,"杏仁粉,杏仁茶",,554.4855,544.8203,5.056,9.675,36.3659,3.1762,47.1231,4.8326,26.177,172.369,,0.048,220.933,108.7597,78.419,1.153,3.206
R7100301,加工調理食品及其他類,蜜汁松子仁,"前處理描述:混合均勻打碎(松子仁,果糖,鹽等)",,,697.07,689.01,1.18,14.89,62.39,5.2131,19.0,4.03,,2.36,,0.1802,338.99,14.63,232.31,5.6,6.52
R7100401,加工調理食品及其他類,鹽酥夏威夷豆,"前處理描述:混合均勻打碎(夏威夷豆,鹽等)",夏威夷火山豆,,772.563,761.7806,0.8835,9.4045,76.3138,12.8799,12.0302,5.3912,4.335,80.097,,0.1437,341.6755,52.5597,97.954,2.652,1.709
R7100501,加工調理食品及其他類,甜核桃,"前處理描述:混合均勻打碎(核桃,糖,麥芽糖精等)",,,723.4015,711.0761,1.595,14.448,67.4103,6.5577,14.7292,6.1627,3.706,28.342,,0.513,513.767,96.455,169.061,3.09,3.838
R7100601,加工調理食品及其他類,糖炒栗子,"前處理描述:以砂糖炒煮三十分鐘後去殼,混合均勻打碎",,19.5,209.05,197.71,47.62,4.15,0.81,0.1575,46.29,5.67,,1.96,,0.5963,533.6,30.12,60.14,1.08,0.86
R7100701,加工調理食品及其他類,蜜汁腰果,"前處理描述:混合均勻打碎(腰果,蜂蜜等)",,,599.62,595.72,2.19,17.59,43.58,10.3639,34.26,1.95,,12.15,,0.4989,617.67,45.82,220.59,5.68,5.186
R7100801,加工調理食品及其他類,玉桂西瓜子,"前處理描述:去殼,混合均勻打碎(西瓜子,玉桂等)",,64.6,528.868,496.188,5.273,31.05,34.4,5.9461,23.767,16.34,,854.1,,0.7397,779.37,46.58,417.98,7.97,5.29
R7100901,加工調理食品及其他類,醬油西瓜子,"前處理描述:去殼,混合均勻打碎(西瓜子,鹽,醬油,椰子油,香料等)",,61.1,547.0322,525.2218,5.136,29.537,37.6654,6.8438,22.4739,10.9052,1.844,684.734,,0.339,788.044,86.8512,473.992,7.453,5.76
R7101001,加工調理食品及其他類,鹽酥帶殼花生(熟),"前處理描述:去殼; 混合均勻打碎(花生,鹽等)","土豆,長生果,落花生",33.7,568.1601,550.1397,2.293,28.246,38.0657,7.6687,28.1462,9.0102,3.662,319.48,,0.348,681.139,77.583,251.3854,2.712,3.462
R7101101,加工調理食品及其他類,醃漬花生仁,樣品狀態:醃漬品; 前處理描述:混合均勻打碎,"土豆,長生果,落花生",,288.0,288.0,58.2,10.6,26.0,,2.9,,,,,0.022,,,,,
R7101201,加工調理食品及其他類,糖漬花生仁,"前處理描述:去膜,混合均勻打碎(花生仁,糖等)","土豆,長生果,落花生",,381.5582,373.3678,32.76,14.22,23.271,4.8658,28.8098,4.0952,,37.1909,,0.1537,106.7617,42.9135,130.1345,1.2961,1.9149
R7101301,加工調理食品及其他類,油炸花生仁,"前處理描述:含膜,混合均勻打碎(花生仁,鹽,植物油等)","土豆,長生果,落花生",,623.4149,609.3683,1.7525,28.886,48.4481,10.5048,17.9595,7.0233,3.702,429.5045,,0.6783,534.687,73.0331,245.7148,1.6405,4.2345
R7101401,加工調理食品及其他類,蛋酥花生仁,"前處理描述:含膜,混合均勻打碎(花生仁,蛋,糖,植物油等)","土豆,長生果,落花生",,606.24,591.72,1.27,21.14,43.84,10.9101,31.78,7.26,,44.81,,0.7533,463.84,55.62,153.05,0.54,3.021
R7101501,加工調理食品及其他類,鹽酥花生仁,"前處理描述:含膜,混合均勻打碎(帶膜花生仁,鹽,糖,五香等)","土豆,長生果,落花生",,556.5132,536.7004,2.137,28.824,35.8688,7.4611,29.5995,9.9064,6.894,454.349,,0.44,773.901,76.4723,250.5389,5.691,3.976
R7101601,加工調理食品及其他類,調味南瓜子(去殼),"前處理描述:混合均勻打碎(南瓜子,糖,鹽,水等)",白瓜子,,606.8396,590.2034,2.795,30.403,47.8992,9.1253,13.5337,8.3181,1.39,182.53,,0.197,919.876,53.231,633.331,8.498,9.353
R7101602,加工調理食品及其他類,調味南瓜子(帶殼),"前處理描述:去殼,混合均勻打碎(南瓜子,鹽等)",白瓜子,28.0,606.5147,594.2561,2.605,25.899,47.2299,9.3123,19.4624,6.1293,1.493,395.3705,,0.2807,638.955,49.3823,516.4299,10.507,8.03
R7101701,加工調理食品及其他類,甘草葵瓜子(帶殼),"前處理描述:去殼,混合均勻打碎(葵瓜子,甘草等)",,50.5,563.64,524.149,3.15,26.78,39.28,5.0219,25.75,19.7455,,636.76,,1.2639,536.39,45.42,444.85,8.59,7.4
R7101801,加工調理食品及其他類,鹽酥葵瓜子(帶殼),"前處理描述:去殼,混合均勻打碎(帶殼葵瓜子,鹽,糖,香料,鮮奶等)",,53.2,618.5652,602.341,2.455,25.9435,49.2952,5.7133,17.7836,8.1121,2.622,667.718,,0.286,618.626,139.917,463.604,7.369,7.132
R7101901,加工調理食品及其他類,糖漬蓮子,"樣品狀態:糖漬品(蓮子,糖等); 前處理描述:混合均勻打碎",,,229.8874,223.3374,41.85,5.722,0.147,0.0,51.4191,3.275,,10.6634,,0.1058,155.4664,53.9893,71.6447,1.0801,1.0281
R7300101,加工調理食品及其他類,烤雞,"樣品狀態:全雞肉; 前處理描述:去頭尾,去骨,混合均勻打碎",手扒雞,31.2,232.9428,232.9428,58.19,22.753,14.16,4.1795,3.6227,,,194.73,,0.2712,214.51,5.33,20.27,1.08,1.354
R7300201,加工調理食品及其他類,冷凍烤雞翅,"樣品狀態:冷凍包裝(雞翅,植物油等); 前處理描述:去骨,混合均勻打碎",,30.0,217.4,217.4,59.9,18.8,14.2,3.9121,3.6,,,509.0,,0.097,200.0,14.0,15.0,0.8,1.0
R7300301,加工調理食品及其他類,鴨賞,前處理描述:混合均勻打碎,,,304.0,304.0,38.9,31.1,17.6,6.0245,5.3,,,2853.0,,0.291,585.0,26.0,32.0,4.2,2.4
R7300401,加工調理食品及其他類,茶鵝,"樣品狀態:全茶鵝肉,以紅茶葉薰烤; 前處理描述:含皮,去頭腳,去骨及內臟,混合均勻打碎",,43.1,351.91,351.91,51.5,15.55,32.55,9.0525,0.0,,,376.5,,0.2713,148.53,7.67,15.0,2.38,2.69
R7300501,加工調理食品及其他類,熟鵝腿肉,"樣品狀態:鵝腿部位,水煮; 前處理描述:去骨,混合均勻打碎",,39.0,284.8,284.8,56.7,18.5,23.6,6.7095,0.0,,,43.0,,0.052,207.0,5.0,4.0,14.0,0.3
R7500101,加工調理食品及其他類,鯊魚煙,前處理描述:混合均勻打碎,,0.0,67.9732,67.9732,82.287,22.294,0.3584,0.1732,0.0,,0.0,257.65,0.005,0.0,186.33,10.03,17.17,0.0,0.65
R7500201,加工調理食品及其他類,日本鰻鱺魚片(蒲燒),前處理描述:混合均勻打碎,"白鰻,日本鰻,正鰻,白鱔,鰻鱺,土鰻(澎湖),淡水鰻(澎湖)",,272.2153,272.2153,53.382,25.031,18.7321,5.8495,0.8756,,2.341,420.708,,0.214,241.822,233.127,26.088,1.136,2.564
R7500301,加工調理食品及其他類,鹽漬小鱗脂眼鯡(鹹馧仔),"前處理描述:去頭尾及骨刺,混合均勻打碎","臭肉鰮,鰮仔,圓眼仔,鰮魚,鰮仔魚,圓仔魚(幼魚),脂眼鯡,臭肉,臭肉魚/肉鰮(澎湖)",35.0,223.8,223.8,60.7,17.4,17.0,3.4697,0.3,,,1511.0,,0.077,357.0,19.0,27.0,1.1,1.0
R7500401,加工調理食品及其他類,鯖魚(醃製),"前處理描述:去骨,含皮,混合均勻打碎",鹹鯖魚,38.0,280.8,280.8,56.8,14.9,24.0,5.5776,1.3,,,889.0,,0.313,238.0,32.0,30.0,1.4,0.7
R7500402,加工調理食品及其他類,鯖魚(醃製)(2022年取樣),"前處理描述:去骨,含皮,混合均勻打碎",鹹鯖魚,25.7,296.4628,296.4628,50.78,17.047,21.0264,5.0787,9.7593,0.0,0.0,244.55,0.0125,0.46,273.63,22.26,29.47,0.87,0.85
R7500501,加工調理食品及其他類,毛鱗魚(柳葉魚)(裹粉未炸),樣品狀態:冷凍包裝; 前處理描述:混合均勻打碎,柳葉魚,0.0,171.3178,170.0682,61.27,12.887,4.883,1.646,18.9557,0.6248,1.631,492.87,0.1717,0.0,186.41,121.71,33.82,0.55,1.0
R7500601,加工調理食品及其他類,油魚卵(加工),"樣品狀態:鹽漬品(油魚子,鹽等); 前處理描述:混合均勻打碎",油魚子,,416.3324,416.3324,26.519,46.627,27.3048,5.6373,0.0,,0.0,687.732,,0.585,464.883,9.926,32.41,1.49,9.367
R7500701,加工調理食品及其他類,圓鱈魚卵(加工),"樣品狀態:醃漬品(圓鱈卵,糖,鹽,檸檬酸,味精等); 前處理描述:混合均勻打碎",,,84.3522,84.3522,79.804,11.221,4.389,1.2908,0.0,,,1677.1049,,0.0581,74.5516,5.997,3.3606,0.3796,1.8517
R7500801,加工調理食品及其他類,鯔魚卵(加工),樣品狀態:鹽漬品(烏魚子); 前處理描述:混合均勻打碎,"烏魚卵,烏魚子",,297.2713,297.2713,32.7275,36.581,8.4625,2.0281,18.6962,,,1193.592,,0.1455,254.3666,6.4846,22.0681,2.3588,7.4881
R7500802,加工調理食品及其他類,鯔魚卵(加工)(2022年取樣),"樣品狀態:鹽漬品(烏魚子,7兩); 前處理描述:混合均勻打碎","烏魚卵,烏魚子",0.0,431.2275,431.2275,24.84,38.917,28.6567,5.1443,4.4123,0.0,0.0,866.92,0.0473,0.25,278.78,8.72,21.52,2.34,7.74
R7500901,加工調理食品及其他類,醃漬鮭魚卵,"樣品狀態:醃漬品(鮭魚卵,糖,鹽,醬油,味精等); 前處理描述:混合均勻打碎",,0.0,218.2031,218.2031,55.73,24.938,10.1747,2.0888,6.7197,0.0,3.061,686.5,0.0937,0.2125,160.26,46.99,54.77,1.85,2.08
R7501001,加工調理食品及其他類,香魚片,前處理描述:混合均勻打碎,,,307.125,307.125,20.031,36.101,0.7178,0.3107,39.0652,,40.567,1238.8225,,0.058,339.5435,55.362,47.557,1.507,1.179
R7501101,加工調理食品及其他類,龍蝦卵(調味),"樣品狀態:醃漬品(龍蝦卵,糖,鹽,檸檬酸,味精等); 前處理描述:混合均勻分裝",,,63.8752,63.8752,78.599,6.716,1.806,0.4538,5.1893,,,2868.0777,,0.0513,27.8055,12.6782,25.1552,0.1617,1.5582
R7501201,加工調理食品及其他類,蠑螺(加工),樣品狀態:罐頭食品; 前處理描述:混合均勻打碎,,,105.0,105.0,70.8,14.8,0.2,0.0548,11.0,,,1035.0,,0.063,32.0,64.0,46.0,5.4,0.7
R7501301,加工調理食品及其他類,鹹小卷,樣品狀態:鹽漬品; 前處理描述:混合均勻打碎,"鹹鎖管,鹽漬小卷",,99.7,99.7,64.5,20.1,1.3,0.474,1.9,,,4254.0,,0.016,180.0,120.0,173.0,0.7,2.0
R8100101,加工調理食品及其他類,沖泡濃湯(海鮮),樣品狀態:鋁袋包裝; 前處理描述:混合均勻磨碎,,0.0,354.6995,345.2995,3.4,11.2,6.8599,4.878,62.0401,4.7,11.626,6118.0,,0.092,237.0,77.0,32.0,1.8,0.8
R8100201,加工調理食品及其他類,玉米濃湯調理包,"前處理描述:混合均勻打碎(澱粉,玉米,糖,鹽,蔬菜粉,植物油,酵母粉,紅蘿蔔,馬鈴薯,維生素等)",,,369.2894,363.7642,3.393,4.363,5.903,2.8843,74.6776,2.7626,25.101,4170.662,,0.193,327.178,42.062,33.151,2.624,0.801
R8100301,加工調理食品及其他類,麥片沖泡包(三合一),樣品狀態:沖泡包; 前處理描述:混合均勻打碎,,,408.7,404.5,3.1,11.0,7.5,6.771,74.3,2.1,,313.0,,2.086,773.0,468.0,88.0,11.1,1.8
R8100401,加工調理食品及其他類,三合一麥片(野菜蘑菇),前處理描述:混合均勻打碎,,0.0,399.212,388.0826,3.723,6.804,9.0124,6.8235,72.7211,5.5647,13.378,1050.46,1.1358,0.0,288.89,1688.06,45.03,1.84,1.13
R8100501,加工調理食品及其他類,糙米麩,"樣品狀態:沖泡即食(糙米,白糖等); 前處理描述:混合均勻",,,386.9397,381.2143,5.9755,7.8195,3.3229,0.6405,81.4389,2.8627,0.0,6.9475,,0.7379,332.516,16.838,91.4822,1.9105,2.5785
R8100601,加工調理食品及其他類,麵茶粉,"樣品狀態:沖泡即食(麵粉,芝麻,糖,植物油,DHA,鈣,大豆卵磷脂等); 前處理描述:混合均勻",,,423.0929,417.6485,2.214,7.196,6.9869,2.1882,82.8567,2.7222,27.888,50.566,,0.1897,107.066,15.535,29.1165,0.8225,0.6395
R8100701,加工調理食品及其他類,植物燕麥奶粉(營養強化),樣品狀態:沖泡產品(燕麥、燕麥麩皮、大豆蛋白、鈣、綜合維生素等); 前處理描述:混合均勻,,0.0,436.8382,430.356,2.914,11.95,13.2298,4.5948,67.4925,3.2411,15.528,125.28,2.1093,0.23,339.36,1142.07,74.61,5.34,3.34
R8100801,加工調理食品及其他類,杏仁茶沖泡包,"樣品狀態:沖泡包(杏仁,核桃,穀類粉等); 前處理描述:混合均勻打碎",綜合堅果穀粉,,399.27,397.91,5.88,3.53,5.15,1.1904,84.7,0.68,,92.92,,0.0,64.19,82.87,13.13,0.83,0.49
R8100901,加工調理食品及其他類,芝麻糊沖泡包,"樣品狀態:沖泡包(黑芝麻粉,麥粉,糯米粉等); 前處理描述:混合均勻打碎",,,458.34,450.02,2.35,9.31,15.38,2.4329,70.67,4.16,,78.31,,0.3759,210.75,508.86,116.89,8.71,1.99
R8101001,加工調理食品及其他類,綜合堅果穀物沖泡包,"樣品狀態:沖泡包(多種堅果及穀物,糖,營養添加劑等); 前處理描述:混合均勻打碎",,,453.0991,436.3181,3.473,13.29,15.3563,5.4857,65.4331,8.3905,24.056,41.655,4.826,0.65,723.98,351.067,117.462,7.47,2.221
R8200101,加工調理食品及其他類,寒天脆藻,"前處理描述:混合均勻打碎(寒天,水,昆布萃取物等)",水晶脆藻,,10.6166,8.337,96.564,0.042,0.0486,0.0144,2.5028,1.1398,0.0,12.038,,0.0,1.982,34.768,0.434,0.23,0.018
R9900101,加工調理食品及其他類,生啤酒,前處理描述:混合均勻,,,49.5288,49.5288,91.2,0.389,0.0,,8.2432,,,2.3,,0.0686,43.41,0.69,10.22,0.0,0.0
R9900102,加工調理食品及其他類,啤酒,"前處理描述:混合均勻(大麥芽,蓬萊米,啤酒花等)",,,49.0056,49.0056,91.0,,0.0,,8.8764,,,2.55,,0.072,31.44,0.0,8.066,0.08,0.0
R9900201,加工調理食品及其他類,陳年紹興酒,"前處理描述:混合均勻(糯米,蓬萊米,小麥等)",,,133.0776,133.0776,78.956,1.84,0.0,,19.0544,,,2.55,,0.0499,27.04,0.57,16.013,0.22,0.44
R9900301,加工調理食品及其他類,白葡萄酒,"前處理描述:混合均勻(葡萄,糖等)",,,90.3096,90.3096,85.44,0.143,0.0,,14.1844,,,3.28,,0.0,115.83,5.8,5.78,0.59,0.078
R9900302,加工調理食品及其他類,紅葡萄酒,"前處理描述:混合均勻(紅葡萄,糖等)",,,92.5664,92.5664,84.86,0.103,0.0,,14.7886,,,2.6,,0.0354,122.4,6.14,5.05,0.54,0.076
R9901101,加工調理食品及其他類,雞精,樣品狀態:瓶裝; 前處理描述:混合均質,,,34.126,34.126,90.92,8.581,0.0,,0.0,,,86.37,,0.0833,183.76,2.28,4.89,0.14,0.078
